Longitude,Latitude,Time,elevation
10.1186423327085,46.7621862930092,2020-01-01T00:00:42Z,1542
10.1186612018845,46.7621646413447,2020-01-01T01:00:13Z,1542
10.1187067497463,46.7621250917802,2020-01-01T02:00:42Z,1542
10.1205365997684,46.7625875909334,2020-01-01T03:00:16Z,1559
10.1209654355606,46.7625041656941,2020-01-01T04:00:36Z,1559
10.1212507443263,46.7620749445325,2020-01-01T05:00:42Z,1589
10.1210344754137,46.7622695123957,2020-01-01T06:00:12Z,1582
10.1225878251842,46.7621144064495,2020-01-01T07:00:42Z,1600
10.1234013127396,46.7617858265432,2020-01-01T08:00:14Z,1640
10.1232752383083,46.7617628747681,2020-01-01T09:00:41Z,1640
10.1231763400175,46.7617612397382,2020-01-01T10:00:13Z,1640
10.1244765727802,46.7617128652938,2020-01-01T11:00:41Z,1661
10.1248690394215,46.7615422896468,2020-01-01T12:01:12Z,1671
10.1259267282132,46.7595695183464,2020-01-01T13:00:42Z,1802
10.1259584720672,46.7594789479831,2020-01-01T14:01:02Z,1802
10.1253139164861,46.7595481726468,2020-01-01T15:00:18Z,1799
10.1243054386453,46.7592876320271,2020-01-01T16:00:42Z,1802
10.1235946333516,46.7591273796649,2020-01-01T17:00:42Z,1780
10.1237239156032,46.7589871736202,2020-01-01T18:00:12Z,1780
10.1235983149138,46.7590696276049,2020-01-01T19:00:42Z,1780
10.1236369608167,46.7591031376606,2020-01-01T20:00:11Z,1780
10.1235937147106,46.7591183369032,2020-01-01T21:00:40Z,1780
10.1237547361962,46.7589630003993,2020-01-01T22:00:42Z,1780
10.122989676226,46.7589435433968,2020-01-01T23:00:25Z,1758
10.1225470552075,46.758826465194,2020-01-02T00:00:42Z,1777
10.1226335336607,46.7590871364972,2020-01-02T01:00:37Z,1739
10.1225723401917,46.7591453505624,2020-01-02T02:00:42Z,1739
10.12235840932,46.7589875224143,2020-01-02T03:00:16Z,1739
10.1226114519448,46.7591795462394,2020-01-02T04:00:38Z,1739
10.122300432016,46.7592090884191,2020-01-02T05:00:14Z,1739
10.1222613192482,46.7592118575998,2020-01-02T06:00:42Z,1739
10.1243919264136,46.7599887453981,2020-01-02T07:00:42Z,1768
10.1242608060486,46.7599553309071,2020-01-02T08:00:13Z,1768
10.1242396394409,46.7599658891133,2020-01-02T09:00:42Z,1768
10.1242700046313,46.7600688952782,2020-01-02T10:00:42Z,1732
10.1242359583844,46.7600606059298,2020-01-02T11:00:12Z,1732
10.1242617229714,46.7600891062411,2020-01-02T12:01:30Z,1732
10.1245092472057,46.760074357304,2020-01-02T13:00:16Z,1732
10.1248280831584,46.7601979291997,2020-01-02T14:01:08Z,1747
10.123741811921,46.7608353110517,2020-01-02T15:00:42Z,1687
10.1227070290469,46.7614557656296,2020-01-02T16:00:16Z,1628
10.1209070029929,46.762489421528,2020-01-02T17:00:41Z,1559
10.1209557911562,46.7623036599304,2020-01-02T18:00:42Z,1582
10.1207473587973,46.7625127697444,2020-01-02T19:00:14Z,1559
10.1208163746611,46.7624398254083,2020-01-02T20:00:42Z,1559
10.1208375418577,46.7623445355501,2020-01-02T21:00:41Z,1582
10.1208982738576,46.7623349264715,2020-01-02T22:00:44Z,1582
10.1209258704927,46.762473930059,2020-01-02T23:00:42Z,1559
10.1209571516855,46.7625120560551,2020-01-03T00:00:13Z,1559
10.1208853905593,46.7623422383868,2020-01-03T01:00:42Z,1582
10.1208720621292,46.7623719830709,2020-01-03T02:00:18Z,1582
10.1208481254476,46.7623615768469,2020-01-03T03:00:42Z,1582
10.1207698855558,46.762336327784,2020-01-03T04:00:17Z,1582
10.1209323243049,46.7623000911282,2020-01-03T05:00:19Z,1582
10.1208021065195,46.7624004499156,2020-01-03T06:00:41Z,1559
10.1204054661728,46.7625495296415,2020-01-03T07:00:14Z,1547
10.1214770431644,46.763017941895,2020-01-03T08:00:42Z,1548
10.1232002405931,46.7618563218394,2020-01-03T09:00:43Z,1606
10.1234280051289,46.7615014925178,2020-01-03T10:00:42Z,1640
10.123294112581,46.7616164819198,2020-01-03T11:00:42Z,1640
10.1255154218002,46.7595769391218,2020-01-03T12:01:12Z,1799
10.1253111492323,46.7592238158586,2020-01-03T13:00:42Z,1837
10.1250990559153,46.7591133727592,2020-01-03T14:00:43Z,1824
10.1256686254316,46.7595472303683,2020-01-03T15:01:01Z,1799
10.1268542385726,46.759740689068,2020-01-03T16:00:22Z,1801
10.1276588761158,46.7594685962281,2020-01-03T17:00:41Z,1791
10.1276630062781,46.7592513514175,2020-01-03T18:00:42Z,1823
10.1276363185543,46.7591830055757,2020-01-03T19:00:10Z,1823
10.1274536914952,46.7591695529455,2020-01-03T20:00:42Z,1833
10.1263601336665,46.7599825404263,2020-01-03T21:00:36Z,1802
10.1254473476011,46.7600023165487,2020-01-03T22:00:40Z,1799
10.124860290693,46.7605053634087,2020-01-03T23:01:32Z,1747
10.124958748894,46.7604709297197,2020-01-04T00:00:42Z,1747
10.1248566101781,46.7604953485327,2020-01-04T01:00:42Z,1747
10.1248989378968,46.760495747642,2020-01-04T02:00:42Z,1747
10.1248851350279,46.7604632121248,2020-01-04T03:00:42Z,1747
10.124932984114,46.7605101971641,2020-01-04T04:00:14Z,1747
10.1249490875526,46.7606046280463,2020-01-04T05:00:14Z,1747
10.1255191511037,46.7613256138335,2020-01-04T06:00:43Z,1682
10.1261296918652,46.7612480930422,2020-01-04T07:00:42Z,1691
10.1263726041871,46.7610710590537,2020-01-04T08:00:16Z,1725
10.1264604802685,46.7608655678224,2020-01-04T09:00:42Z,1729
10.1269178125316,46.7610287370885,2020-01-04T10:00:15Z,1729
10.1274054956764,46.7609114270929,2020-01-04T11:00:43Z,1733
10.1268215581931,46.7595804351039,2020-01-04T12:01:09Z,1801
10.1268634277526,46.7595986324763,2020-01-04T13:00:07Z,1801
10.1277593175135,46.7609475948019,2020-01-04T14:00:42Z,1734
10.1249509341173,46.7614897782934,2020-01-04T15:00:14Z,1671
10.1204097605398,46.7611417864555,2020-01-04T16:00:38Z,1620
10.117916744745,46.7594056353974,2020-01-04T17:00:42Z,1651
10.117738165079,46.7596508186475,2020-01-04T18:00:17Z,1624
10.1179295396898,46.7594075115578,2020-01-04T19:00:42Z,1651
10.117775424815,46.7595883513558,2020-01-04T20:00:42Z,1624
10.1178808293009,46.7594608617609,2020-01-04T21:01:00Z,1624
10.119762527217,46.7599764200333,2020-01-04T22:01:17Z,1656
10.1187549812813,46.7594892413681,2020-01-04T23:00:42Z,1647
10.1182005949812,46.759450282713,2020-01-05T00:00:50Z,1638
10.1180133421524,46.7594347255632,2020-01-05T01:00:42Z,1624
10.1189904427676,46.76037024857,2020-01-05T02:01:06Z,1623
10.1190097853517,46.7604971377723,2020-01-05T03:00:15Z,1623
10.1189453715741,46.7600901208413,2020-01-05T04:00:42Z,1623
10.1188979264985,46.7605397177481,2020-01-05T05:00:16Z,1623
10.1192131360157,46.7603483743397,2020-01-05T06:00:08Z,1623
10.1191294520177,46.7598299108065,2020-01-05T07:01:01Z,1647
10.1208727047037,46.760291997082,2020-01-05T08:00:42Z,1650
10.1216603360872,46.7606741505374,2020-01-05T09:00:42Z,1634
10.1213981022621,46.760639631434,2020-01-05T10:00:15Z,1634
10.1215609777804,46.7606918543811,2020-01-05T11:00:42Z,1634
10.122197278116,46.7607429497569,2020-01-05T12:01:08Z,1646
10.1226559758822,46.7609728332918,2020-01-05T13:00:17Z,1659
10.1250038448019,46.7614394509519,2020-01-05T14:01:12Z,1671
10.1249467959952,46.7618256067871,2020-01-05T15:00:59Z,1633
10.1250286987462,46.7622474147018,2020-01-05T16:00:42Z,1633
10.1266058907573,46.7612725603713,2020-01-05T17:00:42Z,1697
10.1273190490669,46.7615378183881,2020-01-05T18:00:21Z,1702
10.1273195196032,46.7617186814004,2020-01-05T19:00:42Z,1702
10.127325498981,46.7617166626559,2020-01-05T20:00:16Z,1702
10.1274239577688,46.7616760660369,2020-01-05T21:00:36Z,1702
10.1273222740188,46.7617134882581,2020-01-05T22:00:14Z,1702
10.1274460628494,46.7619609840565,2020-01-05T23:01:03Z,1669
10.1267775384221,46.7620983769956,2020-01-06T00:00:25Z,1665
10.1270936429552,46.7622764252581,2020-01-06T01:00:42Z,1669
10.1271539247544,46.7623831856959,2020-01-06T02:00:42Z,1627
10.1271930269823,46.7623126410335,2020-01-06T03:00:15Z,1669
10.1273913245769,46.7622165294855,2020-01-06T04:00:16Z,1669
10.1271433429821,46.762310700599,2020-01-06T05:00:43Z,1669
10.1271433429821,46.7623168611202,2020-01-06T06:00:19Z,1669
10.1269791051825,46.7626076085719,2020-01-06T07:00:24Z,1627
10.1273232495741,46.7624047849556,2020-01-06T08:00:42Z,1627
10.1272519150702,46.7622233301201,2020-01-06T09:00:42Z,1669
10.1282397584258,46.7622409812261,2020-01-06T10:00:07Z,1666
10.1282811589046,46.7620659966167,2020-01-06T11:00:42Z,1666
10.1282622974157,46.7620630072333,2020-01-06T12:00:42Z,1666
10.1279264424152,46.7623811520136,2020-01-06T13:00:09Z,1627
10.1257349679375,46.7625549415243,2020-01-06T14:00:42Z,1606
10.1257096593599,46.7623977481155,2020-01-06T15:00:08Z,1606
10.123664450995,46.7630938210005,2020-01-06T16:01:06Z,1551
10.1240661291917,46.7637021807883,2020-01-06T17:00:46Z,1527
10.1240072316704,46.7635943568164,2020-01-06T18:00:42Z,1528
10.1240445013217,46.7637043896297,2020-01-06T19:00:12Z,1527
10.1240532456305,46.7635616410867,2020-01-06T20:00:42Z,1527
10.1240978783623,46.7636300921022,2020-01-06T21:00:42Z,1527
10.1240495640355,46.7636440369693,2020-01-06T22:00:42Z,1527
10.1240836137501,46.7636215215523,2020-01-06T23:00:51Z,1527
10.1240799321822,46.7635930283383,2020-01-07T00:00:42Z,1527
10.124067510274,46.7636133352114,2020-01-07T01:00:12Z,1527
10.1242322345024,46.763615881466,2020-01-07T02:00:42Z,1527
10.1244135241661,46.7635656823006,2020-01-07T03:00:30Z,1527
10.1238126019134,46.7635141220347,2020-01-07T04:00:42Z,1551
10.1237960422422,46.7633250674091,2020-01-07T05:00:12Z,1551
10.1242294755858,46.7634285625926,2020-01-07T06:00:42Z,1553
10.1228689416042,46.7625893224109,2020-01-07T07:00:12Z,1573
10.1233175693556,46.761855682331,2020-01-07T08:00:42Z,1606
10.1248543191975,46.7625033144577,2020-01-07T09:00:42Z,1592
10.1247346901851,46.7623419600578,2020-01-07T10:00:17Z,1633
10.1247360708523,46.7624333038808,2020-01-07T11:00:42Z,1592
10.1247172063608,46.7625658462153,2020-01-07T12:00:42Z,1592
10.1248626010898,46.7624091762004,2020-01-07T13:00:16Z,1592
10.124798645487,46.762273918786,2020-01-07T14:00:42Z,1633
10.1246100007245,46.7625012317755,2020-01-07T15:00:15Z,1580
10.124170126974,46.7629211742556,2020-01-07T16:01:27Z,1580
10.1243509480259,46.7633908610312,2020-01-07T17:00:42Z,1553
10.1245317768172,46.763617211115,2020-01-07T18:00:39Z,1527
10.1245423597704,46.7637574612239,2020-01-07T19:00:18Z,1527
10.1242966498642,46.7638765657448,2020-01-07T20:00:42Z,1527
10.1244199651312,46.7638554205085,2020-01-07T21:00:42Z,1527
10.1243509459423,46.7638544398263,2020-01-07T22:00:15Z,1527
10.1245138325547,46.7637387788968,2020-01-07T23:00:56Z,1527
10.1245483415068,46.7635952685096,2020-01-08T00:00:42Z,1527
10.1243928190167,46.763612361821,2020-01-08T01:00:15Z,1527
10.1244641384548,46.7635766687984,2020-01-08T02:00:45Z,1527
10.1245050896745,46.7637336757078,2020-01-08T03:00:19Z,1527
10.1244392912953,46.7636188234401,2020-01-08T04:00:42Z,1527
10.1244052417501,46.7636166969526,2020-01-08T05:00:14Z,1527
10.1243734927364,46.7636518229263,2020-01-08T06:00:42Z,1527
10.1243845366073,46.7635771293331,2020-01-08T07:00:13Z,1527
10.1231776929319,46.7619788512982,2020-01-08T08:00:41Z,1606
10.1230971766365,46.7619517826522,2020-01-08T09:00:42Z,1606
10.1230797036467,46.7616982422619,2020-01-08T10:00:15Z,1640
10.1231514826677,46.7615338541498,2020-01-08T11:00:42Z,1640
10.123182312668,46.7615389686018,2020-01-08T12:00:42Z,1640
10.1232030141826,46.7615415692561,2020-01-08T13:00:16Z,1640
10.1232126787093,46.7615495646848,2020-01-08T14:00:36Z,1640
10.1238315058832,46.762175688955,2020-01-08T15:00:42Z,1613
10.1246426677286,46.763121992563,2020-01-08T16:00:50Z,1560
10.1244425147913,46.7631630430008,2020-01-08T17:01:00Z,1553
10.1242511027424,46.763377070501,2020-01-08T18:00:42Z,1553
10.1241866853893,46.7632596184993,2020-01-08T19:00:42Z,1553
10.1240514068487,46.763586667431,2020-01-08T20:00:17Z,1527
10.1240725729179,46.7634544147182,2020-01-08T21:01:06Z,1553
10.1244701215495,46.763474540689,2020-01-08T22:01:06Z,1553
10.1242133719435,46.7633710924043,2020-01-08T23:00:19Z,1553
10.124201869373,46.7633758061754,2020-01-09T00:00:42Z,1553
10.1240776316812,46.7637713931735,2020-01-09T01:00:14Z,1527
10.1245851518743,46.7635121110695,2020-01-09T02:01:06Z,1553
10.1244264093245,46.7633781749914,2020-01-09T03:00:42Z,1553
10.1238006657102,46.7635043004523,2020-01-09T04:00:30Z,1551
10.1242294755858,46.7634162415489,2020-01-09T05:00:11Z,1553
10.1243205821631,46.7633294413377,2020-01-09T06:00:12Z,1553
10.1245626069753,46.7630647958528,2020-01-09T07:00:57Z,1553
10.129694510814,46.7611869163417,2020-01-09T08:00:42Z,1684
10.1296706001729,46.7612319542976,2020-01-09T09:00:42Z,1656
10.1298261173513,46.7613750277094,2020-01-09T10:00:42Z,1656
10.1297350126184,46.7613678873769,2020-01-09T11:00:42Z,1656
10.1298440500277,46.761227277527,2020-01-09T12:00:42Z,1656
10.1298913894491,46.7611658001005,2020-01-09T13:00:12Z,1684
10.1281850009969,46.7620575988209,2020-01-09T14:00:41Z,1666
10.1258260708537,46.762358788333,2020-01-09T15:00:12Z,1658
10.124012311592,46.762690021162,2020-01-09T16:00:42Z,1575
10.1243790156302,46.7635736624722,2020-01-09T17:00:59Z,1527
10.1242175146456,46.7633756180668,2020-01-09T18:00:42Z,1553
10.1242892920422,46.7635392748744,2020-01-09T19:00:11Z,1553
10.1244696609107,46.7634677061922,2020-01-09T20:00:42Z,1553
10.1241618379793,46.7634373044001,2020-01-09T21:00:42Z,1553
10.1244600007043,46.7633395859801,2020-01-09T22:00:15Z,1553
10.1181793815912,46.7692673852092,2020-01-09T23:00:42Z,1401
10.1183367822758,46.7692914807774,2020-01-10T00:00:12Z,1401
10.1176676524818,46.7694712750742,2020-01-10T01:00:42Z,1423
10.1153380329026,46.7706261743475,2020-01-10T02:00:42Z,1464
10.11889607632,46.767339630972,2020-01-10T03:00:16Z,1393
10.1244402112276,46.7637818844971,2020-01-10T04:00:41Z,1527
10.1244116843806,46.7636399926013,2020-01-10T05:00:12Z,1527
10.1244466537491,46.7635895627677,2020-01-10T06:00:42Z,1527
10.1245285561598,46.7635524285346,2020-01-10T07:00:11Z,1553
10.127462714402,46.7629015893448,2020-01-10T08:00:42Z,1627
10.1275142468514,46.7628723390431,2020-01-10T09:00:11Z,1627
10.127414860281,46.7629162098032,2020-01-10T10:00:42Z,1627
10.127414860281,46.7630332591721,2020-01-10T11:00:43Z,1584
10.1274360241,46.7628702037801,2020-01-10T12:00:42Z,1627
10.1273973747994,46.7627750915236,2020-01-10T13:00:42Z,1627
10.1274806528731,46.7628955305921,2020-01-10T14:00:42Z,1627
10.1274144071703,46.7632605214283,2020-01-10T15:00:18Z,1584
10.1245382190301,46.7634372100773,2020-01-10T16:00:48Z,1553
10.1245952744522,46.7635654406796,2020-01-10T17:01:13Z,1527
10.124580550664,46.7635977792503,2020-01-10T18:00:42Z,1527
10.1247241094203,46.7634907778043,2020-01-10T19:00:10Z,1560
10.1244917455449,46.7638388822243,2020-01-10T20:00:42Z,1527
10.1245906732269,46.7635525408944,2020-01-10T21:01:00Z,1553
10.1242764085438,46.7636697965907,2020-01-10T22:00:38Z,1527
10.1241931286802,46.7633814835189,2020-01-10T23:00:42Z,1553
10.1241926673351,46.7633438462045,2020-01-11T00:00:11Z,1553
10.1242446596212,46.7633476133372,2020-01-11T01:00:42Z,1553
10.1242943542042,46.7633865150825,2020-01-11T02:00:42Z,1553
10.1242216543951,46.763357040951,2020-01-11T03:00:42Z,1553
10.124217972979,46.7633593500471,2020-01-11T04:00:10Z,1553
10.1242331569952,46.7633400060832,2020-01-11T05:00:10Z,1553
10.1242253358042,46.763373213409,2020-01-11T06:00:41Z,1553
10.124695121635,46.7632434839078,2020-01-11T07:00:10Z,1560
10.127989523189,46.762652119202,2020-01-11T08:00:42Z,1627
10.1281123741762,46.7627350253399,2020-01-11T09:00:45Z,1627
10.1281008675167,46.7626350114425,2020-01-11T10:00:24Z,1627
10.1281257084697,46.7626051783686,2020-01-11T11:01:06Z,1627
10.1280180638128,46.7627816861077,2020-01-11T12:01:06Z,1627
10.127989523189,46.762627477075,2020-01-11T13:00:54Z,1627
10.1283502468776,46.7625828964559,2020-01-11T14:00:42Z,1622
10.1284519347074,46.762767253027,2020-01-11T15:00:13Z,1622
10.1242616883494,46.7633063248621,2020-01-11T16:00:43Z,1553
10.1245152141279,46.7631370723782,2020-01-11T17:00:42Z,1553
10.1249270197707,46.7629978982209,2020-01-11T18:00:28Z,1560
10.1246564714588,46.7630667458776,2020-01-11T19:00:42Z,1560
10.1246647536107,46.7629664469295,2020-01-11T20:00:42Z,1560
10.1245911346047,46.7629587275528,2020-01-11T21:00:42Z,1580
10.1245101524529,46.7631789427911,2020-01-11T22:00:42Z,1553
10.1245032507313,46.7632027170474,2020-01-11T23:00:30Z,1553
10.1244692015849,46.7631821087014,2020-01-12T00:00:42Z,1553
10.1244765639083,46.7631405275858,2020-01-12T01:00:42Z,1553
10.1245630666671,46.7631470954119,2020-01-12T02:00:16Z,1553
10.1239395892455,46.7638695412116,2020-01-12T03:00:42Z,1528
10.1238484845021,46.7638562330905,2020-01-12T04:00:46Z,1528
10.1241135239662,46.7634204463883,2020-01-12T05:00:14Z,1553
10.124217972979,46.7634147947543,2020-01-12T06:00:42Z,1553
10.1244673616633,46.763164012555,2020-01-12T07:00:16Z,1553
10.1267829537903,46.7600812923597,2020-01-12T08:00:36Z,1762
10.1269756711398,46.7593426302217,2020-01-12T09:00:42Z,1833
10.1264328015489,46.7594791675055,2020-01-12T10:00:15Z,1801
10.1261135207531,46.7598739292141,2020-01-12T11:00:42Z,1802
10.1262193231367,46.7595992640722,2020-01-12T12:00:19Z,1802
10.126246475401,46.759515792242,2020-01-12T13:00:42Z,1802
10.1263798958165,46.7595664577399,2020-01-12T14:00:16Z,1802
10.1265671445752,46.7596312860558,2020-01-12T15:00:36Z,1801
10.1238255239293,46.7619128036653,2020-01-12T16:03:00Z,1613
10.1243201211432,46.7632301983745,2020-01-12T17:00:16Z,1553
10.1242823904391,46.7632858255651,2020-01-12T18:00:36Z,1553
10.1242920536725,46.7632814968276,2020-01-12T19:00:42Z,1553
10.1241954260884,46.7634141148776,2020-01-12T20:00:28Z,1553
10.1244466552108,46.7633662445136,2020-01-12T21:00:42Z,1553
10.124321960665,46.7635378395833,2020-01-12T22:00:42Z,1553
10.1245497228203,46.7632707832694,2020-01-12T23:00:41Z,1553
10.1244779444982,46.76310712669,2020-01-13T00:00:35Z,1553
10.1245874535751,46.7629918390523,2020-01-13T01:00:17Z,1553
10.1246573916777,46.7631004359465,2020-01-13T02:00:42Z,1560
10.124540060876,46.7630825970928,2020-01-13T03:00:42Z,1553
10.1247098454051,46.7629755052539,2020-01-13T04:00:18Z,1560
10.1246371463313,46.7630569210507,2020-01-13T05:00:42Z,1560
10.1242377580425,46.7633898690239,2020-01-13T06:00:14Z,1553
10.1256466616106,46.7635559863098,2020-01-13T07:00:41Z,1531
10.1273032581653,46.7595898754592,2020-01-13T08:00:42Z,1797
10.1264525856683,46.7595096844117,2020-01-13T09:00:12Z,1801
10.1262621243492,46.7596341804934,2020-01-13T10:00:42Z,1802
10.1263472298412,46.7596418239814,2020-01-13T11:00:42Z,1802
10.1255402642456,46.7589741635194,2020-01-13T12:00:16Z,1837
10.1251400048042,46.7594382356283,2020-01-13T13:00:42Z,1788
10.1251685278344,46.7593999410508,2020-01-13T14:00:12Z,1824
10.1257408582934,46.7595945049257,2020-01-13T15:00:42Z,1799
10.123157958526,46.7606777711115,2020-01-13T16:00:52Z,1673
10.1245133740822,46.7630573709913,2020-01-13T17:00:46Z,1553
10.1245695100325,46.7626498348152,2020-01-13T18:00:39Z,1580
10.1246560115027,46.7627180078138,2020-01-13T19:00:37Z,1592
10.1238917617117,46.7626443626867,2020-01-13T20:00:42Z,1575
10.1238991249917,46.7626582274883,2020-01-13T21:00:42Z,1575
10.124249735587,46.762250770694,2020-01-13T22:00:42Z,1622
10.1244172153394,46.7622481199025,2020-01-13T23:00:41Z,1622
10.1244862315839,46.7622737424575,2020-01-14T00:00:42Z,1622
10.1245741123987,46.7622469096741,2020-01-14T01:00:42Z,1622
10.1245340827836,46.7623207282933,2020-01-14T02:00:13Z,1622
10.1246007985981,46.7623522222001,2020-01-14T03:00:42Z,1622
10.1245101556006,46.7626014029252,2020-01-14T04:00:42Z,1580
10.1230382586625,46.762401469553,2020-01-14T05:00:11Z,1573
10.1244006494035,46.7625118565155,2020-01-14T06:00:42Z,1580
10.1203507468024,46.7622475562282,2020-01-14T07:00:19Z,1574
10.1213584955243,46.7610744962947,2020-01-14T08:00:41Z,1634
10.1211960641354,46.7612031385458,2020-01-14T09:00:12Z,1609
10.1213304300786,46.761138116887,2020-01-14T10:00:41Z,1634
10.1213594111172,46.7610897024027,2020-01-14T12:00:42Z,1634
10.1213557272191,46.7612029017516,2020-01-14T13:00:42Z,1609
10.1212991494052,46.7610876715488,2020-01-14T14:00:42Z,1634
10.1213856453485,46.7610757585171,2020-01-14T15:00:12Z,1634
10.1234496177188,46.7617118075433,2020-01-14T16:01:00Z,1651
10.1244139983428,46.7618044825383,2020-01-14T17:00:42Z,1622
10.1244738117164,46.7617919855446,2020-01-14T18:00:16Z,1622
10.1227010591425,46.7611790285093,2020-01-14T19:00:44Z,1659
10.1219193390144,46.7613107709773,2020-01-14T20:00:42Z,1618
10.1242906827594,46.7624955603839,2020-01-14T21:00:42Z,1580
10.1247342306434,46.762527633141,2020-01-14T22:00:42Z,1592
10.1250052355373,46.7624918016651,2020-01-14T23:00:42Z,1592
10.1249840706182,46.7625193256543,2020-01-15T00:00:42Z,1592
10.1248096877143,46.7622053888038,2020-01-15T01:00:54Z,1633
10.1247572353289,46.7622379123587,2020-01-15T02:00:12Z,1633
10.124952321374,46.7623434593288,2020-01-15T03:00:42Z,1633
10.1249030898904,46.7623606765435,2020-01-15T04:00:17Z,1633
10.1249325365577,46.7622451748874,2020-01-15T05:00:18Z,1633
10.1247116846982,46.762141931234,2020-01-15T06:01:12Z,1633
10.126863144111,46.7624008248276,2020-01-15T07:00:12Z,1624
10.1285576239155,46.7615623626801,2020-01-15T08:00:12Z,1700
10.1285323341825,46.7616161579745,2020-01-15T09:00:42Z,1700
10.1284214441321,46.7616832285703,2020-01-15T10:00:12Z,1700
10.128481729354,46.7616852575972,2020-01-15T11:00:46Z,1700
10.1283634845972,46.7616275715213,2020-01-15T12:00:11Z,1700
10.1284435320183,46.7615538600827,2020-01-15T13:00:42Z,1700
10.1284587159244,46.7616700476393,2020-01-15T14:00:13Z,1700
10.1288263047731,46.7616556077495,2020-01-15T15:00:25Z,1683
10.1266008588475,46.7618472930763,2020-01-15T16:01:12Z,1665
10.1272035593645,46.761413332618,2020-01-15T17:00:43Z,1702
10.1250383484839,46.7610710964214,2020-01-15T18:00:42Z,1709
10.1240809015099,46.7606928518538,2020-01-15T19:00:13Z,1698
10.1244061788833,46.7615281359137,2020-01-15T20:01:30Z,1661
10.1242782735057,46.7612514623027,2020-01-15T21:00:42Z,1661
10.1242221419504,46.7612554911459,2020-01-15T22:00:42Z,1661
10.1241246004915,46.7613359339107,2020-01-15T23:00:42Z,1661
10.1245161422373,46.7614273800944,2020-01-16T00:00:09Z,1661
10.1247733365971,46.7614267827273,2020-01-16T01:00:46Z,1671
10.1251667183501,46.7614300610918,2020-01-16T02:00:42Z,1671
10.1244710545493,46.7611765367042,2020-01-16T03:00:10Z,1698
10.1245478891052,46.7615031462462,2020-01-16T04:00:42Z,1661
10.1245124613029,46.7615528997097,2020-01-16T05:00:14Z,1661
10.1247383692522,46.761397127563,2020-01-16T06:00:42Z,1671
10.1263344127599,46.7608842165729,2020-01-16T07:00:12Z,1725
10.1263177870486,46.7595663446462,2020-01-16T08:00:42Z,1802
10.1261314604277,46.7595475230981,2020-01-16T09:00:11Z,1802
10.1260509461228,46.7597114401087,2020-01-16T10:00:56Z,1802
10.1261848227858,46.7592884173178,2020-01-16T11:00:41Z,1841
10.126143420168,46.7595619708011,2020-01-16T12:00:10Z,1802
10.1261678055138,46.7598271694203,2020-01-16T13:00:42Z,1802
10.1260790106138,46.7595677297959,2020-01-16T14:00:14Z,1802
10.1260757878551,46.759558398108,2020-01-16T15:00:42Z,1802
10.1264770065087,46.7602907681826,2020-01-16T16:00:42Z,1762
10.1241646262568,46.7615470310551,2020-01-16T17:00:44Z,1661
10.1245405272949,46.761544724671,2020-01-16T18:00:42Z,1661
10.1244811761746,46.7612483438172,2020-01-16T19:00:35Z,1661
10.1244429888674,46.7611415874365,2020-01-16T20:01:12Z,1698
10.1236235616374,46.7610748541948,2020-01-16T21:01:01Z,1687
10.1184440475484,46.7619481845488,2020-01-16T22:01:38Z,1542
10.107901367094,46.7642491172365,2020-01-16T23:00:42Z,1407
10.1146480297816,46.768534083165,2020-01-17T00:00:14Z,1391
10.1150523720928,46.7698534164063,2020-01-17T01:00:25Z,1422
10.1152464409879,46.7707600322413,2020-01-17T02:00:41Z,1464
10.1155962902799,46.7700232062778,2020-01-17T03:00:11Z,1425
10.121262043862,46.7644189206955,2020-01-17T04:00:12Z,1491
10.1211700708055,46.7638020671138,2020-01-17T05:00:42Z,1523
10.1211838699813,46.7638038041539,2020-01-17T06:00:12Z,1523
10.122458091228,46.7617888320475,2020-01-17T07:00:42Z,1600
10.1239350265674,46.7619469039638,2020-01-17T08:00:15Z,1613
10.123310659872,46.7620411632312,2020-01-17T09:00:16Z,1606
10.1232480996204,46.7618894573412,2020-01-17T10:01:12Z,1606
10.1233686377802,46.7617826309921,2020-01-17T11:00:49Z,1640
10.1236143401054,46.7617744288791,2020-01-17T12:00:07Z,1651
10.1243063345489,46.761751512027,2020-01-17T13:00:47Z,1661
10.1241476007407,46.7616422204694,2020-01-17T14:01:03Z,1661
10.1240532817879,46.7615025281575,2020-01-17T15:00:42Z,1661
10.124057882506,46.761620157674,2020-01-17T16:00:42Z,1661
10.1245115413282,46.7615315326246,2020-01-17T17:00:25Z,1661
10.1245230436087,46.7615637802836,2020-01-17T18:00:42Z,1661
10.1240836481319,46.7616055331976,2020-01-17T19:00:08Z,1661
10.1239810429802,46.7616107922703,2020-01-17T20:00:42Z,1651
10.1240118712248,46.7615666213774,2020-01-17T21:00:09Z,1651
10.1240413183022,46.7615928137508,2020-01-17T22:00:42Z,1661
10.1244015780253,46.7614782732385,2020-01-17T23:00:42Z,1661
10.1246132229151,46.7615865214153,2020-01-18T00:00:42Z,1661
10.1245327059053,46.7615532937598,2020-01-18T01:00:31Z,1661
10.1245598510799,46.7616792941994,2020-01-18T02:00:35Z,1661
10.1245534092925,46.7617915249707,2020-01-18T03:00:15Z,1622
10.1244655297869,46.761806036389,2020-01-18T04:00:42Z,1622
10.1245133802519,46.761797576701,2020-01-18T05:00:15Z,1622
10.1244135375818,46.7618530890374,2020-01-18T06:00:42Z,1622
10.1246481903659,46.7615976949722,2020-01-18T07:00:20Z,1671
10.1258103632387,46.7604785682904,2020-01-18T08:00:43Z,1761
10.1259156819418,46.7596550091275,2020-01-18T09:00:42Z,1802
10.1260164363159,46.7594791686666,2020-01-18T10:00:15Z,1802
10.1260463448018,46.759384347143,2020-01-18T11:00:42Z,1841
10.1232257212529,46.7575982791974,2020-01-18T12:00:42Z,1879
10.1231691318184,46.7577494798108,2020-01-18T13:00:42Z,1841
10.1231102523656,46.7573197705541,2020-01-18T14:00:42Z,1879
10.1231019707321,46.7574570374099,2020-01-18T15:00:42Z,1879
10.125001984186,46.7592822598939,2020-01-18T16:00:16Z,1824
10.1263398718579,46.7595848286893,2020-01-18T17:00:36Z,1802
10.1246721154862,46.7607472027146,2020-01-18T18:00:15Z,1709
10.1245593936104,46.7608346685497,2020-01-18T19:00:42Z,1698
10.1246477302061,46.7616832645294,2020-01-18T20:00:46Z,1671
10.1245400668603,46.7616610972289,2020-01-18T21:00:19Z,1661
10.1244641505879,46.7616161261213,2020-01-18T22:00:42Z,1661
10.1244968175384,46.7616146896092,2020-01-18T23:00:42Z,1661
10.1245083198455,46.761646937385,2020-01-19T00:00:11Z,1661
10.1244761134507,46.7615628042964,2020-01-19T01:00:42Z,1661
10.1244535682449,46.7616668514939,2020-01-19T02:00:46Z,1661
10.1245823961348,46.7616368528563,2020-01-19T03:00:21Z,1661
10.1245271840606,46.7616191247386,2020-01-19T04:00:42Z,1661
10.1244830148039,46.7616006347158,2020-01-19T05:00:11Z,1661
10.1244572492422,46.7615967774812,2020-01-19T06:00:42Z,1661
10.1258218666312,46.7605169755691,2020-01-19T07:00:11Z,1761
10.1259810132941,46.7595412410209,2020-01-19T08:00:37Z,1802
10.1261411194863,46.7595370396245,2020-01-19T09:00:42Z,1802
10.1261204133976,46.7595221222055,2020-01-19T10:00:12Z,1802
10.1260817677523,46.7593284353234,2020-01-19T11:00:42Z,1841
10.1261986269197,46.7595612186201,2020-01-19T12:00:42Z,1802
10.126085912623,46.7595193096792,2020-01-19T13:00:54Z,1802
10.1261222577047,46.7595833333581,2020-01-19T14:00:42Z,1802
10.1261015516385,46.7595745765227,2020-01-19T15:00:11Z,1802
10.1267318935752,46.7602914024424,2020-01-19T16:00:26Z,1762
10.1248630557373,46.7614858080962,2020-01-19T17:00:42Z,1671
10.1245644520325,46.7616675509353,2020-01-19T18:00:42Z,1661
10.1245814760615,46.7616278068589,2020-01-19T19:00:15Z,1661
10.1245041794471,46.7615977534548,2020-01-19T20:00:42Z,1661
10.1244756528515,46.7616237314842,2020-01-19T21:00:14Z,1661
10.1245110808203,46.7616725473585,2020-01-19T22:01:01Z,1661
10.1244443664598,46.7616102503514,2020-01-19T23:00:39Z,1661
10.1245354659237,46.7616481981266,2020-01-20T00:00:20Z,1661
10.1245055588578,46.7617568605793,2020-01-20T01:00:42Z,1661
10.1243288801191,46.7617460341269,2020-01-20T02:00:42Z,1661
10.1245543293326,46.7618744982115,2020-01-20T03:00:42Z,1622
10.1245110797771,46.7618096088898,2020-01-20T04:00:11Z,1622
10.1244121586563,46.7617001419249,2020-01-20T05:00:42Z,1661
10.1241121756538,46.7614255400318,2020-01-20T06:00:11Z,1661
10.1240601828666,46.7615773223951,2020-01-20T07:00:42Z,1661
10.1273667611049,46.7596566761994,2020-01-20T08:00:11Z,1797
10.1262750063012,46.7596638320797,2020-01-20T09:00:11Z,1802
10.1263251450671,46.7595309300068,2020-01-20T10:00:41Z,1802
10.126343550853,46.7595825230264,2020-01-20T11:00:42Z,1802
10.1257891709294,46.7596498484106,2020-01-20T12:00:08Z,1799
10.1260099997274,46.7595852331758,2020-01-20T13:00:42Z,1802
10.1260362201372,46.759485042887,2020-01-20T14:00:42Z,1802
10.1260017191146,46.7595746405432,2020-01-20T15:00:15Z,1802
10.1259198587447,46.7603632868221,2020-01-20T16:01:06Z,1761
10.1243951375496,46.7613302310981,2020-01-20T17:00:16Z,1661
10.1245948181234,46.7619014569562,2020-01-20T18:00:36Z,1622
10.124544666976,46.7618911458318,2020-01-20T19:00:14Z,1622
10.1246054009505,46.7616397423989,2020-01-20T20:00:42Z,1661
10.124571353469,46.761754666101,2020-01-20T21:00:14Z,1661
10.1247434320174,46.7620944848111,2020-01-20T22:00:43Z,1633
10.1247747194431,46.7622065359693,2020-01-20T23:00:42Z,1633
10.1246219636426,46.7623308588613,2020-01-21T00:00:13Z,1633
10.1246946606747,46.762100058295,2020-01-21T01:00:42Z,1633
10.1247471127988,46.7620983374474,2020-01-21T02:00:42Z,1633
10.1248142888557,46.7622983754449,2020-01-21T03:00:12Z,1633
10.1249514007691,46.7622728069282,2020-01-21T04:00:12Z,1633
10.1250029327579,46.7622065942712,2020-01-21T05:00:42Z,1633
10.124952321374,46.7623249776786,2020-01-21T06:00:12Z,1633
10.1247153655124,46.7621026597935,2020-01-21T07:00:42Z,1633
10.1297689905921,46.7606215271004,2020-01-21T08:00:13Z,1684
10.1294318104965,46.7612949528662,2020-01-21T09:00:42Z,1656
10.1294433182654,46.7614873757647,2020-01-21T10:00:43Z,1656
10.1294562007808,46.7613753326662,2020-01-21T11:00:42Z,1656
10.1293913401489,46.7613003261451,2020-01-21T12:00:20Z,1656
10.1294635533234,46.7614384843928,2020-01-21T13:00:42Z,1656
10.1293706262324,46.7613162090014,2020-01-21T14:00:48Z,1656
10.1286919776464,46.7614988590405,2020-01-21T15:00:17Z,1700
10.1287780288609,46.761590991903,2020-01-21T16:00:42Z,1683
10.1247277888928,46.7624103916252,2020-01-21T17:00:15Z,1592
10.1244057129232,46.7621789080847,2020-01-21T18:00:42Z,1622
10.1181924353984,46.7676213632667,2020-01-21T19:00:08Z,1394
10.1153136528521,46.7706197097927,2020-01-21T20:00:42Z,1464
10.1160614507982,46.7707523120605,2020-01-21T21:00:42Z,1466
10.113976176431,46.7718892169675,2020-01-21T22:00:31Z,1520
10.1138533067586,46.7718740608232,2020-01-21T23:00:42Z,1520
10.1141459928911,46.7718191126773,2020-01-22T00:00:15Z,1519
10.1153076636636,46.7706278938106,2020-01-22T01:00:42Z,1464
10.1164829904225,46.7707412846236,2020-01-22T02:00:09Z,1465
10.1161613290764,46.7706167204349,2020-01-22T03:00:42Z,1446
10.1144755244859,46.771502369019,2020-01-22T04:00:09Z,1489
10.1134612246763,46.7718927800739,2020-01-22T05:00:43Z,1520
10.1135131848703,46.7720567327091,2020-01-22T06:00:13Z,1520
10.1122881023445,46.7727051746459,2020-01-22T07:00:42Z,1582
10.1125912994116,46.7735619748044,2020-01-22T08:00:12Z,1626
10.1115076302781,46.7733192587061,2020-01-22T09:00:42Z,1660
10.1115223206673,46.7733547069984,2020-01-22T10:00:16Z,1660
10.1115030342,46.77343570078,2020-01-22T11:00:42Z,1660
10.1114123372215,46.7735046978728,2020-01-22T12:00:21Z,1660
10.1114749639127,46.773308365704,2020-01-22T13:00:42Z,1660
10.1084940669742,46.7721381262961,2020-01-22T14:01:05Z,1626
10.1087115226613,46.7731529929978,2020-01-22T15:00:13Z,1667
10.1081979763305,46.773153921882,2020-01-22T16:01:12Z,1667
10.1078810280587,46.772461666096,2020-01-22T17:00:42Z,1633
10.108006802813,46.7719711039368,2020-01-22T18:00:13Z,1616
10.1080242832046,46.7720198124636,2020-01-22T19:00:42Z,1616
10.1079447787626,46.7718831594882,2020-01-22T20:00:40Z,1616
10.1145752756274,46.7725156490723,2020-01-22T21:00:49Z,1552
10.1154673741734,46.7704613268548,2020-01-22T22:00:42Z,1444
10.1186883349818,46.7693089415079,2020-01-22T23:00:12Z,1401
10.1240592316892,46.7633178213752,2020-01-23T00:00:16Z,1553
10.1239009482828,46.7632600241753,2020-01-23T01:00:42Z,1551
10.1239570831616,46.7632744777643,2020-01-23T02:00:16Z,1551
10.1241185865031,46.7634463412801,2020-01-23T03:00:41Z,1553
10.1240610704846,46.763354399533704,2020-01-23T04:00:12Z,1553
10.1240366845864,46.763310980767,2020-01-23T05:00:13Z,1553
10.1234780927979,46.7633537628654,2020-01-23T06:00:41Z,1551
10.1225858956942,46.7636780056157,2020-01-23T07:00:14Z,1529
10.1187378342479,46.7636309609309,2020-01-23T08:00:39Z,1502
10.1180254475722,46.7644697272605,2020-01-23T09:00:42Z,1491
10.117989094502,46.7645289139791,2020-01-23T10:00:42Z,1491
10.1179707011008,46.7644649919193,2020-01-23T11:00:43Z,1491
10.1180397197845,46.7644659765948,2020-01-23T12:00:29Z,1491
10.1180277467593,46.7644946587179,2020-01-23T13:00:42Z,1491
10.1180102643069,46.7645198720191,2020-01-23T14:00:42Z,1491
10.1195389634741,46.7634905732046,2020-01-23T15:00:11Z,1515
10.1206142651434,46.7634499846653,2020-01-23T16:01:03Z,1538
10.1239299349351,46.7633656270448,2020-01-23T17:00:42Z,1551
10.124079016602,46.7632928955835,2020-01-23T18:00:10Z,1553
10.1240256439918,46.7631808374062,2020-01-23T19:00:42Z,1551
10.1240587660192,46.763608231572,2020-01-23T20:00:42Z,1527
10.1237035638507,46.7631033621111,2020-01-23T21:00:47Z,1551
10.1240698264075,46.7626957163167,2020-01-23T22:00:42Z,1580
10.1237919152127,46.7626875547131,2020-01-23T23:00:12Z,1575
10.1240187510846,46.7627703000562,2020-01-24T00:00:43Z,1575
10.1240293339181,46.7627503775082,2020-01-24T01:00:11Z,1580
10.1238623135731,46.7627352222023,2020-01-24T02:00:42Z,1575
10.1237914585682,46.7626422200581,2020-01-24T03:00:11Z,1575
10.123664464082,46.7626595100238,2020-01-24T04:00:11Z,1575
10.1238098615518,46.7626506941759,2020-01-24T05:00:42Z,1575
10.1238936000069,46.7627610264793,2020-01-24T06:00:10Z,1575
10.1235958820347,46.7635463105812,2020-01-24T07:00:15Z,1551
10.1192617884967,46.7611913894591,2020-01-24T08:00:41Z,1602
10.1190326306507,46.7613994247014,2020-01-24T09:00:11Z,1579
10.1222024726539,46.7586743877764,2020-01-24T10:01:12Z,1757
10.1251933706896,46.7594070766778,2020-01-24T11:00:42Z,1824
10.12508801823,46.7593620688695,2020-01-24T12:00:12Z,1824
10.1251266640071,46.7593586138169,2020-01-24T13:00:42Z,1824
10.1250838763672,46.7594361047734,2020-01-24T14:00:41Z,1788
10.1252835435311,46.7592511585497,2020-01-24T15:00:12Z,1837
10.1251965954116,46.7596520276184,2020-01-24T16:00:42Z,1788
10.1242916222067,46.7607427706193,2020-01-24T17:00:12Z,1698
10.1232071126322,46.7625825738434,2020-01-24T18:00:16Z,1573
10.1242690614905,46.7621312263163,2020-01-24T19:01:06Z,1622
10.1243767265661,46.7621472333263,2020-01-24T20:00:42Z,1622
10.1244880727014,46.7622102167836,2020-01-24T21:00:13Z,1622
10.1243541807664,46.7621342301297,2020-01-24T22:00:42Z,1622
10.124394210533,46.7621774626888,2020-01-24T23:00:36Z,1622
10.1243063298022,46.7622350981727,2020-01-25T00:00:14Z,1622
10.1244489630101,46.7622376369538,2020-01-25T01:00:42Z,1622
10.1230631384111,46.7615292035678,2020-01-25T02:00:14Z,1640
10.1230833859523,46.7616404892479,2020-01-25T03:00:42Z,1640
10.124518901197,46.7618996098074,2020-01-25T04:00:13Z,1622
10.1244480460097,46.7618004495018,2020-01-25T05:00:14Z,1622
10.1245304045312,46.7617270292816,2020-01-25T06:01:12Z,1661
10.1262129272745,46.7603151407282,2020-01-25T07:00:18Z,1761
10.1263527537708,46.7595528734501,2020-01-25T08:00:42Z,1802
10.1263081282786,46.7595521854214,2020-01-25T09:00:09Z,1802
10.1263173311804,46.7596703922189,2020-01-25T10:00:42Z,1802
10.1263085841698,46.7595282267613,2020-01-25T11:00:42Z,1802
10.1263573552359,46.7598676436413,2020-01-25T12:00:42Z,1802
10.1264585652989,46.7595076672541,2020-01-25T13:00:10Z,1801
10.1266085335666,46.7596457697177,2020-01-25T14:00:42Z,1801
10.126220711599,46.7596351486568,2020-01-25T15:00:42Z,1802
10.1273023514592,46.759736364072,2020-01-25T16:00:09Z,1797
10.1242000547008,46.7614849564234,2020-01-25T17:00:42Z,1661
10.1244457426171,46.7621974982102,2020-01-25T18:00:42Z,1622
10.1245906763835,46.7621818441199,2020-01-25T19:00:10Z,1622
10.1245920568003,46.7622162104615,2020-01-25T20:00:42Z,1622
10.1246422084883,46.7623743751937,2020-01-25T21:00:11Z,1633
10.1246196634478,46.7621935054949,2020-01-25T22:00:42Z,1633
10.1245897562812,46.7622652058692,2020-01-25T23:00:18Z,1622
10.1236511181054,46.7627893574393,2020-01-26T00:00:48Z,1575
10.123511239104,46.7629063682235,2020-01-26T01:00:42Z,1575
10.1237146156354,46.7627375884457,2020-01-26T02:00:43Z,1575
10.1238701338694,46.7628129033807,2020-01-26T03:00:12Z,1575
10.1238374661513,46.7627712151906,2020-01-26T04:00:42Z,1575
10.1237495836406,46.762761084265,2020-01-26T05:00:11Z,1575
10.1247006422143,46.7622843879136,2020-01-26T06:00:12Z,1633
10.126222626715,46.761173232011,2020-01-26T07:00:41Z,1725
10.1260684747349,46.7607288024938,2020-01-26T08:00:10Z,1725
10.1260542137521,46.7607571922254,2020-01-26T09:00:42Z,1725
10.1262267419093,46.7606880312998,2020-01-26T10:00:42Z,1725
10.1260818227154,46.7607976207111,2020-01-26T11:00:42Z,1725
10.1260477681063,46.7607077222039,2020-01-26T12:00:12Z,1725
10.1260979187473,46.7607611557508,2020-01-26T13:00:52Z,1725
10.1259953254472,46.760889625231,2020-01-26T14:00:19Z,1725
10.1261572725333,46.7606309256182,2020-01-26T15:01:00Z,1725
10.1262065011252,46.7607430814591,2020-01-26T16:00:42Z,1725
10.1257828057304,46.7621245009179,2020-01-26T17:00:42Z,1647
10.1236681459433,46.7626941649226,2020-01-26T18:00:11Z,1575
10.1235853200341,46.7628839610169,2020-01-26T19:00:54Z,1575
10.1238163003889,46.7627556152751,2020-01-26T20:01:30Z,1575
10.1236699836176,46.762792347038,2020-01-26T21:00:42Z,1575
10.1191588487523,46.7672562491271,2020-01-26T22:00:24Z,1393
10.1153311363183,46.7705883423026,2020-01-26T23:00:42Z,1444
10.1148939268935,46.7708090016853,2020-01-27T00:00:13Z,1463
10.1152546066969,46.7719071776843,2020-01-27T01:00:42Z,1521
10.1158869249621,46.7718598423696,2020-01-27T02:00:15Z,1521
10.1165321812665,46.7712923518974,2020-01-27T03:00:13Z,1490
10.113751762595,46.7677386590693,2020-01-27T04:00:41Z,1388
10.1144125613743,46.763970676509,2020-01-27T05:00:14Z,1464
10.1141699251981,46.764285459684,2020-01-27T06:00:25Z,1447
10.1142702819806,46.7641628590162,2020-01-27T07:00:47Z,1447
10.1161136238642,46.7642291329521,2020-01-27T08:00:42Z,1480
10.1161113251194,46.7642103618635,2020-01-27T09:00:12Z,1480
10.1161416908023,46.7642887255638,2020-01-27T10:00:16Z,1480
10.1160768440705,46.7642676207654,2020-01-27T11:00:36Z,1480
10.1161255995635,46.7641573280277,2020-01-27T12:00:13Z,1480
10.1167610354512,46.7642794965912,2020-01-27T13:00:42Z,1486
10.1168710046668,46.7642526771299,2020-01-27T14:00:15Z,1486
10.1177572706079,46.7640660273624,2020-01-27T15:01:12Z,1510
10.1227202629094,46.7636499346506,2020-01-27T16:00:36Z,1529
10.123804336142,46.7627596538911,2020-01-27T17:00:16Z,1575
10.1233046419847,46.7631212556635,2020-01-27T18:00:37Z,1552
10.1232894583145,46.7629927468645,2020-01-27T19:00:42Z,1552
10.1232158403126,46.7629973476741,2020-01-27T20:00:25Z,1552
10.1232857760614,46.7630012161414,2020-01-27T21:00:53Z,1552
10.1231560534549,46.7623522216279,2020-01-27T22:00:42Z,1606
10.1233129424459,46.7625065605034,2020-01-27T23:00:40Z,1573
10.1231519170304,46.7622229483514,2020-01-28T00:00:15Z,1606
10.1234169428902,46.7620412862969,2020-01-28T01:00:42Z,1606
10.1233147967569,46.762145793959,2020-01-28T02:00:42Z,1606
10.1232729290135,46.7621460734359,2020-01-28T03:00:09Z,1606
10.1232025407863,46.7620537498153,2020-01-28T04:00:10Z,1606
10.1232591276983,46.7620580906853,2020-01-28T05:00:42Z,1606
10.123541187502,46.7617920303016,2020-01-28T06:00:15Z,1613
10.1220541511469,46.761408130529,2020-01-28T07:00:43Z,1618
10.1195014239104,46.7584509491718,2020-01-28T08:00:41Z,1716
10.1195032498187,46.7583766196352,2020-01-28T09:00:37Z,1716
10.1194848564221,46.758411278392,2020-01-28T11:00:42Z,1716
10.1194931401703,46.7583972288538,2020-01-28T12:00:42Z,1716
10.1194839434939,46.7583775927946,2020-01-28T13:00:42Z,1716
10.1195184311158,46.7584188833455,2020-01-28T14:00:17Z,1716
10.1194209194183,46.758571742359,2020-01-28T15:00:35Z,1716
10.1207891315286,46.758601575887504,2020-01-28T16:00:44Z,1727
10.121970421165,46.7611869073887,2020-01-28T17:00:42Z,1646
10.1219207225166,46.7613451388603,2020-01-28T18:00:11Z,1618
10.123142262157801,46.761966999101,2020-01-28T19:00:50Z,1606
10.1231910109738,46.7624943014845,2020-01-28T20:00:42Z,1573
10.123370929563,46.7621417658439,2020-01-28T21:00:42Z,1606
10.1233028408836,46.7619141980387,2020-01-28T22:00:43Z,1606
10.1231565272772,46.7619509295087,2020-01-28T23:00:42Z,1606
10.1232471721411,46.7620914003042,2020-01-29T00:00:23Z,1606
10.1233773753078,46.762041855038,2020-01-29T01:00:42Z,1606
10.1234753525822,46.7627998980175,2020-01-29T02:00:42Z,1575
10.1234988188799,46.76279730556,2020-01-29T03:00:11Z,1575
10.1235738183526,46.7627654644115,2020-01-29T04:00:24Z,1575
10.1241577084237,46.7626442415575,2020-01-29T05:00:41Z,1580
10.1240090789476,46.7633937558294,2020-01-29T06:00:18Z,1551
10.1243629137323,46.7633175166112,2020-01-29T07:00:42Z,1553
10.1275266585888,46.762764246792,2020-01-29T08:00:16Z,1627
10.1275050419999,46.7629512689401,2020-01-29T09:01:05Z,1627
10.1275077960834,46.762773578869,2020-01-29T11:00:42Z,1627
10.1275427670743,46.762975728013,2020-01-29T12:00:32Z,1584
10.1276012030643,46.7628364562952,2020-01-29T13:00:21Z,1627
10.1275795677682,46.7628432878305,2020-01-29T14:00:42Z,1627
10.127559328351,46.7627381679978,2020-01-29T15:01:23Z,1627
10.1255679697409,46.7631250210112,2020-01-29T16:00:42Z,1568
10.1244733433784,46.7630572637463,2020-01-29T17:00:42Z,1553
10.124412146855,46.7631401256934,2020-01-29T18:00:42Z,1553
10.124370276246,46.7630972802986,2020-01-29T19:01:26Z,1553
10.1244535625776,46.7624430466079,2020-01-29T20:00:42Z,1580
10.124537763782,46.7622814567655,2020-01-29T21:00:42Z,1622
10.1245819346406,46.7620396718247,2020-01-29T22:00:42Z,1622
10.1245304026959,46.7620812421999,2020-01-29T23:00:42Z,1622
10.1244871527437,46.7620964403607,2020-01-30T00:00:42Z,1622
10.1235959309563,46.7618722156362,2020-01-30T01:00:13Z,1613
10.1237077333435,46.7619743718795,2020-01-30T02:00:42Z,1613
10.1235637199276,46.7619559474394,2020-01-30T03:00:09Z,1613
10.1239014403971,46.7619084906912,2020-01-30T04:00:42Z,1613
10.1237178596888,46.7618598325427,2020-01-30T05:00:08Z,1613
10.1231666559358,46.7618179084654,2020-01-30T06:00:13Z,1606
10.121924873004,46.7611956555144,2020-01-30T07:00:41Z,1646
10.1194043518738,46.7583780498115,2020-01-30T08:00:08Z,1716
10.1193302712298,46.7583819645214,2020-01-30T09:00:41Z,1716
10.1193491380163,46.7582863836484,2020-01-30T10:00:58Z,1716
10.1193339567847,46.7583488555761,2020-01-30T11:00:42Z,1716
10.1193394677852,46.7585124968466,2020-01-30T12:00:42Z,1716
10.1193284458045,46.7584316504026,2020-01-30T13:00:41Z,1716
10.1193095790406,46.7583115994689,2020-01-30T14:00:42Z,1711
10.1192502407652,46.7582878139804,2020-01-30T15:00:42Z,1711
10.1181148018708,46.760741797151,2020-01-30T16:00:10Z,1574
10.1233902666709,46.761768106937,2020-01-30T17:00:42Z,1640
10.1232329165181,46.7616562172085,2020-01-30T18:00:11Z,1640
10.1232191154185,46.7615928770694,2020-01-30T19:00:42Z,1640
10.1232485633565,46.7615697846619,2020-01-30T20:00:42Z,1640
10.1232724926025,46.7614508196322,2020-01-30T21:00:42Z,1640
10.123508065517001,46.7613723384955,2020-01-30T22:00:42Z,1651
10.1236203290178,46.7614443698685,2020-01-30T23:00:42Z,1651
10.1236368935981,46.7614655534697,2020-01-31T00:00:42Z,1651
10.1236120467154,46.7614769024761,2020-01-31T01:00:32Z,1651
10.1238669404985,46.7615083481006,2020-01-31T02:00:12Z,1651
10.1239479189527,46.7615114522544,2020-01-31T03:00:42Z,1651
10.1238577392305,46.7615687985156,2020-01-31T04:00:12Z,1651
10.1238858051917,46.7615483023961,2020-01-31T05:00:42Z,1651
10.1236405753558,46.7614139611671,2020-01-31T06:00:12Z,1651
10.1259161792554,46.7604888061416,2020-01-31T07:00:42Z,1761
10.1263826522531,46.7597645706255,2020-01-31T08:00:41Z,1801
10.126354132024,46.7594578690106,2020-01-31T09:00:42Z,1802
10.1264760486785,46.7594824495541,2020-01-31T10:01:02Z,1801
10.1263872537152,46.759524882439,2020-01-31T11:00:28Z,1801
10.1263826522531,46.7593764490472,2020-01-31T12:01:12Z,1839
10.1264070377947,46.7595677206506,2020-01-31T13:00:12Z,1801
10.1264673128193,46.7596251899188,2020-01-31T14:00:42Z,1801
10.1263849641133,46.7600928877416,2020-01-31T15:00:12Z,1762
10.1268625757312,46.7606075240765,2020-01-31T16:00:45Z,1762
10.1209789084036,46.7611037415249,2020-01-31T17:02:06Z,1625
10.116092951779,46.7689423175032,2020-01-31T18:00:19Z,1408
10.1153048806927,46.7706454264103,2020-01-31T19:00:41Z,1464
10.1159551575678,46.7706166562061,2020-01-31T20:00:42Z,1446
10.1161788128844,46.770591512599196,2020-01-31T21:00:10Z,1446
10.1241429621907,46.764165879561,2020-01-31T22:01:13Z,1489
10.124369813393301,46.7634554553109,2020-01-31T23:00:42Z,1553
10.1244075440426,46.7633998280723,2020-02-01T00:01:04Z,1553
10.1241116850228,46.7632483364021,2020-02-01T01:00:42Z,1553
10.1243049371397,46.763311147771,2020-02-01T02:00:12Z,1553
10.1243739555583,46.763219720244,2020-02-01T03:00:42Z,1553
10.1242943542042,46.7633125888237,2020-02-01T04:00:11Z,1553
10.1242331569952,46.7634139324011,2020-02-01T05:00:42Z,1553
10.1237831760927,46.762563862795,2020-02-01T06:00:25Z,1575
10.1221250317994,46.7610483525477,2020-02-01T07:00:42Z,1646
10.1182735833782,46.7579721051237,2020-02-01T08:00:12Z,1738
10.1183476649713,46.7578018467178,2020-02-01T09:00:42Z,1738
10.1184226983208,46.7571832130673,2020-02-01T10:00:42Z,1771
10.1183223773513,46.7577925152459,2020-02-01T11:00:14Z,1738
10.1184245211938,46.7575894382686,2020-02-01T12:00:42Z,1771
10.1184070415368,46.7578980595601,2020-02-01T13:00:15Z,1738
10.1183439785434,46.7577610238265,2020-02-01T14:00:42Z,1738
10.1183449309745,46.7576823089775,2020-02-01T15:00:42Z,1738
10.1177367316963,46.7598890415433,2020-02-01T16:00:15Z,1624
10.123569673458,46.762927271702,2020-02-01T17:00:42Z,1575
10.1241452764185,46.7632728921998,2020-02-01T18:00:16Z,1553
10.1244139866252,46.7632629510831,2020-02-01T19:01:14Z,1553
10.1243734966106,46.7633900015121,2020-02-01T20:00:42Z,1553
10.1242731934937,46.7630844553922,2020-02-01T21:01:02Z,1553
10.1241885245402,46.763376283634,2020-02-01T22:00:42Z,1553
10.1245557060079,46.7631239956525,2020-02-01T23:00:14Z,1553
10.1242115327262,46.7632297852883,2020-02-02T00:00:42Z,1553
10.124323802457,46.7633757420193,2020-02-02T01:00:42Z,1553
10.1241862208725,46.7635253868871,2020-02-02T02:00:11Z,1553
10.1243362249332,46.7633369528696,2020-02-02T03:00:42Z,1553
10.1243541704536,46.763263127826,2020-02-02T04:00:42Z,1553
10.1242754888454,46.7632911181168,2020-02-02T05:00:10Z,1553
10.1240647481061,46.7636062116573,2020-02-02T06:00:42Z,1527
10.1243205821631,46.7631631070541,2020-02-02T07:00:44Z,1553
10.1219499948267,46.7638385785667,2020-02-02T08:00:23Z,1527
10.1219500125089,46.7636891853178,2020-02-02T09:00:50Z,1527
10.1258301475846,46.7605830134446,2020-02-02T10:00:59Z,1761
10.126326989944,46.7595551771016,2020-02-02T11:00:42Z,1802
10.1263798958165,46.7598005623791,2020-02-02T12:00:37Z,1802
10.1261995491817,46.7594408873038,2020-02-02T13:00:42Z,1802
10.1262552222009,46.7596333150754,2020-02-02T14:00:12Z,1802
10.126310884888,46.7596825318286,2020-02-02T15:00:42Z,1802
10.1274734944322,46.7598361353319,2020-02-02T16:00:13Z,1797
10.1222477660718,46.7626882873211,2020-02-02T17:01:02Z,1573
10.1241834653139,46.7632194783014,2020-02-02T18:00:20Z,1553
10.1242612271811,46.7631824400811,2020-02-02T19:01:24Z,1553
10.124321501921001,46.7631721551395,2020-02-02T20:00:42Z,1553
10.1242708877881,46.7632843789177,2020-02-02T21:00:42Z,1553
10.1187817446059,46.7694703885743,2020-02-02T22:00:42Z,1417
10.1153136528521,46.7706258695628,2020-02-02T23:00:14Z,1464
10.1163463270997,46.7706258282239,2020-02-03T00:00:42Z,1466
10.1160407595982,46.7706942540843,2020-02-03T01:00:11Z,1466
10.1153205494217,46.7706082636242,2020-02-03T02:00:11Z,1444
10.1196681611026,46.768110147813,2020-02-03T03:00:42Z,1383
10.124340823876,46.7635978135743,2020-02-03T04:00:13Z,1527
10.1243831577668,46.7633502488739,2020-02-03T05:00:42Z,1553
10.1243854583216,46.7634306249622,2020-02-03T06:00:43Z,1553
10.1245915938877,46.7633013077083,2020-02-03T07:00:42Z,1553
10.1289957134166,46.7621007083382,2020-02-03T08:00:39Z,1650
10.1289055342099,46.762151897521,2020-02-03T09:01:32Z,1650
10.1287513908522,46.7619199790152,2020-02-03T10:00:42Z,1650
10.1286805228165,46.7619501932315,2020-02-03T11:00:12Z,1666
10.1284348260723,46.7613777793301,2020-02-03T12:00:43Z,1700
10.1264825543179,46.7589233913349,2020-02-03T13:00:29Z,1839
10.1286593861513,46.7621455832866,2020-02-03T14:00:42Z,1666
10.1286911302064,46.761925639779,2020-02-03T15:00:59Z,1666
10.126856212650999,46.7618609287079,2020-02-03T16:00:42Z,1665
10.1239741192699,46.7628004165989,2020-02-03T17:00:24Z,1575
10.1243426656084,46.7634665178523,2020-02-03T18:00:41Z,1553
10.1242543229315,46.7633556055628,2020-02-03T19:01:01Z,1553
10.1242787090774,46.7634975924967,2020-02-03T20:00:42Z,1553
10.124348188622,46.7634376421226,2020-02-03T21:00:42Z,1553
10.124338527643,46.7632556165978,2020-02-03T22:00:42Z,1553
10.1233970928441,46.7640129173009,2020-02-03T23:00:42Z,1529
10.1153478335383,46.7696885331574,2020-02-04T00:00:41Z,1425
10.1163615118909,46.7706372878896,2020-02-04T01:00:10Z,1466
10.1153330118148,46.7703338403012,2020-02-04T02:00:42Z,1444
10.1157587804086,46.7697159096878,2020-02-04T03:00:09Z,1425
10.1184439881052,46.7692205939974,2020-02-04T04:00:42Z,1401
10.1199905323692,46.7658511802724,2020-02-04T05:00:15Z,1432
10.1184805928605,46.7640997535916,2020-02-04T06:00:21Z,1506
10.1172414331326,46.7640929123616,2020-02-04T07:00:43Z,1512
10.1170007548598,46.764287180258,2020-02-04T08:00:17Z,1490
10.117025613354,46.7642327057002,2020-02-04T09:00:41Z,1490
10.1170311209071,46.7643347414109,2020-02-04T10:01:06Z,1490
10.1170260433399,46.7644320573319,2020-02-04T11:00:14Z,1490
10.1166013481623,46.7642181302441,2020-02-04T12:01:06Z,1486
10.114728318325101,46.7632686761042,2020-02-04T13:01:01Z,1493
10.1175500782862,46.764794641918,2020-02-04T14:00:24Z,1462
10.117424014068,46.7649919232342,2020-02-04T15:00:42Z,1459
10.1204509329881,46.7633339454987,2020-02-04T16:00:42Z,1525
10.1246965022958,46.7637676087314,2020-02-04T17:00:17Z,1529
10.1246454280089,46.7639038012794,2020-02-04T18:00:42Z,1529
10.1243316238451,46.7633610163034,2020-02-04T19:00:39Z,1553
10.1242377580425,46.7633898690239,2020-02-04T20:00:42Z,1553
10.1241231874952,46.7633606727609,2020-02-04T21:00:17Z,1553
10.1242883723259,46.7633146085469,2020-02-04T22:00:42Z,1553
10.1245810116093,46.7631656786793,2020-02-04T23:00:14Z,1553
10.124571809284,46.763170682019,2020-02-05T00:00:42Z,1553
10.1244264109179,46.7631548573797,2020-02-05T01:00:42Z,1553
10.1243960430353,46.7631381006362,2020-02-05T02:00:42Z,1553
10.1243698153543,46.7631643714175,2020-02-05T03:00:13Z,1553
10.1243426677458,46.7631939152889,2020-02-05T04:00:42Z,1553
10.1243297842995,46.7633798827631,2020-02-05T05:00:14Z,1553
10.1242110714274,46.7633030372209,2020-02-05T06:00:42Z,1553
10.124223954913,46.7632957249718,2020-02-05T07:00:12Z,1553
10.1246017169017,46.7631806034219,2020-02-05T08:00:43Z,1553
10.1246477292735,46.7629861770682,2020-02-05T09:00:45Z,1560
10.128210835451,46.7626266617531,2020-02-05T10:00:42Z,1622
10.1281722092225,46.7627055793631,2020-02-05T11:00:19Z,1622
10.1281441191549,46.7626321332882,2020-02-05T12:01:06Z,1627
10.1282154381628,46.7625101895435,2020-02-05T13:00:43Z,1622
10.1281965762309,46.7627228194445,2020-02-05T14:00:20Z,1622
10.1280687152161,46.7632516232202,2020-02-05T15:00:42Z,1583
10.1258725676816,46.7633247362161,2020-02-05T16:00:42Z,1576
10.1242626053639,46.7633169119799,2020-02-05T17:00:11Z,1553
10.1242814707331,46.7633014194778,2020-02-05T18:01:28Z,1553
10.1242064703981,46.7633887059102,2020-02-05T19:00:41Z,1553
10.1242998750013,46.7634454262667,2020-02-05T20:00:12Z,1553
10.1242294755858,46.7633915994445,2020-02-05T21:00:42Z,1553
10.1242994163448,46.7634185704832,2020-02-05T22:00:13Z,1553
10.1243918991532,46.7634924241574,2020-02-05T23:00:42Z,1553
10.1245768689598,46.7637741236283,2020-02-06T00:00:42Z,1527
10.1239980297316,46.7636548042468,2020-02-06T01:00:42Z,1528
10.1239124455881,46.7636696053959,2020-02-06T02:00:10Z,1528
10.1238912793252,46.7636232035513,2020-02-06T03:00:42Z,1528
10.1237780955479,46.7632880027956,2020-02-06T04:00:10Z,1551
10.1237265615634,46.7634404619041,2020-02-06T05:00:11Z,1551
10.1235696591393,46.7632753371315,2020-02-06T06:00:41Z,1551
10.1236432715314,46.7636480681458,2020-02-06T07:00:44Z,1528
10.1182449533556,46.7643461035098,2020-02-06T08:00:08Z,1490
10.1180999759202,46.7645357851037,2020-02-06T09:00:42Z,1491
10.1182067359008,46.7645242666775,2020-02-06T10:00:46Z,1490
10.1181915525895,46.7645189675846,2020-02-06T11:00:14Z,1490
10.1181377170352,46.7645048007987,2020-02-06T12:00:42Z,1491
10.1181542883348,46.7644890189444,2020-02-06T13:00:14Z,1490
10.1183848954089,46.7638579242731,2020-02-06T14:00:53Z,1506
10.1204799144045,46.7633779439425,2020-02-06T15:01:00Z,1525
10.1194599029579,46.762644634467,2020-02-06T16:00:42Z,1535
10.1208531947126,46.7622704232268,2020-02-06T17:00:12Z,1582
10.1234482518764,46.7614279593222,2020-02-06T18:01:00Z,1651
10.1236056087667,46.7613596629778,2020-02-06T19:00:42Z,1651
10.1235591410496,46.7613224021501,2020-02-06T20:00:26Z,1651
10.1239925535789,46.7613011519342,2020-02-06T21:00:42Z,1651
10.1240358024014,46.7612982748464,2020-02-06T22:00:42Z,1661
10.1239313594564,46.7613347264234,2020-02-06T23:00:11Z,1651
10.1240040552305,46.7613087570243,2020-02-07T00:00:42Z,1651
10.1235278564707,46.7612411542862,2020-02-07T01:00:42Z,1651
10.1234257210975,46.761066907345,2020-02-07T02:00:11Z,1673
10.1233645262357,46.7610758386139,2020-02-07T03:00:11Z,1673
10.1235319939129,46.761321140762,2020-02-07T04:00:41Z,1651
10.1235858252496,46.7613291446451,2020-02-07T05:00:45Z,1651
10.1235743240452,46.7613769851194,2020-02-07T06:00:10Z,1651
10.1258724740644,46.7604786812695,2020-02-07T07:01:34Z,1761
10.1263904769742,46.7595280533869,2020-02-07T08:00:41Z,1801
10.1260403648688,46.7595280603961,2020-02-07T09:00:42Z,1802
10.1260380642096,46.759626342745,2020-02-07T10:00:42Z,1802
10.1260606053013,46.7594298870852,2020-02-07T11:00:22Z,1841
10.1260592267083,46.7595495341778,2020-02-07T12:00:38Z,1802
10.126031162238,46.7596377986386,2020-02-07T13:00:42Z,1802
10.126147099344,46.7596459144461,2020-02-07T14:00:18Z,1802
10.1262423402563,46.7595235744066,2020-02-07T15:00:59Z,1802
10.1262184611411,46.7607636878603,2020-02-07T16:00:42Z,1725
10.123236162892,46.7609771423424,2020-02-07T17:00:10Z,1673
10.1233203594626,46.7609649389596,2020-02-07T18:00:42Z,1673
10.1232458272194,46.7610837090732,2020-02-07T19:00:42Z,1673
10.1233295601346,46.7610893075864,2020-02-07T20:00:10Z,1673
10.1233373876531,46.7610668918978,2020-02-07T21:00:43Z,1673
10.1234165203482,46.7610903945073,2020-02-07T22:00:42Z,1673
10.1235398205873,46.7612555997138,2020-02-07T23:00:15Z,1651
10.1233755637427,46.761193655425,2020-02-08T00:00:42Z,1673
10.1234247945418,46.7612010816297,2020-02-08T01:00:42Z,1640
10.1234740253028,46.761251632296,2020-02-08T02:00:11Z,1651
10.1240114137275,46.7614412026551,2020-02-08T03:00:11Z,1651
10.1236308980498,46.7618957109899,2020-02-08T04:00:41Z,1613
10.123684730263,46.7619283572344,2020-02-08T05:00:10Z,1613
10.1233921035303,46.7619340542494,2020-02-08T06:00:40Z,1606
10.1211863962815,46.7612567492559,2020-02-08T07:00:12Z,1609
10.1183835625981,46.7604823883959,2020-02-08T08:00:42Z,1612
10.1185151260458,46.7605349774214,2020-02-08T09:00:11Z,1612
10.1182132677746,46.7606888861623,2020-02-08T10:00:42Z,1589
10.1182905656794,46.7608051956859,2020-02-08T11:00:13Z,1589
10.118151586237,46.7608511527691,2020-02-08T12:00:42Z,1589
10.1180844378505,46.7608112897219,2020-02-08T13:00:13Z,1574
10.1181014419936,46.7608716433968,2020-02-08T14:00:41Z,1574
10.1178648608225,46.7614123346181,2020-02-08T15:00:24Z,1551
10.1213804704566,46.7623697190387,2020-02-08T16:00:42Z,1589
10.1233580123443,46.7630793004462,2020-02-08T17:00:42Z,1552
10.1237675300895,46.7626626180894,2020-02-08T18:01:12Z,1575
10.1237615656861,46.7620131786688,2020-02-08T19:01:08Z,1613
10.1234818212917,46.7621039724625,2020-02-08T20:00:10Z,1613
10.1231321433433,46.7619691175749,2020-02-08T21:00:42Z,1606
10.1230543810421,46.7619876701864,2020-02-08T22:00:19Z,1606
10.123308823232,46.7618998581223,2020-02-08T23:00:42Z,1606
10.123370011155,46.7620711131761,2020-02-09T00:00:13Z,1606
10.1235305900532,46.7621230418423,2020-02-09T01:00:41Z,1613
10.1132178474272,46.7662214975256,2020-02-09T02:00:08Z,1396
10.109175238169,46.7651097095404,2020-02-09T03:00:42Z,1401
10.1102191833732,46.7638044463607,2020-02-09T04:00:11Z,1389
10.113463024483,46.7647441777363,2020-02-09T05:00:42Z,1420
10.1150205366473,46.7631930218529,2020-02-09T06:00:15Z,1493
10.1159799854528,46.7628640492245,2020-02-09T07:00:42Z,1519
10.1160692631329,46.7628038218868,2020-02-09T08:00:12Z,1519
10.1157742709429,46.7630325274261,2020-02-09T09:00:41Z,1505
10.1157756616686,46.7630484111585,2020-02-09T10:00:42Z,1505
10.1171141785538,46.7629621257396,2020-02-09T11:00:11Z,1523
10.1171905221247,46.7631571686496,2020-02-09T12:00:42Z,1522
10.1175388145333,46.7632330356548,2020-02-09T13:00:12Z,1522
10.1186162511666,46.7645419147762,2020-02-09T14:01:40Z,1490
10.1198738458097,46.7642168475915,2020-02-09T15:00:43Z,1487
10.1231426367683,46.7641253744911,2020-02-09T16:00:10Z,1529
10.1236906740906,46.7631984596413,2020-02-09T17:00:42Z,1551
10.1233442105304,46.7631022067562,2020-02-09T18:00:39Z,1552
10.1234127648133,46.7632134024698,2020-02-09T19:00:27Z,1552
10.1233989629055,46.7631808639249,2020-02-09T20:00:42Z,1552
10.123324426245,46.7629916008036,2020-02-09T21:00:16Z,1552
10.1234767576117,46.7620287896336,2020-02-09T22:00:42Z,1613
10.1235940865317,46.7620527919471,2020-02-09T23:00:09Z,1613
10.123545773376,46.762079055207,2020-02-10T00:00:42Z,1613
10.1234887220837,46.7620185914751,2020-02-10T01:00:44Z,1613
10.1235605009785,46.7619404513158,2020-02-10T02:00:15Z,1613
10.1235582007021,46.7618231105885,2020-02-10T03:00:17Z,1613
10.1234381164919,46.7618458962569,2020-02-10T04:00:41Z,1613
10.1234519179673,46.7618845940699,2020-02-10T05:00:08Z,1613
10.1233815207746,46.7620279037123,2020-02-10T06:00:24Z,1606
10.1235982312377,46.7618848258792,2020-02-10T07:00:42Z,1613
10.127977070382,46.7624491164129,2020-02-10T08:00:10Z,1627
10.1282802805735,46.7623742007635,2020-02-10T09:00:42Z,1666
10.1283699859651,46.7623639262742,2020-02-10T10:00:42Z,1666
10.1282641711474,46.7623783379886,2020-02-10T11:00:11Z,1622
10.1287445130157,46.7621301021501,2020-02-10T12:01:01Z,1650
10.1283493693309,46.7631868110108,2020-02-10T13:01:12Z,1580
10.127505134041,46.7639508055491,2020-02-10T14:02:01Z,1542
10.126491899575,46.7633662780567,2020-02-10T15:00:42Z,1581
10.1254395945246,46.7630879301681,2020-02-10T16:00:42Z,1568
10.1241425144572,46.7632226440876,2020-02-10T17:00:42Z,1553
10.124050483426,46.7636284436223,2020-02-10T18:00:37Z,1527
10.1241876049635,46.7634165194537,2020-02-10T19:00:42Z,1553
10.1241448149516,46.7634015884889,2020-02-10T20:00:19Z,1553
10.1242520224059,46.763392279353,2020-02-10T21:00:42Z,1553
10.1236750340372,46.7630615773239,2020-02-10T22:00:34Z,1551
10.1234928212081,46.7632336371636,2020-02-10T23:00:18Z,1551
10.1190739114672,46.7701555357202,2020-02-11T00:00:42Z,1438
10.116413162022,46.7697240220738,2020-02-11T01:00:16Z,1427
10.1201493336401,46.7705908641205,2020-02-11T02:00:12Z,1423
10.1186293797636,46.7700281464119,2020-02-11T03:00:43Z,1421
10.1153159517076,46.7705953618206,2020-02-11T04:00:16Z,1444
10.1132955157364,46.7720860049482,2020-02-11T05:00:42Z,1525
10.1130975528437,46.7729974012428,2020-02-11T06:00:13Z,1607
10.1117064206964,46.7734594679638,2020-02-11T07:00:42Z,1646
10.1119383710529,46.7734633962595,2020-02-11T08:00:09Z,1646
10.117864383334,46.7617504936547,2020-02-11T09:01:02Z,1551
10.1185504858975,46.7581898937968,2020-02-11T10:00:42Z,1738
10.1188155372848,46.7580929912241,2020-02-11T12:00:59Z,1745
10.1185679658812,46.7583002159924,2020-02-11T13:00:42Z,1702
10.1185067659774,46.7583153009091,2020-02-11T14:00:46Z,1702
10.1184750164718,46.7581532734911,2020-02-11T15:00:38Z,1738
10.1194976376832,46.7591231567668,2020-02-11T16:00:28Z,1683
10.1216239875597,46.7609366436961,2020-02-11T17:00:42Z,1634
10.1219626050931,46.7612139591156,2020-02-11T18:00:42Z,1618
10.1222174790648,46.7610497905724,2020-02-11T19:00:45Z,1646
10.1220017204656,46.7608415438086,2020-02-11T20:00:44Z,1646
10.1221558146008,46.7615940225458,2020-02-11T21:00:57Z,1618
10.1233755384823,46.7619929589596,2020-02-11T22:00:42Z,1606
10.123438571734,46.7620514038511,2020-02-11T23:00:43Z,1613
10.1234091236724,46.7620128907146,2020-02-12T00:00:30Z,1606
10.1225496275778,46.7622371211735,2020-02-12T01:00:43Z,1600
10.1223908508891,46.762933302258,2020-02-12T02:00:46Z,1574
10.1224980666546,46.7628238885321,2020-02-12T03:00:42Z,1574
10.1212360079236,46.7623059581112,2020-02-12T04:00:09Z,1589
10.1224383226476,46.7614610743603,2020-02-12T05:00:42Z,1628
10.1223320270234,46.7617643502837,2020-02-12T06:00:43Z,1628
10.1226012409466,46.7607139936301,2020-02-12T07:00:42Z,1659
10.1273718162237,46.7596271334966,2020-02-12T08:01:04Z,1797
10.1264074934319,46.7594821554029,2020-02-12T09:00:42Z,1801
10.1263251450671,46.7595863760197,2020-02-12T10:00:42Z,1802
10.126204606731,46.7591772373414,2020-02-12T11:00:37Z,1841
10.126354132024,46.7595441186822,2020-02-12T12:00:12Z,1802
10.1267276932549,46.759620092303,2020-02-12T13:00:17Z,1801
10.1286539970447,46.7590811863054,2020-02-12T14:01:45Z,1808
10.1258775481166,46.7609203884754,2020-02-12T15:00:42Z,1725
10.1222976660415,46.7592450799397,2020-02-12T16:00:50Z,1739
10.1220242524384,46.76126884002,2020-02-12T17:00:22Z,1618
10.1224452371324,46.7612694343034,2020-02-12T18:01:22Z,1628
10.1235407318602,46.7614017053293,2020-02-12T19:00:42Z,1651
10.1235443990655,46.7618521795653,2020-02-12T20:00:43Z,1613
10.1235273711512,46.7620212973031,2020-02-12T21:00:42Z,1613
10.1234141874875,46.7619587012601,2020-02-12T22:00:08Z,1606
10.1235227706054,46.7620268797722,2020-02-12T23:00:54Z,1613
10.1235379538954,46.7619890536562,2020-02-13T00:00:42Z,1613
10.123578440329,46.7621084222069,2020-02-13T01:00:08Z,1613
10.1235292084019,46.7621071570853,2020-02-13T02:00:36Z,1613
10.1236069695498,46.7620701221086,2020-02-13T03:00:17Z,1613
10.1235531371911,46.7619943517198,2020-02-13T04:00:36Z,1613
10.1235034422865,46.7621402632236,2020-02-13T05:00:14Z,1613
10.1243440591366,46.7621548300603,2020-02-13T06:00:19Z,1622
10.1249444989723,46.7622288157679,2020-02-13T07:00:41Z,1633
10.1283285616409,46.7620630185495,2020-02-13T08:01:10Z,1666
10.1282669000602,46.7621067089446,2020-02-13T09:00:42Z,1666
10.128309700125,46.7620908319501,2020-02-13T10:00:08Z,1666
10.1283354656717,46.7621193304507,2020-02-13T11:00:42Z,1666
10.1282351557878,46.7618954125926,2020-02-13T12:00:27Z,1666
10.1283308629835,46.7621002708406,2020-02-13T13:00:42Z,1666
10.1271143525792,46.7622667056127,2020-02-13T14:01:09Z,1669
10.1267775521031,46.7621923160814,2020-02-13T15:00:42Z,1665
10.1263832080167,46.7613375741133,2020-02-13T16:00:16Z,1697
10.1271216459887,46.7612148414291,2020-02-13T17:00:39Z,1702
10.1273015643334,46.7615137503384,2020-02-13T18:01:38Z,1702
10.1273710501498,46.761751036702,2020-02-13T19:00:15Z,1702
10.1273595446789,46.7616818260643,2020-02-13T20:01:12Z,1702
10.1271529527365,46.7614947526645,2020-02-13T21:00:30Z,1702
10.1270991213571,46.7613943416648,2020-02-13T22:00:42Z,1702
10.127440971586,46.7615685557075,2020-02-13T23:00:42Z,1702
10.1268552894164,46.7619381300246,2020-02-14T00:00:14Z,1665
10.1287687699853,46.7610323306093,2020-02-14T01:00:43Z,1712
10.1286455260048,46.7615678575168,2020-02-14T02:00:42Z,1700
10.1285870914852,46.7617625772049,2020-02-14T03:00:14Z,1700
10.1286469016715,46.7616083851785,2020-02-14T04:00:42Z,1700
10.1285861658506,46.7617165678515,2020-02-14T05:00:13Z,1700
10.1271120039442,46.761460956224,2020-02-14T06:00:13Z,1702
10.1273636761523,46.7615138620648,2020-02-14T07:00:42Z,1702
10.1268671062481,46.7595223987963,2020-02-14T08:00:42Z,1801
10.1267465679001,46.7596985264184,2020-02-14T09:01:08Z,1801
10.1270226118151,46.7595361013089,2020-02-14T10:00:42Z,1797
10.1269310612008,46.7595282766053,2020-02-14T11:00:42Z,1801
10.1269241586253,46.7595274112989,2020-02-14T12:00:14Z,1801
10.1270768784339,46.7594693456429,2020-02-14T13:00:19Z,1797
10.1267990184127,46.7596475164745,2020-02-14T14:00:41Z,1801
10.126360177542,46.7608757522303,2020-02-14T15:00:14Z,1725
10.1273383642856,46.7613997942238,2020-02-14T16:00:25Z,1702
10.1267416459602,46.7617824516476,2020-02-14T17:01:04Z,1697
10.1223651590241,46.7617019866704,2020-02-14T18:00:40Z,1628
10.1223858590338,46.7616799452429,2020-02-14T19:00:42Z,1628
10.1210188467064,46.7620710259708,2020-02-14T20:00:43Z,1582
10.1201184938182,46.7612388149301,2020-02-14T21:00:36Z,1598
10.1179874886839,46.7692142877554,2020-02-14T22:00:10Z,1404
10.1178047934821,46.7693779519715,2020-02-14T23:00:42Z,1404
10.116303071835,46.7705732609882,2020-02-15T00:00:08Z,1446
10.115680559182,46.7695659210183,2020-02-15T01:00:42Z,1425
10.1153016744666,46.7706114387224,2020-02-15T02:00:08Z,1444
10.1131109229372,46.7633685034212,2020-02-15T03:01:01Z,1451
10.1165247891161,46.7628134070813,2020-02-15T04:00:42Z,1524
10.1164589808939,46.7628402407446,2020-02-15T05:00:11Z,1524
10.116538153663,46.7625911505732,2020-02-15T06:01:00Z,1524
10.1205804527129,46.7611731190538,2020-02-15T07:00:13Z,1625
10.1182882666281,46.760700173755,2020-02-15T08:00:41Z,1589
10.1182560800185,46.7606776471867,2020-02-15T09:00:42Z,1589
10.1242898176407,46.7574937786582,2020-02-15T10:00:30Z,1915
10.1243551437242,46.7575648305425,2020-02-15T11:00:42Z,1915
10.1243367424851,46.757642616434,2020-02-15T12:00:42Z,1915
10.1244089708,46.7574419559771,2020-02-15T13:00:42Z,1915
10.1242447317361,46.7576833841427,2020-02-15T14:00:18Z,1879
10.1242893566191,46.7576347881682,2020-02-15T15:00:42Z,1915
10.125443652654,46.7594887381523,2020-02-15T16:01:07Z,1799
10.126450832907,46.7611856084102,2020-02-15T17:00:17Z,1729
10.1273116924882,46.7615609151343,2020-02-15T18:02:06Z,1702
10.1266979409535,46.7619017020615,2020-02-15T19:01:31Z,1665
10.1268580449241,46.7617542808245,2020-02-15T20:00:42Z,1697
10.1269551266706,46.7617532444985,2020-02-15T21:00:43Z,1697
10.1271985036334,46.7615229662321,2020-02-15T22:00:16Z,1702
10.1273917423916,46.7615980948362,2020-02-15T23:00:09Z,1702
10.1274644356159,46.7615043571639,2020-02-16T00:00:41Z,1702
10.1273742576404,46.7615555451643,2020-02-16T01:00:07Z,1702
10.1274561552593,46.7615245686214,2020-02-16T02:00:16Z,1702
10.1273402120789,46.7614979732006,2020-02-16T03:00:36Z,1702
10.1272909828187,46.7615459940688,2020-02-16T04:00:15Z,1702
10.127378859815,46.761506838359,2020-02-16T05:00:42Z,1702
10.1270604735894,46.7614594035093,2020-02-16T06:00:13Z,1702
10.1294712913161,46.7606922270768,2020-02-16T07:01:03Z,1684
10.1283022981052,46.7621170280583,2020-02-16T08:01:05Z,1666
10.1282816332407,46.7622468605958,2020-02-16T09:00:42Z,1666
10.1286174850609,46.762095049357,2020-02-16T10:00:10Z,1666
10.1283138283409,46.7620399171318,2020-02-16T11:00:42Z,1666
10.1285075194697,46.7621342021352,2020-02-16T12:00:42Z,1666
10.1283455963738,46.7620679273379,2020-02-16T13:00:10Z,1666
10.1274819751702,46.7622661189944,2020-02-16T14:00:42Z,1669
10.1275542169851,46.7623565199631,2020-02-16T15:00:42Z,1669
10.1275951666887,46.7623287108211,2020-02-16T16:00:41Z,1671
10.1270204330006,46.7614023232098,2020-02-16T17:00:17Z,1702
10.1271695137428,46.7614789720879,2020-02-16T18:01:48Z,1702
10.127343890336,46.7615264685891,2020-02-16T19:00:42Z,1702
10.1272537123346,46.7615098902496,2020-02-16T20:00:42Z,1702
10.1267894842667,46.7618155858554,2020-02-16T21:00:42Z,1665
10.1269390196374,46.7618744327228,2020-02-16T22:00:47Z,1665
10.1268644933862,46.7620440148111,2020-02-16T23:00:18Z,1665
10.1271892994454,46.761503329016,2020-02-17T00:00:42Z,1702
10.1271695137428,46.7615159355198,2020-02-17T01:00:16Z,1702
10.1261761642377,46.7613654402811,2020-02-17T02:00:36Z,1691
10.1256419968763,46.7614762897411,2020-02-17T03:00:14Z,1682
10.1262028417725,46.7612597656895,2020-02-17T04:00:43Z,1691
10.1259451912419,46.7612027149308,2020-02-17T05:00:15Z,1691
10.1267093398711,46.7601659859893,2020-02-17T06:00:20Z,1762
10.1259915945437,46.7594412298532,2020-02-17T07:00:52Z,1802
10.1260104563791,46.7594935071376,2020-02-17T08:00:42Z,1802
10.1260785449966,46.7592698182307,2020-02-17T09:00:42Z,1841
10.1260086123884,46.7594384568946,2020-02-17T10:00:42Z,1802
10.1260665852083,46.7594586734556,2020-02-17T11:00:42Z,1802
10.125906006498,46.759489965967,2020-02-17T12:00:14Z,1802
10.1256405610682,46.759462995927,2020-02-17T13:00:42Z,1799
10.1256718410333,46.7593147817293,2020-02-17T14:00:42Z,1837
10.1257017483983,46.7593862988065,2020-02-17T15:00:42Z,1837
10.126490308648,46.7594540609693,2020-02-17T16:00:42Z,1801
10.1233401599577,46.7605796468655,2020-02-17T17:01:07Z,1701
10.1197821808018,46.7610603522214,2020-02-17T18:00:42Z,1613
10.1210694643255,46.7619403219575,2020-02-17T19:00:15Z,1582
10.1181609859506,46.7690864194959,2020-02-17T20:00:42Z,1401
10.1188917268331,46.7694497311505,2020-02-17T21:00:15Z,1417
10.119321036056,46.7701154725949,2020-02-17T22:00:42Z,1432
10.1163265441514,46.770539869054,2020-02-17T23:00:45Z,1446
10.1195929520446,46.7708433548311,2020-02-18T00:00:14Z,1455
10.1162915764692,46.7705286870742,2020-02-18T01:00:15Z,1446
10.117573195687,46.7706298879547,2020-02-18T02:00:41Z,1463
10.1198243892346,46.7659575065045,2020-02-18T03:00:07Z,1416
10.123212583921,46.7639798499262,2020-02-18T04:00:16Z,1529
10.1241185865031,46.7632984887384,2020-02-18T05:00:36Z,1553
10.1247761030362,46.7631911406062,2020-02-18T06:00:42Z,1560
10.12833363887,46.7622999059826,2020-02-18T07:00:45Z,1666
10.1282581690191,46.7621816880583,2020-02-18T08:00:45Z,1666
10.1283929754475,46.7621435055456,2020-02-18T09:01:06Z,1666
10.1283257857877,46.7620913238585,2020-02-18T10:00:41Z,1666
10.1283092256781,46.7620085364707,2020-02-18T11:00:42Z,1666
10.1282738040346,46.7619966860038,2020-02-18T12:00:42Z,1666
10.1275344306282,46.7623075207477,2020-02-18T13:00:17Z,1669
10.1275270743089,46.7623491003193,2020-02-18T14:00:35Z,1669
10.1270757196711,46.7624688309642,2020-02-18T15:00:15Z,1627
10.1257234640231,46.7624056432606,2020-02-18T16:00:42Z,1606
10.1250296171328,46.7621132370176,2020-02-18T17:00:16Z,1633
10.1234868695563,46.7623485541514,2020-02-18T18:00:41Z,1613
10.1234518941946,46.7625545331187,2020-02-18T19:00:06Z,1575
10.1236143126292,46.7626861611036,2020-02-18T20:00:42Z,1575
10.1237408386103,46.7627682990917,2020-02-18T21:00:15Z,1575
10.1237790319524,46.7627195091513,2020-02-18T22:00:42Z,1575
10.1237790319524,46.7627379908124,2020-02-18T23:00:42Z,1575
10.1234357841341,46.7627881447123,2020-02-19T00:00:14Z,1573
10.1237601665421,46.7627534828521,2020-02-19T01:00:42Z,1575
10.1237436014739,46.7627446218958,2020-02-19T02:00:08Z,1575
10.1237767315778,46.7627130593836,2020-02-19T03:00:42Z,1575
10.1237730498129,46.7627461706586,2020-02-19T04:00:09Z,1575
10.1237804133358,46.7627230719993,2020-02-19T05:00:42Z,1575
10.1238788630288,46.7631614496983,2020-02-19T06:00:08Z,1551
10.1241802420562,46.7635258664647,2020-02-19T07:00:08Z,1553
10.1280783278183,46.7626343310039,2020-02-19T08:00:41Z,1627
10.1281864457147,46.7626202078492,2020-02-19T09:01:03Z,1622
10.1282273959926,46.7626786457695,2020-02-19T10:00:16Z,1622
10.1281321611947,46.7626916169526,2020-02-19T11:00:42Z,1627
10.1282343000662,46.7626795131057,2020-02-19T12:00:42Z,1622
10.1281211282187,46.763006568057,2020-02-19T13:00:17Z,1583
10.1281464204952,46.7626016197152,2020-02-19T14:00:42Z,1627
10.1282402789674,46.7626774936369,2020-02-19T15:00:18Z,1622
10.125551864145,46.7629874643146,2020-02-19T16:00:42Z,1568
10.123743126922,46.76349860601,2020-02-19T17:00:17Z,1551
10.1194722459939,46.7670298438937,2020-02-19T18:01:09Z,1404
10.1227070857545,46.770604892553,2020-02-19T19:00:43Z,1402
10.1248097128276,46.7701956839341,2020-02-19T20:00:42Z,1423
10.1242146845638,46.7703284583259,2020-02-19T21:00:11Z,1420
10.1233182326991,46.7700044288091,2020-02-19T22:00:35Z,1383
10.1231613070677,46.7699317202127,2020-02-19T23:00:19Z,1383
10.1186206177616,46.770263296772,2020-02-20T00:00:42Z,1441
10.1162841976488,46.7706133948807,2020-02-20T01:00:11Z,1446
10.1197241404174,46.7703870417431,2020-02-20T02:00:11Z,1432
10.1227975401028,46.7641266269427,2020-02-20T03:00:42Z,1529
10.1235011039889,46.7632503884706,2020-02-20T04:00:41Z,1551
10.123648804465,46.763112490038,2020-02-20T05:00:42Z,1551
10.1239948143337,46.7632496534277,2020-02-20T06:00:42Z,1551
10.124853866655,46.7639041436405,2020-02-20T07:00:42Z,1529
10.1272478500843,46.7629149165136,2020-02-20T08:00:15Z,1627
10.1272589024064,46.7631682686725,2020-02-20T09:00:42Z,1584
10.1272740868016,46.7631304428454,2020-02-20T10:00:17Z,1584
10.1273495381835,46.7629760640135,2020-02-20T11:00:42Z,1584
10.1274388142982,46.762787992312,2020-02-20T12:00:16Z,1627
10.1273568950146,46.7629468042778,2020-02-20T13:00:55Z,1627
10.1273444825167,46.7630302551473,2020-02-20T14:00:42Z,1584
10.1272924962644,46.7632929297353,2020-02-20T15:00:12Z,1584
10.12590984671,46.76340550461,2020-02-20T16:00:42Z,1576
10.1238986478384,46.763598562628,2020-02-20T17:00:12Z,1528
10.1238185841489,46.7633396075919,2020-02-20T18:00:38Z,1551
10.1239336166234,46.7633201942394,2020-02-20T19:00:42Z,1551
10.1240201194921,46.7633760468434,2020-02-20T20:00:42Z,1551
10.1226429613271,46.7637307695695,2020-02-20T21:00:18Z,1529
10.1225500104047,46.7635653735422,2020-02-20T22:00:42Z,1529
10.1219983651766,46.7629698657064,2020-02-20T23:00:42Z,1553
10.1223144674725,46.7630047038523,2020-02-21T00:00:42Z,1554
10.122194383046,46.7629535584577,2020-02-21T01:00:42Z,1573
10.1223779674954,46.7628235637366,2020-02-21T02:00:14Z,1574
10.1223172336676,46.7629070998236,2020-02-21T03:00:42Z,1574
10.1220651162076,46.7625916938411,2020-02-21T04:00:14Z,1573
10.1237712177026,46.7623938714706,2020-02-21T05:00:41Z,1575
10.1248989467561,46.7620758585431,2020-02-21T06:00:17Z,1633
10.1283437457497,46.7621730451966,2020-02-21T07:00:42Z,1666
10.1282797827986,46.7622164461874,2020-02-21T08:00:42Z,1666
10.1283451217844,46.7621150033054,2020-02-21T09:00:42Z,1666
10.1283083240466,46.7623275292646,2020-02-21T10:00:16Z,1666
10.1283630579063,46.7620719829015,2020-02-21T11:00:36Z,1666
10.1284449079163,46.7623336453128,2020-02-21T12:00:25Z,1666
10.1283451217844,46.7621088427668,2020-02-21T13:00:42Z,1666
10.1281900547261,46.7619418040643,2020-02-21T14:00:16Z,1666
10.1284247196303,46.7621268611105,2020-02-21T15:00:36Z,1666
10.1264605267528,46.7618450463129,2020-02-21T16:00:16Z,1665
10.1262410434273,46.7616144704845,2020-02-21T17:00:47Z,1691
10.1273176718592,46.7615527359198,2020-02-21T18:01:12Z,1702
10.1248998687637,46.7623205377892,2020-02-21T19:00:42Z,1633
10.1249219541432,46.7622835791055,2020-02-21T20:00:41Z,1633
10.1225288851969,46.7629414260534,2020-02-21T21:00:42Z,1574
10.1191333373309,46.7692521913988,2020-02-21T22:00:08Z,1398
10.1187370245588,46.7705262082611,2020-02-21T23:00:09Z,1438
10.1153076636636,46.7706094144841,2020-02-22T00:00:41Z,1444
10.1178322971701,46.7703948261783,2020-02-22T01:00:08Z,1443
10.1196795301444,46.7699967065668,2020-02-22T02:00:42Z,1411
10.1173086316923,46.7666300590101,2020-02-22T03:00:09Z,1403
10.1161347773127,46.7665263880153,2020-02-22T04:00:42Z,1398
10.113741122828,46.7641825021581,2020-02-22T05:00:09Z,1432
10.1145615099458,46.7622200748349,2020-02-22T06:01:42Z,1491
10.1185418035241,46.7606402927077,2020-02-22T07:00:23Z,1589
10.1183604901326,46.7607412951963,2020-02-22T08:00:42Z,1589
10.1182896543508,46.7606975783858,2020-02-22T09:00:42Z,1589
10.1182919533998,46.7607471534035,2020-02-22T10:00:08Z,1589
10.1183457843166,46.7606997129715,2020-02-22T11:00:42Z,1589
10.1182707855555,46.7607253900728,2020-02-22T12:00:14Z,1589
10.1189880328183,46.7613109594721,2020-02-22T13:00:42Z,1579
10.1189889451248,46.7611906304152,2020-02-22T14:00:21Z,1602
10.1192019718166,46.76114843709,2020-02-22T15:01:00Z,1602
10.1197181743027,46.7615626952337,2020-02-22T16:00:20Z,1591
10.1206038133103,46.7622424345061,2020-02-22T17:00:42Z,1582
10.1213763607493,46.7620048102995,2020-02-22T18:00:42Z,1589
10.1232190587977,46.7630929323016,2020-02-22T19:00:10Z,1552
10.1233525018985,46.7628401974573,2020-02-22T20:00:42Z,1573
10.1234270381442,46.7628692862924,2020-02-22T21:00:42Z,1573
10.1234735154454,46.7627510001667,2020-02-22T22:00:10Z,1575
10.1237413011033,46.7627689749031,2020-02-22T23:00:42Z,1575
10.1237707494379,46.7627520419922,2020-02-23T00:00:42Z,1575
10.123736700365,46.7627006303064,2020-02-23T01:00:09Z,1575
10.1240159931225,46.7627739601957,2020-02-23T02:00:12Z,1575
10.12376983046,46.7627429944926,2020-02-23T03:00:42Z,1575
10.1237804133358,46.7626922692426,2020-02-23T04:00:09Z,1575
10.12376522972,46.7627116133289,2020-02-23T05:00:14Z,1575
10.1240247330523,46.762718996298,2020-02-23T06:01:06Z,1575
10.1266648434722,46.7623798861165,2020-02-23T07:00:20Z,1624
10.1274948579896,46.7620123844572,2020-02-23T08:00:42Z,1669
10.1275680240606,46.7623582542805,2020-02-23T09:00:42Z,1671
10.1274654141365,46.7623003818058,2020-02-23T10:00:16Z,1669
10.1275519158095,46.762239180979,2020-02-23T11:00:36Z,1669
10.1275822838474,46.7623791469632,2020-02-23T12:00:15Z,1627
10.1288838949368,46.7619923972209,2020-02-23T13:00:41Z,1650
10.1288020226404,46.7622466852876,2020-02-23T14:00:36Z,1650
10.1289359026619,46.7620639233757,2020-02-23T15:00:42Z,1650
10.1284786014479,46.7625322014518,2020-02-23T16:00:16Z,1622
10.1245267151162,46.7638007736638,2020-02-23T17:00:32Z,1527
10.1238807064627,46.7633381813575,2020-02-23T18:00:43Z,1551
10.1239823882648,46.7634624765549,2020-02-23T19:00:43Z,1551
10.1239363790793,46.763247231626,2020-02-23T20:00:42Z,1551
10.124038985063,46.7632927884903,2020-02-23T21:00:14Z,1553
10.1234780927979,46.7633784049879,2020-02-23T22:00:42Z,1551
10.1178838472823,46.7666516045638,2020-02-23T23:00:13Z,1407
10.1167698899338,46.7688525395231,2020-02-24T00:00:42Z,1407
10.1167054630154,46.7687843740625,2020-02-24T01:00:11Z,1390
10.1138653613152,46.7681115106377,2020-02-24T02:00:15Z,1388
10.1149466297506,46.7689098836508,2020-02-24T03:00:42Z,1404
10.1162060980148,46.7664783822283,2020-02-24T04:00:12Z,1412
10.116299499264,46.7665227905917,2020-02-24T05:00:41Z,1398
10.1143082460539,46.7649087951079,2020-02-24T06:01:19Z,1430
10.1169391133076,46.7641953292637,2020-02-24T07:00:42Z,1486
10.1169437111662,46.7642759945372,2020-02-24T08:00:10Z,1486
10.116950178275,46.7641822399562,2020-02-24T09:00:43Z,1486
10.1171848685015,46.7640823995115,2020-02-24T10:00:26Z,1512
10.1168935644098,46.7642102338676,2020-02-24T11:00:42Z,1486
10.1169096568526,46.7642430639493,2020-02-24T12:00:09Z,1486
10.116977765441,46.7640378645347,2020-02-24T13:01:14Z,1512
10.1165232404563,46.763744702672,2020-02-24T14:00:43Z,1510
10.1164210242226,46.7639000318443,2020-02-24T15:00:08Z,1510
10.1160300175901,46.7634565342621,2020-02-24T16:00:42Z,1517
10.1179008155775,46.7640160205262,2020-02-24T17:00:42Z,1510
10.1171093842299,46.7639903546175,2020-02-24T18:00:59Z,1512
10.1153603561948,46.766313107514,2020-02-24T19:00:42Z,1410
10.1168456091428,46.7708134078643,2020-02-24T20:00:42Z,1465
10.1155340422805,46.7709502312549,2020-02-24T21:00:09Z,1464
10.1194224303766,46.7681352884004,2020-02-24T22:00:42Z,1383
10.1187703616451,46.7681644446129,2020-02-24T23:00:42Z,1384
10.1192099497596,46.7670769294264,2020-02-25T00:00:08Z,1406
10.1225555005387,46.7642310986921,2020-02-25T01:00:42Z,1493
10.1239478813369,46.7632301966258,2020-02-25T02:00:57Z,1551
10.1239372983048,46.7632932430558,2020-02-25T03:00:10Z,1551
10.1240274826903,46.7632728602022,2020-02-25T04:00:42Z,1553
10.1238650604194,46.7632706035939,2020-02-25T05:00:57Z,1551
10.1247779431281,46.7631953775899,2020-02-25T06:00:11Z,1560
10.1262885227518,46.7633363888407,2020-02-25T07:00:42Z,1576
10.1285158993055,46.7627916189782,2020-02-25T08:00:42Z,1622
10.1283663565956,46.7628559827843,2020-02-25T09:00:41Z,1622
10.1284583884984,46.7629584200775,2020-02-25T10:00:42Z,1622
10.1284818531179,46.7628202957801,2020-02-25T11:00:42Z,1622
10.1281850922974,46.7629631692772,2020-02-25T12:00:18Z,1622
10.1281846411537,46.7629809755147,2020-02-25T13:00:41Z,1580
10.1261021846183,46.7635655325251,2020-02-25T14:01:16Z,1535
10.1261095532611,46.7637595904514,2020-02-25T15:00:42Z,1535
10.1246049359119,46.7642865158836,2020-02-25T16:00:11Z,1489
10.1244530919685,46.7643259402799,2020-02-25T17:00:42Z,1489
10.124428249144099,46.7634578769912,2020-02-25T18:00:41Z,1553
10.1244655190736,46.7637096007903,2020-02-25T19:00:20Z,1527
10.1244259485731,46.7634575876268,2020-02-25T20:00:43Z,1553
10.1244788632197,46.7634565426316,2020-02-25T21:00:18Z,1553
10.1173148111838,46.7682151030439,2020-02-25T22:00:42Z,1383
10.115979764234,46.7688797063376,2020-02-25T23:00:42Z,1408
10.1153251471399,46.7706026860943,2020-02-26T00:00:14Z,1444
10.1190332482945,46.7671892977688,2020-02-26T01:00:15Z,1393
10.1184410602674,46.7668902216471,2020-02-26T02:00:41Z,1407
10.1169211011305,46.7646403266847,2020-02-26T03:00:07Z,1486
10.1172357802844,46.7649195816875,2020-02-26T04:00:22Z,1459
10.1171055485944,46.7649213705782,2020-02-26T05:00:42Z,1459
10.121494953374,46.763335307943,2020-02-26T06:00:17Z,1548
10.1236492671978,46.7630885227969,2020-02-26T07:00:36Z,1551
10.1248230324125,46.7627624293758,2020-02-26T08:02:09Z,1592
10.127294729286,46.7624430863382,2020-02-26T09:00:37Z,1627
10.1272496307216,46.7620952010428,2020-02-26T10:00:15Z,1669
10.1273945673828,46.7623998920411,2020-02-26T11:00:42Z,1627
10.1284509355752,46.7619835419577,2020-02-26T12:00:19Z,1666
10.1283819193089,46.7620503301307,2020-02-26T13:01:02Z,1666
10.1283713379394,46.7619408813459,2020-02-26T14:00:42Z,1666
10.1271451742081,46.7621855700509,2020-02-26T15:00:14Z,1669
10.1266279769523,46.7613280092162,2020-02-26T16:00:44Z,1697
10.1225925063759,46.7606272698283,2020-02-26T17:00:42Z,1659
10.1203006842092,46.7613455214117,2020-02-26T18:01:12Z,1598
10.1206488916944,46.7622946166168,2020-02-26T19:00:42Z,1582
10.1205858602176,46.7622792939754,2020-02-26T20:00:42Z,1582
10.1205918445904,46.7622957569888,2020-02-26T21:00:42Z,1582
10.1205651634848,46.7624060637141,2020-02-26T22:00:13Z,1559
10.1224847318212,46.7626503334932,2020-02-26T23:00:14Z,1574
10.1220112486098,46.7629625537094,2020-02-27T00:00:41Z,1573
10.1183964193004,46.7669080174244,2020-02-27T01:00:13Z,1407
10.1182238833221,46.7668400913939,2020-02-27T02:00:15Z,1407
10.1185685205176,46.7669182738589,2020-02-27T03:00:42Z,1407
10.1179689645108,46.76667926223,2020-02-27T04:00:13Z,1407
10.1146857814575,46.7642401061481,2020-02-27T05:00:42Z,1460
10.1162949641361,46.7639248238255,2020-02-27T06:00:42Z,1503
10.1162342330324,46.7639097871422,2020-02-27T07:00:16Z,1503
10.1180839670883,46.7639823870207,2020-02-27T08:00:42Z,1510
10.1180577222285,46.7639901768625,2020-02-27T09:00:13Z,1510
10.1179951678013,46.7639139194716,2020-02-27T10:00:42Z,1510
10.1180545119879,46.76388227025,2020-02-27T11:00:14Z,1510
10.1185776781016,46.7639200715617,2020-02-27T12:00:42Z,1506
10.1212938179125,46.7640434244628,2020-02-27T13:01:30Z,1523
10.1232912590821,46.7640273287021,2020-02-27T14:00:18Z,1529
10.1226024623253,46.7637176682169,2020-02-27T15:00:42Z,1529
10.122570711862,46.7636788676998,2020-02-27T16:00:14Z,1529
10.1243145933601,46.7640630230893,2020-02-27T17:01:05Z,1527
10.1238356117181,46.7631828077548,2020-02-27T18:00:41Z,1551
10.1236133732448,46.7631684062092,2020-02-27T19:00:44Z,1551
10.1234228765004,46.7634407653251,2020-02-27T20:00:35Z,1552
10.1239934331747,46.7632953755426,2020-02-27T21:00:40Z,1551
10.1238609164835,46.7634570539608,2020-02-27T22:00:42Z,1551
10.1237274804988,46.7634987943455,2020-02-27T23:00:42Z,1551
10.1196407448627,46.7625675882941,2020-02-28T00:00:15Z,1535
10.1226811727777,46.7631321534735,2020-02-28T01:00:42Z,1554
10.1224515848138,46.7629360139768,2020-02-28T02:00:42Z,1574
10.1195040989421,46.762507578823,2020-02-28T03:00:13Z,1535
10.1196181906062,46.7625669060657,2020-02-28T04:00:42Z,1535
10.1194507053011,46.7626249955199,2020-02-28T05:00:19Z,1535
10.119577240727,46.762625515791,2020-02-28T06:00:42Z,1535
10.1204014766703,46.7611127120223,2020-02-28T07:00:19Z,1620
10.1220753170853,46.7608877510702,2020-02-28T08:02:02Z,1646
10.121961671059,46.7613419736122,2020-02-28T09:00:42Z,1618
10.1219777702913,46.7615842611569,2020-02-28T10:00:42Z,1618
10.123701376937,46.7589172070076,2020-02-28T11:00:42Z,1780
10.1238002939489,46.7588218532396,2020-02-28T12:00:14Z,1823
10.1236507681332,46.7589493378703,2020-02-28T13:00:41Z,1780
10.1239516518772,46.7589049470927,2020-02-28T14:00:12Z,1780
10.1268095994529,46.7595659875455,2020-02-28T15:00:42Z,1801
10.1255890871057,46.7614711720668,2020-02-28T16:00:42Z,1682
10.1261232552997,46.7613418408974,2020-02-28T17:00:42Z,1691
10.1247687355942,46.7615062924931,2020-02-28T18:00:35Z,1671
10.1246960404877,46.7614152111594,2020-02-28T19:00:42Z,1671
10.124719045396,46.7614550638269,2020-02-28T20:00:42Z,1671
10.1243620120243,46.7611877682413,2020-02-28T21:00:42Z,1698
10.123895016577,46.7612630169304,2020-02-28T22:00:13Z,1651
10.1240178572465,46.7612858478208,2020-02-28T23:00:42Z,1651
10.1240224579267,46.7613233894527,2020-02-29T00:00:12Z,1651
10.124000373827,46.7613541886381,2020-02-29T01:00:42Z,1651
10.1240215386351,46.7613636288269,2020-02-29T02:00:42Z,1651
10.1236198798985,46.7611942133059,2020-02-29T03:00:12Z,1687
10.1236764672821,46.7612047110099,2020-02-29T04:00:16Z,1651
10.1229831201828,46.7606911931872,2020-02-29T05:01:42Z,1673
10.1239769086663,46.7613259776339,2020-02-29T06:00:13Z,1651
10.1239198578786,46.7613517637817,2020-02-29T07:00:41Z,1651
10.1238973118429,46.7614742926155,2020-02-29T08:00:42Z,1651
10.1239460805709,46.7613886299687,2020-02-29T09:00:12Z,1651
10.1236737043808,46.7613639190832,2020-02-29T10:01:29Z,1651
10.1248685798217,46.7620098177893,2020-02-29T11:00:43Z,1633
10.1251013954198,46.7622707287113,2020-02-29T12:00:52Z,1633
10.125718405029,46.762478314881,2020-02-29T13:00:42Z,1606
10.1257289872726,46.7624830344526,2020-02-29T14:00:10Z,1606
10.1255481612341,46.7623182946646,2020-02-29T15:01:00Z,1647
10.1225487240988,46.7620170828779,2020-02-29T16:00:42Z,1600
10.1222652338477,46.7629911174622,2020-02-29T17:00:42Z,1554
10.1191432258797,46.7672240802659,2020-02-29T18:00:16Z,1393
10.1193081853946,46.7695852919417,2020-02-29T19:00:43Z,1417
10.1179101762115,46.769270474399,2020-02-29T20:00:42Z,1404
10.1177141627659,46.7691496945652,2020-02-29T21:00:15Z,1404
10.1189533795048,46.7696955828804,2020-02-29T22:00:42Z,1417
10.1177131616429,46.7698829882256,2020-02-29T23:00:15Z,1423
10.1204470876709,46.7701983446227,2020-03-01T00:00:42Z,1423
10.1154393038545,46.7706050124051,2020-03-01T01:00:19Z,1444
10.1185842606535,46.7703101601921,2020-03-01T02:00:42Z,1441
10.1182634490124,46.7668641714799,2020-03-01T03:00:16Z,1407
10.1177526557389,46.7668491935379,2020-03-01T04:00:08Z,1407
10.1172308438194,46.7667102224107,2020-03-01T05:00:36Z,1403
10.1164383988934,46.7646664487358,2020-03-01T06:00:42Z,1486
10.1165023919841,46.7646399945562,2020-03-01T07:00:14Z,1486
10.1164273858956,46.764573264611,2020-03-01T08:00:42Z,1486
10.1164627773287,46.7646667468304,2020-03-01T09:00:15Z,1486
10.1164609595883,46.7645439195221,2020-03-01T10:00:42Z,1486
10.1173053263804,46.7644206957159,2020-03-01T11:00:18Z,1490
10.117433257355,46.7643816549626,2020-03-01T12:00:42Z,1490
10.1290292813472,46.7617802768339,2020-03-01T13:01:04Z,1683
10.1283166041482,46.7621348227618,2020-03-01T14:00:36Z,1666
10.1276554309682,46.7622183207228,2020-03-01T15:00:16Z,1671
10.1272256461292,46.7614626207383,2020-03-01T16:00:38Z,1702
10.1272675187069,46.7615485869277,2020-03-01T17:01:06Z,1702
10.1274129053504,46.761459680571,2020-03-01T18:00:42Z,1702
10.1274625874791,46.7614000177006,2020-03-01T19:00:42Z,1702
10.1273420598824,46.7615160647933,2020-03-01T20:00:17Z,1702
10.1261619031049,46.7613938306799,2020-03-01T21:00:42Z,1691
10.1244103223754,46.7611676667099,2020-03-01T22:01:04Z,1698
10.1239888721688,46.761309619753,2020-03-01T23:00:36Z,1651
10.1238986930345,46.7613669660535,2020-03-02T00:00:11Z,1651
10.1241011353887,46.7613508473284,2020-03-02T01:00:24Z,1661
10.1239345789451,46.7613748641503,2020-03-02T02:00:42Z,1651
10.123876146951,46.7614463706702,2020-03-02T03:00:11Z,1651
10.1245092419304,46.761215526217,2020-03-02T04:00:42Z,1661
10.1245143033043,46.7611490168871,2020-03-02T05:00:12Z,1698
10.126240121056,46.7614329286899,2020-03-02T06:00:21Z,1691
10.1282194284859,46.7611194128953,2020-03-02T07:00:57Z,1728
10.1269393413575,46.7595327085275,2020-03-02T08:00:42Z,1801
10.1268560707408,46.7595169942949,2020-03-02T09:00:14Z,1801
10.1267746324307,46.7594007990468,2020-03-02T10:00:42Z,1839
10.1267746324307,46.7594007990468,2020-03-02T11:00:13Z,1839
10.1269683293017,46.7595643791342,2020-03-02T12:00:42Z,1801
10.1268845897889,46.7595895911471,2020-03-02T13:00:42Z,1801
10.1268491682126,46.7595469324196,2020-03-02T14:00:42Z,1801
10.12564609635,46.7598083235975,2020-03-02T15:00:11Z,1799
10.1237707904064,46.7611703801161,2020-03-02T16:00:42Z,1687
10.1245143033043,46.7611859806421,2020-03-02T17:01:02Z,1698
10.1240813516016,46.7613080078901,2020-03-02T18:00:23Z,1661
10.1241080364602,46.7613886777679,2020-03-02T19:01:18Z,1661
10.1241135602247,46.7612489203467,2020-03-02T20:00:45Z,1661
10.1241581898635,46.7612557684178,2020-03-02T21:00:42Z,1661
10.124155428094,46.7610453376122,2020-03-02T22:00:42Z,1698
10.1244485095805,46.7611696924282,2020-03-02T23:00:12Z,1698
10.124647730517,46.7611750415319,2020-03-03T00:00:42Z,1709
10.1230369507644,46.7608100897434,2020-03-03T01:00:12Z,1673
10.1228984596173,46.7608074472758,2020-03-03T02:00:42Z,1673
10.1229044420804,46.7607992686874,2020-03-03T03:00:11Z,1673
10.1228956949277,46.7608742452594,2020-03-03T04:00:42Z,1673
10.1233475066539,46.7610524500332,2020-03-03T05:01:12Z,1673
10.1232499268421,46.7620446132022,2020-03-03T06:00:08Z,1606
10.123795134604,46.7628385841222,2020-03-03T07:00:41Z,1575
10.1240514189374,46.7627319010054,2020-03-03T08:01:24Z,1580
10.1252868329231,46.7629458158697,2020-03-03T09:00:36Z,1606
10.1253222608667,46.7629022207755,2020-03-03T10:01:05Z,1606
10.1253222608667,46.762920702385,2020-03-03T11:00:10Z,1606
10.1252905132842,46.7629927913522,2020-03-03T12:00:42Z,1568
10.1247351521934,46.7630402928021,2020-03-03T13:01:01Z,1560
10.1245851501883,46.7642929594746,2020-03-03T14:00:15Z,1489
10.1242791574543,46.7645717445484,2020-03-03T15:00:42Z,1489
10.1222903797887,46.7654739379623,2020-03-03T16:00:16Z,1419
10.1223433001098,46.7653804854229,2020-03-03T17:00:42Z,1419
10.1190131372165,46.7659999005039,2020-03-03T18:00:17Z,1420
10.1164293626594,46.7687434675576,2020-03-03T19:00:42Z,1390
10.1153099625194,46.7706097056101,2020-03-03T20:00:15Z,1444
10.1152924790525,46.7705917948809,2020-03-03T21:00:43Z,1444
10.1157080296113,46.7706567118381,2020-03-03T22:00:41Z,1464
10.1154921783359,46.7707533830695,2020-03-03T23:00:07Z,1464
10.1160946014781,46.7706221840752,2020-03-04T00:00:42Z,1466
10.1153113539976,46.7705701404634,2020-03-04T01:00:15Z,1444
10.1152667075368,46.7705879368115,2020-03-04T02:00:42Z,1444
10.1163238720429,46.7698150538724,2020-03-04T03:00:15Z,1427
10.1175359128432,46.766832090306,2020-03-04T04:00:31Z,1403
10.1170421695764,46.7667588691646,2020-03-04T05:00:16Z,1403
10.116769596687,46.7651594082916,2020-03-04T06:00:09Z,1455
10.1172588188161,46.7647299585896,2020-03-04T07:00:42Z,1490
10.1173729561637,46.7646029331739,2020-03-04T08:00:42Z,1490
10.1174221936582,46.7647335684227,2020-03-04T09:00:15Z,1459
10.1184252485219,46.7647951149315,2020-03-04T10:00:42Z,1465
10.1190345636841,46.7641565276933,2020-03-04T11:00:42Z,1489
10.1191436209764,46.7641452984356,2020-03-04T12:00:42Z,1489
10.1193285949269,46.763963428189,2020-03-04T13:00:42Z,1502
10.1207334584053,46.7632687658521,2020-03-04T14:00:42Z,1538
10.1226149206832,46.7630335676107,2020-03-04T15:00:16Z,1554
10.1234693623979,46.7630683573525,2020-03-04T16:00:10Z,1551
10.1233230530784,46.762826327582,2020-03-04T17:01:12Z,1573
10.1234459038782,46.7629153996426,2020-03-04T18:00:42Z,1575
10.1234390029556,46.7628282842905,2020-03-04T19:00:22Z,1575
10.1234224375332,46.7628132628056,2020-03-04T20:00:42Z,1573
10.1234836352606,46.7628228101319,2020-03-04T21:00:15Z,1575
10.123780869938,46.7628115308633,2020-03-04T22:00:42Z,1575
10.1237638483192,46.7627080504665,2020-03-04T23:00:16Z,1575
10.1233819422797,46.7629911354946,2020-03-05T00:00:42Z,1552
10.1234261115481,46.7630281098207,2020-03-05T01:00:06Z,1552
10.1233152250801,46.7629904436735,2020-03-05T02:00:42Z,1552
10.1233106245039,46.7630268283235,2020-03-05T03:00:08Z,1552
10.1233377731631,46.7629295190545,2020-03-05T04:00:36Z,1573
10.1231620065395,46.7629523803829,2020-03-05T05:00:42Z,1573
10.1235300973662,46.7630895502146,2020-03-05T06:00:14Z,1551
10.124436998336,46.7625512361339,2020-03-05T07:00:42Z,1580
10.1247346905946,46.7624790251773,2020-03-05T08:00:36Z,1592
10.1247287091933,46.7623886358059,2020-03-05T09:00:13Z,1592
10.1248096886111,46.7624595044786,2020-03-05T10:00:42Z,1592
10.1247572358849,46.7625043487022,2020-03-05T11:00:17Z,1592
10.1247273289244,46.7625390867971,2020-03-05T12:00:42Z,1592
10.124500033499,46.7624433454185,2020-03-05T13:00:45Z,1580
10.1248570806323,46.7625612587563,2020-03-05T14:00:42Z,1592
10.1248428173589,46.7626266135679,2020-03-05T15:00:10Z,1592
10.1243762618663,46.7627656793362,2020-03-05T16:00:12Z,1580
10.1238692095396,46.7629162815211,2020-03-05T17:01:07Z,1575
10.1237656803765,46.7631219566757,2020-03-05T18:01:07Z,1551
10.119470994604301,46.7659974398923,2020-03-05T19:00:46Z,1416
10.1182433320186,46.7694765689927,2020-03-05T20:00:42Z,1421
10.1177048295879,46.7704591693957,2020-03-05T21:00:09Z,1443
10.1153113539976,46.7705578208988,2020-03-05T22:00:43Z,1444
10.1149910238825,46.7707956597178,2020-03-05T23:00:43Z,1463
10.115165920256601,46.7706590324893,2020-03-06T00:00:11Z,1463
10.1147007044653,46.7703996529444,2020-03-06T01:00:42Z,1441
10.1145336758618,46.77019351594,2020-03-06T02:00:08Z,1440
10.1153214568139,46.7706481199294,2020-03-06T03:00:08Z,1464
10.1151164397353,46.7691477740378,2020-03-06T04:00:41Z,1404
10.1188500856197,46.7672229406319,2020-03-06T05:00:08Z,1393
10.1174241631055,46.7665435505389,2020-03-06T06:00:15Z,1403
10.1192437426855,46.7656768134727,2020-03-06T07:00:41Z,1439
10.1192626128608,46.7655257930697,2020-03-06T08:00:42Z,1439
10.1192754972281,46.7655246418613,2020-03-06T09:00:09Z,1439
10.1193670743915,46.765538623916,2020-03-06T10:00:42Z,1436
10.1192581896739,46.7640759324382,2020-03-06T11:00:17Z,1502
10.119195630837,46.7640551196823,2020-03-06T12:00:44Z,1502
10.1198669470519,46.7641543741415,2020-03-06T13:00:42Z,1487
10.1196612771973,46.7640748986764,2020-03-06T14:00:14Z,1502
10.1205166014964,46.7646146876707,2020-03-06T15:00:36Z,1488
10.1219411731145,46.7650039838376,2020-03-06T16:02:03Z,1451
10.1220654136573,46.7648378791764,2020-03-06T17:00:10Z,1451
10.1190683619047,46.7660730684585,2020-03-06T18:01:06Z,1420
10.1188583714695,46.7671780872934,2020-03-06T19:00:42Z,1393
10.119721152242,46.767422184857,2020-03-06T20:00:42Z,1392
10.1192867499728,46.7674220546013,2020-03-06T21:00:15Z,1393
10.1178273540847,46.7691507043049,2020-03-06T22:00:42Z,1404
10.1188084276732,46.7696373004007,2020-03-06T23:00:16Z,1417
10.1168844687109,46.7689864654551,2020-03-07T00:00:41Z,1407
10.1154950801257,46.7697717504544,2020-03-07T01:00:07Z,1425
10.114967803265,46.7690979607109,2020-03-07T02:00:42Z,1404
10.1154500704502,46.7691019772447,2020-03-07T03:00:16Z,1407
10.1158863592868,46.7689584966304,2020-03-07T04:00:07Z,1408
10.1190751877138,46.7664528333874,2020-03-07T05:00:42Z,1420
10.120158117912,46.7649875858051,2020-03-07T06:00:36Z,1460
10.120159061246,46.7650382089552,2020-03-07T07:00:22Z,1460
10.1201939991355,46.7649893324046,2020-03-07T08:01:06Z,1460
10.120156732227,46.7649655444094,2020-03-07T09:00:07Z,1460
10.121185700815,46.7639635936163,2020-03-07T10:01:06Z,1523
10.1212929242918,46.7638726595506,2020-03-07T11:00:36Z,1523
10.1213053393273,46.7638831561633,2020-03-07T12:00:42Z,1523
10.1212363205804,46.7638513710976,2020-03-07T13:00:42Z,1523
10.1215685308622,46.7639375214358,2020-03-07T14:00:58Z,1523
10.1235401953668,46.7639483663376,2020-03-07T15:00:21Z,1528
10.1231619476904,46.7645202336345,2020-03-07T16:00:42Z,1493
10.1231361799256,46.7644054884881,2020-03-07T17:00:42Z,1493
10.1202726041107,46.7658469335785,2020-03-07T18:00:24Z,1432
10.1197545751161,46.7694027353153,2020-03-07T19:00:42Z,1394
10.119135054757,46.7709690140538,2020-03-07T20:00:14Z,1459
10.118836384418,46.7711368756105,2020-03-07T21:00:42Z,1459
10.1190457676159,46.7711770819188,2020-03-07T22:00:14Z,1459
10.1166422172761,46.770666457266,2020-03-07T23:00:42Z,1465
10.1149878810845,46.7702118648719,2020-03-08T00:00:14Z,1441
10.1129100670571,46.7705048164795,2020-03-08T01:00:15Z,1439
10.114753347351,46.7691797054961,2020-03-08T02:00:44Z,1404
10.1176677890082,46.7680990255004,2020-03-08T03:00:15Z,1383
10.1180631934476,46.767105461454,2020-03-08T04:00:18Z,1393
10.1182316927619,46.7669424182005,2020-03-08T05:00:42Z,1407
10.1167541561823,46.7665171581345,2020-03-08T06:00:14Z,1399
10.1168008215207,46.7655687132294,2020-03-08T07:00:42Z,1431
10.117485178839,46.7650091797125,2020-03-08T08:00:43Z,1459
10.1174299539948,46.76497297137,2020-03-08T09:00:17Z,1459
10.1174492568957,46.7650089821456,2020-03-08T10:00:43Z,1459
10.1174584532599,46.7650286227456,2020-03-08T11:00:16Z,1459
10.1190934721106,46.7640548967698,2020-03-08T12:01:12Z,1502
10.1191408472992,46.7641936202989,2020-03-08T13:00:42Z,1489
10.1190672298098,46.7641119709402,2020-03-08T14:00:18Z,1502
10.1198738458097,46.7641306010867,2020-03-08T15:00:42Z,1502
10.1196792006176,46.7641443083779,2020-03-08T16:00:28Z,1487
10.1203529902759,46.7626944759953,2020-03-08T17:00:41Z,1547
10.1204105087233,46.7628172239677,2020-03-08T18:00:39Z,1547
10.1222054167939,46.7630220956203,2020-03-08T19:00:42Z,1553
10.1220922158021,46.7630287997969,2020-03-08T20:00:13Z,1553
10.1222104832828,46.7629679046132,2020-03-08T21:00:42Z,1553
10.1229172335475,46.7627694259344,2020-03-08T22:00:11Z,1573
10.1235848642026,46.7627030939095,2020-03-08T23:00:42Z,1575
10.1237532654287,46.7628511837892,2020-03-09T00:00:09Z,1575
10.1232867033736,46.7628423927079,2020-03-09T01:00:10Z,1573
10.123700350892,46.7627536589214,2020-03-09T02:00:41Z,1575
10.1234210476008,46.7631192643059,2020-03-09T03:00:10Z,1552
10.1232287143154,46.7631394258377,2020-03-09T04:00:26Z,1552
10.1232577089884,46.7630278722107,2020-03-09T05:00:42Z,1552
10.1233152250801,46.7629658014916,2020-03-09T06:00:42Z,1552
10.1238931429611,46.7628019390033,2020-03-09T07:00:31Z,1575
10.1243238092366,46.7626380277677,2020-03-09T08:00:42Z,1580
10.1248207318164,46.7625157186941,2020-03-09T09:00:37Z,1592
10.1247682788838,46.7625051179403,2020-03-09T10:00:42Z,1592
10.1247397521139,46.7626543091892,2020-03-09T11:00:22Z,1592
10.1248948094994,46.7624317056272,2020-03-09T12:00:41Z,1592
10.1247107649383,46.7625918312992,2020-03-09T13:00:39Z,1592
10.1245823938152,46.7624253688883,2020-03-09T14:00:28Z,1580
10.1242534141335,46.7624779363222,2020-03-09T15:00:42Z,1580
10.124220746492,46.7624547300031,2020-03-09T16:00:11Z,1580
10.1239202857252,46.7627677706974,2020-03-09T17:00:42Z,1575
10.118521300464,46.769133606898,2020-03-09T18:00:42Z,1401
10.1193099415616,46.770727664832,2020-03-09T19:00:09Z,1459
10.1198658189574,46.7714616656737,2020-03-09T20:00:10Z,1481
10.117902624619,46.7713880988224,2020-03-09T21:00:42Z,1486
10.117422687676,46.7708407402596,2020-03-09T22:00:13Z,1464
10.1185971067495,46.7707725786362,2020-03-09T23:00:42Z,1461
10.1207664307578,46.7708600973342,2020-03-10T00:00:11Z,1441
10.1168904566289,46.7689474822086,2020-03-10T01:00:12Z,1407
10.1150322306414,46.7689505266959,2020-03-10T02:00:41Z,1404
10.1151679816267,46.7690630909844,2020-03-10T03:00:12Z,1404
10.114272540265,46.768493903938,2020-03-10T04:01:08Z,1390
10.1155057788143,46.7662673356987,2020-03-10T05:00:42Z,1410
10.1138027579301,46.7641757873647,2020-03-10T06:00:42Z,1432
10.1140038222278,46.7643039786111,2020-03-10T07:00:42Z,1432
10.1141101690037,46.7641177533883,2020-03-10T08:00:42Z,1464
10.114196180659,46.7642160649779,2020-03-10T09:00:12Z,1447
10.115799555723,46.7631157989263,2020-03-10T10:00:35Z,1517
10.1161391873021,46.76308492011,2020-03-10T11:00:12Z,1517
10.1159040167623,46.7631656003378,2020-03-10T12:01:22Z,1517
10.1159744235013,46.7630592582816,2020-03-10T13:00:42Z,1517
10.1159398870512,46.7631796654107,2020-03-10T14:00:11Z,1517
10.1186878028439,46.762642661102,2020-03-10T15:00:17Z,1521
10.1208034662319,46.7625903644444,2020-03-10T16:01:12Z,1559
10.1217959511254,46.7625824735109,2020-03-10T17:00:42Z,1573
10.1228265974757,46.7626212618263,2020-03-10T18:00:42Z,1574
10.1228394807467,46.7626201102944,2020-03-10T19:00:42Z,1574
10.1228206146682,46.7626294415571,2020-03-10T20:00:11Z,1574
10.1228569643422,46.7626749822326,2020-03-10T21:00:18Z,1573
10.12283626291,46.7626046131857,2020-03-10T22:00:41Z,1574
10.1229002145092,46.7626967482804,2020-03-10T23:00:13Z,1573
10.123107254709801,46.7629168469125,2020-03-11T00:01:06Z,1573
10.1234951292003,46.7630352514112,2020-03-11T01:00:11Z,1551
10.1233041872577,46.7629157461637,2020-03-11T02:00:13Z,1573
10.1233143067282,46.7629998774529,2020-03-11T03:00:42Z,1552
10.1226273387745,46.7631672729124,2020-03-11T04:00:42Z,1554
10.12140025322,46.7624680047167,2020-03-11T05:01:00Z,1569
10.1231979308269,46.7618452409404,2020-03-11T06:01:47Z,1606
10.1248492548962,46.761862926666,2020-03-11T08:01:03Z,1633
10.1248055446031,46.761801990649,2020-03-11T09:00:42Z,1633
10.1248184274073,46.7617946783585,2020-03-11T10:00:09Z,1633
10.1282185724998,46.7618911823323,2020-03-11T11:00:30Z,1666
10.1283492498694,46.7619716804557,2020-03-11T12:00:41Z,1666
10.1284210179672,46.7619120196172,2020-03-11T13:00:42Z,1666
10.1275270372085,46.7619271219001,2020-03-11T14:00:09Z,1669
10.1267775384221,46.7620614139083,2020-03-11T15:00:09Z,1665
10.1266528320112,46.7614722010663,2020-03-11T16:02:55Z,1697
10.1247438900623,46.7611772826756,2020-03-11T17:01:06Z,1709
10.1247268664428,46.7612647848121,2020-03-11T18:00:17Z,1671
10.1248000214948,46.7611609323181,2020-03-11T19:00:42Z,1709
10.124464153284,46.761083260718,2020-03-11T20:00:09Z,1698
10.1249900414886,46.7614253963723,2020-03-11T21:00:42Z,1671
10.1250733183915,46.7613671828119,2020-03-11T22:00:42Z,1671
10.1249348303173,46.7613891864186,2020-03-11T23:00:10Z,1671
10.1247356084124,46.7611728514502,2020-03-12T00:00:42Z,1709
10.1247383688188,46.7611676595895,2020-03-12T01:00:10Z,1709
10.12473192772,46.7612121222776,2020-03-12T02:00:19Z,1671
10.1244655338041,46.7610868255171,2020-03-12T03:00:42Z,1698
10.1251805186012,46.761307056364,2020-03-12T04:00:11Z,1671
10.1250461732487,46.7614213672285,2020-03-12T05:00:42Z,1671
10.1256907625918,46.7612720491805,2020-03-12T06:00:10Z,1682
10.1272785367348,46.7611951459781,2020-03-12T07:00:32Z,1733
10.1275737959738,46.7597951445188,2020-03-12T08:00:42Z,1791
10.1275714949567,46.7594560175918,2020-03-12T09:01:07Z,1791
10.1276497107711,46.7596552920077,2020-03-12T10:00:42Z,1791
10.1274698346616,46.7598276361842,2020-03-12T11:00:09Z,1797
10.1261310230435,46.7600365655301,2020-03-12T12:00:51Z,1761
10.1260818135546,46.7605558344105,2020-03-12T13:00:42Z,1761
10.1265193438473,46.7603789353214,2020-03-12T14:00:46Z,1762
10.1264498755958,46.7604512026251,2020-03-12T15:00:16Z,1762
10.127601069844,46.7612547993994,2020-03-12T16:00:16Z,1704
10.1247816211274,46.7622382060465,2020-03-12T17:00:42Z,1633
10.1232366266502,46.7609655014474,2020-03-12T18:00:43Z,1673
10.1233171409912,46.7610295328284,2020-03-12T19:00:55Z,1673
10.1233019581683,46.7608948609281,2020-03-12T20:00:46Z,1673
10.123336005821,46.7609770780118,2020-03-12T21:00:42Z,1673
10.1233935185474,46.7608965258732,2020-03-12T22:00:15Z,1673
10.1232996580112,46.760962339479,2020-03-12T23:00:42Z,1673
10.1233226596291,46.761045316449,2020-03-13T00:00:11Z,1673
10.1236760111115,46.7611347390324,2020-03-13T01:00:42Z,1687
10.1237721717372,46.7611123384906,2020-03-13T02:00:11Z,1687
10.1237781535971,46.7610733564974,2020-03-13T03:00:11Z,1687
10.1237441061407,46.7611143528144,2020-03-13T04:00:41Z,1687
10.1236783113602,46.7611042246648,2020-03-13T05:00:11Z,1687
10.1232564097332,46.760996019694,2020-03-13T06:00:42Z,1673
10.1215931544853,46.7611533119504,2020-03-13T07:01:44Z,1634
10.1222735950596,46.7616510369532,2020-03-13T08:00:42Z,1628
10.1232209612176,46.7613322127765,2020-03-13T09:00:42Z,1640
10.1231027153947,46.7616195161502,2020-03-13T10:00:42Z,1640
10.1231629736881,46.7618571797745,2020-03-13T11:00:16Z,1606
10.1231928857462,46.7616745895942,2020-03-13T12:01:01Z,1640
10.1231823029925,46.7616329057023,2020-03-13T13:00:18Z,1640
10.1187993854005,46.761119339212,2020-03-13T14:00:42Z,1602
10.1125809075996,46.7595382048112,2020-03-13T15:00:42Z,1511
10.1127410032893,46.7594724120859,2020-03-13T16:00:42Z,1511
10.1146702772463,46.761211706557,2020-03-13T17:01:31Z,1499
10.1140837701717,46.7628973752124,2020-03-13T18:00:42Z,1490
10.1140271509654,46.7629684898954,2020-03-13T19:00:42Z,1480
10.1177279588584,46.7690159191138,2020-03-13T20:00:13Z,1404
10.1166574021468,46.7706963961931,2020-03-13T21:00:13Z,1465
10.1155883677942,46.7707125037196,2020-03-13T22:00:42Z,1464
10.1164397350408,46.7706702382521,2020-03-13T23:00:14Z,1465
10.1158525544316,46.770410926862,2020-03-14T00:00:14Z,1446
10.115328837459,46.7706003707374,2020-03-14T01:00:42Z,1444
10.1185272473198,46.7697121974744,2020-03-14T02:00:18Z,1421
10.1197148869052,46.7659418730188,2020-03-14T03:00:42Z,1416
10.1193095512537,46.7655514101225,2020-03-14T04:00:41Z,1439
10.1193997417346,46.7655063895044,2020-03-14T05:00:06Z,1436
10.1213466728243,46.7648971611109,2020-03-14T06:00:42Z,1454
10.1239133450823,46.7645596194324,2020-03-14T07:01:03Z,1491
10.1248883785018,46.7644952726675,2020-03-14T08:00:42Z,1488
10.12476552331,46.7643461449531,2020-03-14T09:01:06Z,1488
10.1247834691328,46.7644894807579,2020-03-14T10:00:15Z,1488
10.124849728426,46.7645803602961,2020-03-14T11:00:42Z,1488
10.1244346839742,46.7646963423935,2020-03-14T12:01:08Z,1489
10.1253121701162,46.7646970521489,2020-03-14T13:00:12Z,1489
10.1252969853846,46.7647225561119,2020-03-14T14:00:42Z,1489
10.1252067911808,46.7643332578812,2020-03-14T15:00:43Z,1489
10.1240362145832,46.7639664030975,2020-03-14T16:01:30Z,1527
10.1230685629579,46.7639491047843,2020-03-14T17:00:42Z,1529
10.123036823319,46.7638409969592,2020-03-14T18:00:42Z,1529
10.1229903428122,46.7641379389603,2020-03-14T19:00:10Z,1529
10.1230625801196,46.7639942481669,2020-03-14T20:00:42Z,1529
10.1178127807147,46.7678230928785,2020-03-14T21:00:11Z,1383
10.1167524063054,46.7688161489168,2020-03-14T22:00:42Z,1390
10.1176741179343,46.7690879928893,2020-03-14T23:00:09Z,1404
10.1174223031763,46.7700607790956,2020-03-15T00:00:10Z,1445
10.1179947774019,46.7700752070648,2020-03-15T01:00:36Z,1443
10.1176086886082,46.7700056805851,2020-03-15T02:00:09Z,1423
10.1195575998744,46.7653833162438,2020-03-15T03:00:12Z,1436
10.1193376195078,46.7655555579715,2020-03-15T04:00:41Z,1436
10.1193049521877,46.7655446699167,2020-03-15T05:00:10Z,1439
10.1201790195539,46.7630881177557,2020-03-15T06:00:42Z,1525
10.1202908725165,46.762731324534,2020-03-15T07:01:06Z,1547
10.120779973882,46.7628840384865,2020-03-15T08:00:11Z,1559
10.1208071256785,46.762792890099,2020-03-15T09:00:42Z,1559
10.1254694165031,46.7594864347036,2020-03-15T10:00:24Z,1799
10.124929753037,46.7592349851241,2020-03-15T11:00:14Z,1824
10.1249937031207,46.7593147919548,2020-03-15T12:00:41Z,1824
10.1254220219345,46.7592291586028,2020-03-15T13:00:16Z,1837
10.1252195965904,46.7590558098369,2020-03-15T14:00:42Z,1837
10.1252338580266,46.7592800117534,2020-03-15T15:00:19Z,1837
10.1271339786881,46.7599039892088,2020-03-15T16:01:36Z,1797
10.1242828793399,46.7608670319234,2020-03-15T17:00:42Z,1698
10.123394436958,46.7608994103089,2020-03-15T18:00:42Z,1673
10.1233709718131,46.7610128942043,2020-03-15T19:00:42Z,1673
10.1233180592972,46.7610139354631,2020-03-15T20:00:17Z,1673
10.1233686716399,46.7609941234018,2020-03-15T21:00:42Z,1673
10.1233346239856,46.7609919950431,2020-03-15T22:00:14Z,1673
10.1232692923899,46.7609702255427,2020-03-15T23:00:42Z,1673
10.1233847728741,46.7610639124924,2020-03-16T00:00:42Z,1673
10.123540746554,46.7610351767477,2020-03-16T01:00:14Z,1687
10.1233369241525,46.7610230871698,2020-03-16T02:00:42Z,1673
10.1233631529284,46.7610892313222,2020-03-16T03:00:15Z,1673
10.1233659080403,46.7610054755328,2020-03-16T04:00:42Z,1673
10.1233824726947,46.7609712137533,2020-03-16T05:00:13Z,1673
10.1245446694509,46.761190415623,2020-03-16T06:00:42Z,1698
10.1247972636741,46.7619469430874,2020-03-16T07:00:42Z,1633
10.1255246959839,46.762327047948,2020-03-16T08:00:16Z,1647
10.1273628221538,46.7625212649543,2020-03-16T09:00:36Z,1627
10.1273591438216,46.7624003630911,2020-03-16T10:00:42Z,1627
10.1274083742786,46.762407786962,2020-03-16T11:00:14Z,1627
10.1274097514126,46.7623805475182,2020-03-16T12:00:42Z,1627
10.127002085624,46.762287086349,2020-03-16T13:00:14Z,1669
10.1272210937133,46.7623044655765,2020-03-16T14:00:20Z,1669
10.1272279970032,46.7624100611843,2020-03-16T15:00:41Z,1627
10.1264725101943,46.7622075423118,2020-03-16T16:01:06Z,1665
10.1243210500141,46.7624753535988,2020-03-16T17:00:16Z,1580
10.1222403838572,46.763051752622,2020-03-16T18:01:00Z,1553
10.1174412703329,46.7690318969711,2020-03-16T19:00:42Z,1406
10.1171894526965,46.7700354826191,2020-03-16T20:00:16Z,1445
10.1172363481357,46.7704322691285,2020-03-16T21:00:36Z,1445
10.1185649124612,46.7704974736907,2020-03-16T22:00:15Z,1441
10.1193150149618,46.7705625884687,2020-03-16T23:00:42Z,1438
10.1195759399613,46.7706536266772,2020-03-17T00:00:07Z,1455
10.1171742678655,46.7699993835556,2020-03-17T01:00:16Z,1426
10.1184099716202,46.7687980121537,2020-03-17T02:00:42Z,1387
10.1191903441878,46.7656771906131,2020-03-17T03:00:08Z,1439
10.1192069504606,46.765524326426,2020-03-17T04:00:42Z,1439
10.1183195231906,46.7640471487751,2020-03-17T05:00:14Z,1506
10.1201505691861,46.7624441476483,2020-03-17T06:00:42Z,1547
10.1216423662225,46.7611930672929,2020-03-17T07:01:00Z,1634
10.1217946608916,46.7612590506854,2020-03-17T08:00:12Z,1618
10.1217900612047,46.7612030268168,2020-03-17T09:00:42Z,1618
10.1218793248935,46.7613399378704,2020-03-17T10:00:13Z,1618
10.1219023235316,46.7612627387898,2020-03-17T11:00:42Z,1618
10.121554078513,46.7605123271332,2020-03-17T12:01:11Z,1661
10.1220206380538,46.7602978284546,2020-03-17T13:00:21Z,1673
10.1220947167304,46.7601275687641,2020-03-17T14:00:42Z,1673
10.1215822038304,46.759704858589,2020-03-17T15:00:42Z,1689
10.1216866275188,46.7599902877332,2020-03-17T16:00:42Z,1699
10.121753788273,46.7601163963333,2020-03-17T17:00:51Z,1673
10.1219110558676,46.7614295528034,2020-03-17T18:00:42Z,1618
10.1217219633274,46.7612542154586,2020-03-17T19:00:42Z,1618
10.1219083067849,46.7613962548046,2020-03-17T20:00:15Z,1618
10.122385318825,46.7631285104879,2020-03-17T21:01:05Z,1554
10.1185825950755,46.7683391908624,2020-03-17T22:00:08Z,1387
10.1172327079531,46.7700202916227,2020-03-17T23:00:42Z,1426
10.1174223031763,46.7700607790956,2020-03-18T00:00:08Z,1445
10.1171335567983,46.7677955439606,2020-03-18T01:00:33Z,1383
10.1175423784245,46.7667876122671,2020-03-18T02:00:09Z,1403
10.1144998994599,46.7641726604311,2020-03-18T03:00:42Z,1447
10.1145302646575,46.764214062038,2020-03-18T04:00:44Z,1447
10.1145339552685,46.7641932710094,2020-03-18T05:00:41Z,1447
10.1170884112052,46.7629336246768,2020-03-18T06:00:10Z,1523
10.1198294919723,46.7617257834901,2020-03-18T07:01:33Z,1591
10.1226867808442,46.7615292987905,2020-03-18T08:00:34Z,1628
10.1257643215347,46.7595118241469,2020-03-18T09:02:00Z,1799
10.1250608746182,46.7594285732221,2020-03-18T10:00:36Z,1824
10.1252775631026,46.7593517464809,2020-03-18T11:00:15Z,1837
10.1250847970772,46.7594143444122,2020-03-18T12:00:42Z,1824
10.1249918640384,46.7594399153998,2020-03-18T13:00:18Z,1788
10.1250760570029,46.7594277099921,2020-03-18T14:00:42Z,1824
10.1245575587587,46.759136413808,2020-03-18T15:00:42Z,1802
10.1221081324711,46.7589936180607,2020-03-18T16:02:11Z,1725
10.122055602471,46.7602289124187,2020-03-18T17:00:42Z,1673
10.1193658690498,46.7605890657888,2020-03-18T18:01:12Z,1633
10.1187326568557,46.7678488957539,2020-03-18T19:00:42Z,1384
10.1186459133021,46.770488250954,2020-03-18T20:00:14Z,1441
10.1185078590464,46.7704308413442,2020-03-18T21:00:42Z,1441
10.1172888488174,46.7700655481326,2020-03-18T22:00:13Z,1445
10.1173040336818,46.77004620845,2020-03-18T23:00:13Z,1445
10.1171894526965,46.7700231629012,2020-03-19T00:00:41Z,1426
10.1177288244647,46.7697349483903,2020-03-19T01:00:13Z,1423
10.1174996166013,46.7700661922404,2020-03-19T02:00:14Z,1445
10.1186599843598,46.7674913657681,2020-03-19T03:00:42Z,1394
10.1220474795593,46.7647376654064,2020-03-19T04:00:42Z,1451
10.1221809360902,46.7644849256319,2020-03-19T05:00:14Z,1493
10.1231348376654,46.763502484984,2020-03-19T06:01:12Z,1552
10.1248060078516,46.7624618127595,2020-03-19T07:00:36Z,1592
10.1248515577857,46.7623837651687,2020-03-19T08:00:15Z,1592
10.1247991060985,46.7623377339373,2020-03-19T09:00:42Z,1633
10.1247899037755,46.7625090731907,2020-03-19T10:00:42Z,1592
10.124751714936,46.7627057153793,2020-03-19T11:00:15Z,1592
10.1247521748427,46.7624784517156,2020-03-19T12:00:41Z,1592
10.1246155219353,46.7624430911913,2020-03-19T13:00:14Z,1592
10.1247351505433,46.7623749723732,2020-03-19T14:00:42Z,1633
10.1246159821878,46.7623575201524,2020-03-19T15:00:44Z,1633
10.1246426684819,46.7624073875996,2020-03-19T16:01:30Z,1592
10.1247190466275,46.7624530356308,2020-03-19T17:01:00Z,1592
10.1212350478235,46.7626819343165,2020-03-19T18:00:40Z,1569
10.1181209416096,46.7692218377277,2020-03-19T19:00:47Z,1404
10.1192091562142,46.7708295627212,2020-03-19T20:00:21Z,1459
10.1174061608012,46.7704114362855,2020-03-19T21:00:42Z,1445
10.1172676762147,46.7700869117805,2020-03-19T22:00:12Z,1445
10.1172805618005,46.7700796008534,2020-03-19T23:00:42Z,1445
10.1173942327195,46.7700443107381,2020-03-20T00:00:12Z,1445
10.1152273270956,46.7692901748021,2020-03-20T01:00:43Z,1407
10.1125542530284,46.7685647008312,2020-03-20T02:00:14Z,1404
10.1139962993516,46.7630434641737,2020-03-20T03:00:42Z,1466
10.1155074604482,46.7627016945109,2020-03-20T04:00:44Z,1510
10.1161898687682,46.7624413540248,2020-03-20T05:00:20Z,1519
10.1218525696841,46.7621093863347,2020-03-20T06:01:25Z,1595
10.1242847060561,46.762044793023,2020-03-20T07:01:02Z,1622
10.1255118075301,46.7620124793158,2020-03-20T08:00:15Z,1647
10.1252559911205,46.7622630679148,2020-03-20T09:00:42Z,1647
10.127241803611,46.7623132275236,2020-03-20T10:00:42Z,1669
10.1272873554851,46.7622798360207,2020-03-20T11:00:18Z,1669
10.1273098961871,46.7622250725063,2020-03-20T12:00:41Z,1669
10.1272054561672,46.7622245646625,2020-03-20T13:00:14Z,1669
10.1271465677165,46.7625171727139,2020-03-20T14:00:14Z,1627
10.1273568252355,46.7624231830133,2020-03-20T15:00:42Z,1627
10.1272349003025,46.7623185208874,2020-03-20T16:00:42Z,1669
10.1256622713558,46.7625193071994,2020-03-20T17:00:42Z,1606
10.1214779589671,46.7631070769218,2020-03-20T18:01:03Z,1548
10.1174164098226,46.7691726146329,2020-03-20T19:00:43Z,1406
10.1173698506407,46.7700193676006,2020-03-20T20:00:13Z,1426
10.1185437403979,46.7705496365487,2020-03-20T21:00:42Z,1441
10.1175428719785,46.7700571610059,2020-03-20T22:00:42Z,1445
10.1175715130564,46.7688945810567,2020-03-20T23:00:12Z,1404
10.117493290425,46.7689478723766,2020-03-21T00:00:42Z,1406
10.1175148015017,46.770065332104,2020-03-21T01:00:08Z,1445
10.1173615636733,46.7700518998785,2020-03-21T02:00:07Z,1445
10.1193221228004,46.7680345689553,2020-03-21T03:00:42Z,1383
10.1206681516376,46.7629620696465,2020-03-21T04:00:42Z,1559
10.1207841032717,46.7629332261735,2020-03-21T05:00:17Z,1559
10.1220674331049,46.7622577789731,2020-03-21T06:01:06Z,1595
10.1225763384463,46.7618896489439,2020-03-21T07:00:40Z,1600
10.1226715848961,46.7617904356727,2020-03-21T08:00:42Z,1600
10.1228064094607,46.761824657753,2020-03-21T09:00:42Z,1600
10.1245814766473,46.7620944762603,2020-03-21T10:00:14Z,1622
10.1238899386624,46.7618885637619,2020-03-21T11:00:42Z,1613
10.1239566537285,46.7619755034454,2020-03-21T12:00:41Z,1613
10.1239460711435,46.762026228704,2020-03-21T13:00:08Z,1613
10.1240804207072,46.7619442493006,2020-03-21T14:00:43Z,1622
10.1239046598908,46.7619609503534,2020-03-21T15:00:11Z,1613
10.1239281254872,46.7619460368521,2020-03-21T16:00:41Z,1613
10.1238793560599,46.7618900044139,2020-03-21T17:00:10Z,1613
10.1238121786806,46.7619379197019,2020-03-21T18:00:42Z,1613
10.1225422203122,46.7630656974961,2020-03-21T19:00:09Z,1554
10.1221727498199,46.7630543332851,2020-03-21T20:00:42Z,1553
10.1221037326289,46.7629547828235,2020-03-21T21:00:42Z,1573
10.1181517881551,46.7689620562983,2020-03-21T22:00:08Z,1401
10.1185952828636,46.7705327120704,2020-03-21T23:00:42Z,1441
10.1173146199726,46.7700632459803,2020-03-22T00:00:08Z,1445
10.1184135369608,46.7701679421202,2020-03-22T01:00:42Z,1441
10.1188847527535,46.7704437624219,2020-03-22T02:00:09Z,1438
10.1148673759268,46.7698011870794,2020-03-22T03:00:09Z,1422
10.1242768517216,46.7649441777094,2020-03-22T04:01:12Z,1444
10.1244954255855,46.7639982874871,2020-03-22T05:00:11Z,1527
10.1247820823879,46.7625191739423,2020-03-22T06:00:42Z,1592
10.1250811541541,46.7624382040122,2020-03-22T07:00:42Z,1592
10.1249500225791,46.7625849646166,2020-03-22T08:00:08Z,1592
10.1250273211487,46.762504127539,2020-03-22T09:00:43Z,1592
10.1250567678556,46.7625426394387,2020-03-22T10:00:09Z,1592
10.1263607210981,46.7626197787613,2020-03-22T11:00:42Z,1617
10.1267743416403,46.7623816491588,2020-03-22T12:00:59Z,1624
10.1267867560885,46.7622858800635,2020-03-22T13:00:42Z,1665
10.1266860073748,46.7624940539838,2020-03-22T14:00:11Z,1624
10.1267402949462,46.762336398984,2020-03-22T15:00:42Z,1665
10.1268626753652,46.7621953181131,2020-03-22T16:00:32Z,1665
10.1268608146407,46.7619169515942,2020-03-22T17:00:42Z,1665
10.126781671962,46.7619242522777,2020-03-22T18:00:42Z,1665
10.12673704403,46.7619851716902,2020-03-22T19:00:15Z,1665
10.1268764528422,46.7619537297517,2020-03-22T20:00:42Z,1665
10.1267135795561,46.7618214299612,2020-03-22T21:00:16Z,1665
10.1183579950442,46.7685416599267,2020-03-22T22:00:36Z,1387
10.1143514636141,46.7700375166204,2020-03-22T23:00:12Z,1440
10.1150137152443,46.7698753484817,2020-03-23T00:00:43Z,1422
10.1185216564735,46.7704880256955,2020-03-23T01:00:13Z,1441
10.118555238317,46.7707112459305,2020-03-23T02:00:14Z,1461
10.1189993726293,46.7699601159878,2020-03-23T03:00:41Z,1417
10.1194201347986,46.7643177831837,2020-03-23T04:00:14Z,1487
10.1192595412132,46.7644260243095,2020-03-23T05:00:17Z,1489
10.1192237334634,46.7635833665455,2020-03-23T06:01:06Z,1502
10.1190416813499,46.7624293705585,2020-03-23T07:00:42Z,1525
10.1193629236948,46.7619141135013,2020-03-23T08:00:16Z,1565
10.1193192014829,46.7618177397994,2020-03-23T09:00:42Z,1565
10.119323800173,46.7619661741501,2020-03-23T10:00:16Z,1565
10.1252067320825,46.7603521287219,2020-03-23T11:01:05Z,1756
10.1252504236536,46.7593396747075,2020-03-23T12:00:42Z,1837
10.1252384626396,46.7595100480331,2020-03-23T13:00:42Z,1799
10.1252633055942,46.7594925407538,2020-03-23T14:00:17Z,1799
10.1253079318661,46.7595548360388,2020-03-23T15:00:42Z,1799
10.1223713063942,46.7589540562137,2020-03-23T16:01:11Z,1739
10.1218540631195,46.7604527359671,2020-03-23T17:00:16Z,1673
10.1214698624414,46.7609511403054,2020-03-23T18:01:00Z,1634
10.1213672474277,46.7609995191669,2020-03-23T19:00:16Z,1634
10.1183593419185,46.768885592638,2020-03-23T20:00:36Z,1401
10.1186712089677,46.7706824055734,2020-03-23T21:00:15Z,1461
10.1173982580472,46.7712485654812,2020-03-23T22:00:42Z,1489
10.1151368808053,46.7709492409561,2020-03-23T23:00:07Z,1463
10.1146964630812,46.7710927928843,2020-03-24T00:00:14Z,1463
10.1149693648618,46.7710627573683,2020-03-24T01:00:43Z,1463
10.1156961101005,46.7703265460322,2020-03-24T02:00:15Z,1444
10.1176197530027,46.7698385794619,2020-03-24T03:00:43Z,1423
10.119304178843,46.7642911811332,2020-03-24T04:00:17Z,1489
10.119330420616,46.7642710693395,2020-03-24T05:00:08Z,1487
10.1222334837091,46.7630570452027,2020-03-24T06:01:36Z,1553
10.123861410261,46.7619515059665,2020-03-24T07:00:42Z,1613
10.1238968397001,46.7619263944166,2020-03-24T08:00:21Z,1613
10.1238945393532,46.7619692294865,2020-03-24T09:00:42Z,1613
10.1240367134621,46.7620496477042,2020-03-24T10:00:13Z,1622
10.1241457583828,46.7618227959501,2020-03-24T11:00:41Z,1622
10.1246265652966,46.7618909742172,2020-03-24T12:00:42Z,1633
10.1256254281755,46.7611147474694,2020-03-24T13:00:08Z,1718
10.1258844502665,46.7609458972413,2020-03-24T14:00:42Z,1725
10.1258798488322,46.7608837135207,2020-03-24T15:00:09Z,1725
10.1258329204738,46.7609381832689,2020-03-24T16:00:42Z,1725
10.1258462600132,46.7608268209282,2020-03-24T17:00:08Z,1725
10.1230673162021,46.7608145250151,2020-03-24T18:00:44Z,1673
10.1204493831096,46.7650953846724,2020-03-24T19:00:17Z,1460
10.1203716069229,46.7651139435906,2020-03-24T20:00:42Z,1460
10.1193385210593,46.7701087433102,2020-03-24T21:00:08Z,1432
10.1196343164005,46.7718234152663,2020-03-24T22:00:42Z,1508
10.120007059248,46.772195252016,2020-03-24T23:00:08Z,1507
10.1189546181317,46.7715410939288,2020-03-25T00:00:08Z,1483
10.1187190643212,46.7706801161448,2020-03-25T01:00:42Z,1461
10.1174333210777,46.7703634091788,2020-03-25T02:00:08Z,1445
10.1189468809839,46.7704007562744,2020-03-25T03:00:42Z,1438
10.1203716069229,46.7651139435906,2020-03-25T04:00:14Z,1460
10.122815012274,46.7642631291647,2020-03-25T05:00:43Z,1493
10.1217013034952,46.7606571421079,2020-03-25T06:00:58Z,1646
10.1236673315062,46.758779540279,2020-03-25T07:00:42Z,1823
10.1235780768923,46.7588767335669,2020-03-25T08:00:42Z,1780
10.1235610577157,46.7587917432523,2020-03-25T09:00:42Z,1823
10.1235716395096,46.758876554292,2020-03-25T10:00:13Z,1780
10.1239346316135,46.7588322784855,2020-03-25T11:01:36Z,1823
10.1237133400137,46.7586975464414,2020-03-25T12:00:43Z,1823
10.123924511898,46.7587419927614,2020-03-25T13:00:42Z,1823
10.1235707209085,46.7587442963722,2020-03-25T14:00:13Z,1823
10.1234166018814,46.7586294238419,2020-03-25T15:00:42Z,1800
10.1232076906156,46.7595154298957,2020-03-25T16:01:13Z,1727
10.1243330354104,46.760016446096,2020-03-25T17:00:15Z,1768
10.1240440966717,46.7604418048739,2020-03-25T18:00:42Z,1732
10.1240947071405,46.7604589574041,2020-03-25T19:00:16Z,1732
10.1205348783033,46.7612942846746,2020-03-25T20:01:06Z,1602
10.1181982680051,46.7623829956419,2020-03-25T21:00:14Z,1521
10.1137541943769,46.7694969353049,2020-03-25T22:00:42Z,1418
10.1131462690597,46.7696123238696,2020-03-25T23:00:13Z,1420
10.114491393764,46.7698835477211,2020-03-26T00:00:15Z,1419
10.1192018183766,46.7704999795779,2020-03-26T01:00:42Z,1438
10.1187688208277,46.7699659129908,2020-03-26T02:00:13Z,1417
10.1177698251717,46.7693421313127,2020-03-26T03:00:42Z,1404
10.1146784005002,46.7643248117234,2020-03-26T04:00:12Z,1460
10.1173051345926,46.7629876965912,2020-03-26T05:00:42Z,1522
10.1196595963612,46.758839815865,2020-03-26T06:02:36Z,1716
10.1217130523232,46.7575215621738,2020-03-26T07:00:42Z,1833
10.1217434147625,46.75751367491,2020-03-26T08:01:00Z,1833
10.1218943290857,46.7576115578657,2020-03-26T09:00:42Z,1833
10.121712136327501,46.7574262684847,2020-03-26T10:00:11Z,1833
10.1220323429933,46.7570220694528,2020-03-26T11:00:41Z,1873
10.1218262198488,46.757639602602,2020-03-26T12:00:11Z,1833
10.1218878611951,46.7576575127106,2020-03-26T13:00:44Z,1833
10.1218952272954,46.7576467442286,2020-03-26T14:00:10Z,1833
10.1211471297964,46.7579477575798,2020-03-26T15:00:38Z,1771
10.1207472710938,46.7585833771331,2020-03-26T16:01:12Z,1727
10.119561949806,46.759811957181,2020-03-26T17:00:13Z,1656
10.1206145550854,46.7605191651379,2020-03-26T18:00:42Z,1650
10.1206426201776,46.7605787590357,2020-03-26T19:00:09Z,1650
10.1207410831293,46.7605381677317,2020-03-26T20:00:42Z,1650
10.11874945978,46.7660187850748,2020-03-26T21:00:11Z,1420
10.1183018136199,46.7689107007032,2020-03-26T22:00:42Z,1401
10.1165731904238,46.7706285116813,2020-03-26T23:00:11Z,1465
10.1119114520889,46.770531591971,2020-03-27T00:00:11Z,1448
10.1132091546853,46.7707087976892,2020-03-27T01:00:44Z,1461
10.1149423909038,46.7697939913107,2020-03-27T02:00:12Z,1422
10.1156069948027,46.7691808573302,2020-03-27T03:00:42Z,1407
10.1142063477087,46.7640953583985,2020-03-27T04:00:12Z,1464
10.11575006802,46.7617708578902,2020-03-27T05:00:42Z,1510
10.121477105427,46.7623911202921,2020-03-27T06:02:07Z,1569
10.125526003159,46.7593845179266,2020-03-27T07:01:08Z,1837
10.1250976513104,46.7572172260857,2020-03-27T08:00:42Z,1939
10.1256280684549,46.7571133509559,2020-03-27T09:00:14Z,1960
10.1256036855822,46.757008329851,2020-03-27T10:00:42Z,1992
10.1255765446645,46.7570440282695,2020-03-27T11:00:14Z,1992
10.1255954054111,46.7570038965181,2020-03-27T12:00:41Z,1992
10.1257430753647,46.7569091224936,2020-03-27T13:00:12Z,1992
10.1256128871215,46.7569293910368,2020-03-27T14:00:42Z,1992
10.1256579736217,46.7570308427922,2020-03-27T15:00:42Z,1992
10.1258038007332,46.7570966517116,2020-03-27T16:00:12Z,1972
10.1250562462637,46.7569224851336,2020-03-27T17:00:42Z,1976
10.1243128261011,46.7570732240423,2020-03-27T18:00:44Z,1951
10.1259350334876,46.7601945667734,2020-03-27T19:00:13Z,1761
10.1241181717122,46.7604194013361,2020-03-27T20:00:42Z,1732
10.1241121901919,46.7603844548109,2020-03-27T21:00:13Z,1732
10.1135241897189,46.7630619705765,2020-03-27T22:00:42Z,1466
10.1198612504091,46.7707326485439,2020-03-27T23:00:10Z,1455
10.1181829848371,46.7701737378206,2020-03-28T00:00:10Z,1441
10.118087275702,46.7700674399016,2020-03-28T01:00:42Z,1443
10.118959328894,46.7700647335437,2020-03-28T02:00:10Z,1438
10.1147537039779,46.7698426346066,2020-03-28T03:00:42Z,1422
10.1192455329475,46.7659552051049,2020-03-28T04:00:11Z,1420
10.122631021658,46.7631156798205,2020-03-28T05:00:42Z,1554
10.1251874404532,46.762573858185,2020-03-28T06:02:23Z,1592
10.1264205002427,46.7618819015786,2020-03-28T07:00:50Z,1665
10.1266991081548,46.7583324491643,2020-03-28T09:00:42Z,1884
10.1262992755766,46.7574728017575,2020-03-28T10:00:11Z,1972
10.1263857641538,46.7574239178812,2020-03-28T11:00:13Z,1972
10.1262698346705,46.7574404444185,2020-03-28T12:00:41Z,1972
10.1253902359877,46.7572608107703,2020-03-28T13:00:46Z,1960
10.1253290477513,46.7570341271312,2020-03-28T14:00:42Z,1992
10.1253111076934,46.7571017813576,2020-03-28T15:00:14Z,1960
10.125331348082801,46.757083701464,2020-03-28T16:00:42Z,1960
10.124143068651,46.7570647607583,2020-03-28T17:00:32Z,1951
10.1231125623827,46.7572446282729,2020-03-28T18:00:42Z,1879
10.1231410789267,46.7573495379752,2020-03-28T19:00:14Z,1879
10.1232602385078,46.7572915559415,2020-03-28T20:00:42Z,1879
10.1231056525893,46.7574547337864,2020-03-28T21:00:42Z,1879
10.120112511396,46.7574270246757,2020-03-28T22:00:13Z,1784
10.1160715761252,46.7673227380573,2020-03-28T23:00:41Z,1385
10.1188715052295,46.7690843345979,2020-03-29T00:00:12Z,1398
10.1155586003282,46.7696583814013,2020-03-29T01:00:44Z,1425
10.1155342204004,46.7696026385514,2020-03-29T02:00:11Z,1425
10.1156193969538,46.7692899265366,2020-03-29T03:00:42Z,1407
10.122237538402,46.7642967569,2020-03-29T04:00:12Z,1493
10.1210256274541,46.7633424882975,2020-03-29T05:00:44Z,1538
10.122798640296,46.7589438937823,2020-03-29T06:02:15Z,1739
10.1235711766344,46.7588450645505,2020-03-29T07:00:42Z,1780
10.1236125852016,46.7587748156551,2020-03-29T08:00:42Z,1823
10.1237322155927,46.7586297534507,2020-03-29T09:00:17Z,1823
10.1240841555318,46.7586863116191,2020-03-29T10:01:03Z,1843
10.1241002568215,46.7588115451822,2020-03-29T11:00:42Z,1843
10.1240859979593,46.7586905655808,2020-03-29T12:00:42Z,1843
10.124236897713,46.7586605693784,2020-03-29T13:00:15Z,1843
10.1241370634324,46.7587592021891,2020-03-29T14:00:42Z,1843
10.1242120507559,46.7589321760331,2020-03-29T15:00:42Z,1802
10.1234851557411,46.7584865106264,2020-03-29T16:01:13Z,1823
10.122042805327,46.7589287237499,2020-03-29T17:00:53Z,1725
10.1214265936087,46.7609986650889,2020-03-29T18:00:28Z,1634
10.1189911602749,46.768997739108,2020-03-29T19:00:42Z,1398
10.1191916710985,46.7708178123389,2020-03-29T20:00:11Z,1459
10.1170784125186,46.7713577095768,2020-03-29T21:00:42Z,1489
10.1157378579421,46.7714012518894,2020-03-29T22:00:11Z,1491
10.1139334786876,46.7711581520706,2020-03-29T23:00:14Z,1461
10.1118415239319,46.7704291479449,2020-03-30T00:00:41Z,1448
10.1143080746105,46.7709428879188,2020-03-30T01:00:42Z,1462
10.1146381538348,46.7701262651994,2020-03-30T02:00:09Z,1441
10.1199589312543,46.7645171058457,2020-03-30T03:00:42Z,1487
10.1197693564249,46.7644026951981,2020-03-30T04:00:42Z,1487
10.1200460561947,46.7630011574568,2020-03-30T05:00:12Z,1525
10.1200343274343,46.7608798480707,2020-03-30T06:01:10Z,1620
10.1210071166943,46.7594415269814,2020-03-30T07:00:10Z,1677
10.1210025175423,46.7594409498972,2020-03-30T08:00:42Z,1677
10.1209546721195,46.7594370886312,2020-03-30T09:00:42Z,1677
10.1209744531979,46.7594614463472,2020-03-30T10:00:10Z,1677
10.1209698540633,46.7594239042593,2020-03-30T11:00:42Z,1701
10.1209509879869,46.7594147506809,2020-03-30T12:00:42Z,1701
10.1210117158504,46.7594605865845,2020-03-30T13:00:42Z,1677
10.1209238385991,46.7595675070908,2020-03-30T14:00:10Z,1677
10.1207949892834,46.7596852684213,2020-03-30T15:01:12Z,1677
10.1209652308553,46.7597267219376,2020-03-30T16:00:42Z,1677
10.1209955949417,46.7596880317765,2020-03-30T17:00:42Z,1677
10.1204970351551,46.7625142309325,2020-03-30T18:00:44Z,1559
10.1241879940506,46.7703093853598,2020-03-30T19:00:42Z,1420
10.1197466341265,46.7713333257962,2020-03-30T20:00:15Z,1481
10.1179504798213,46.771416608596,2020-03-30T21:00:40Z,1486
10.1149114102431,46.7708207527208,2020-03-30T22:00:13Z,1463
10.112872803822,46.7705056618929,2020-03-30T23:00:13Z,1439
10.1143527891484,46.7703691255807,2020-03-31T00:00:43Z,1440
10.1167104383006,46.7697312452822,2020-03-31T01:00:12Z,1427
10.1148347724294,46.7694807208475,2020-03-31T02:00:14Z,1422
10.1178236661858,46.7692823780099,2020-03-31T03:00:41Z,1404
10.120045313752,46.7656325896519,2020-03-31T04:00:33Z,1432
10.1193396877821,46.7636530929174,2020-03-31T05:00:42Z,1502
10.1213474222263,46.761341691629,2020-03-31T06:00:42Z,1609
10.1215926665246,46.7613882628451,2020-03-31T07:00:13Z,1609
10.1215751839946,46.7612717835901,2020-03-31T08:00:41Z,1609
10.1216069333146,46.7613229087471,2020-03-31T09:00:42Z,1609
10.1215623010764,46.761322220353,2020-03-31T10:00:14Z,1609
10.1216354667916,46.761364699024,2020-03-31T11:01:06Z,1609
10.1215595332303,46.7612534842487,2020-03-31T12:00:17Z,1609
10.1211003922138,46.7608304079141,2020-03-31T13:00:42Z,1634
10.1211542003391,46.7612280613882,2020-03-31T14:00:15Z,1609
10.1203577296454,46.7613382188591,2020-03-31T15:00:41Z,1598
10.1209144451047,46.7616485293591,2020-03-31T16:01:06Z,1602
10.1207998571335,46.761793357382,2020-03-31T17:00:33Z,1582
10.120529283964,46.7621024537534,2020-03-31T18:01:03Z,1582
10.1202766892252,46.7621020920552,2020-03-31T19:00:42Z,1574
10.1150663811272,46.7639904440105,2020-03-31T20:00:59Z,1478
10.1191392158376,46.7706470464202,2020-03-31T21:00:42Z,1459
10.1185846968389,46.7705649532775,2020-03-31T22:00:16Z,1441
10.1185708993134,46.7704954493589,2020-03-31T23:00:08Z,1441
10.116826306043,46.7705433113785,2020-04-01T00:00:42Z,1446
10.1175529798351,46.770227537706504,2020-04-01T01:00:07Z,1443
10.1188276988719,46.7703216919728,2020-04-01T02:00:16Z,1438
10.1172360138983,46.7693427287318,2020-04-01T03:00:36Z,1406
10.1177713636508,46.7650479712345,2020-04-01T04:00:16Z,1462
10.1176517175588,46.7650791220036,2020-04-01T05:00:42Z,1462
10.1176328463924,46.7651069351516,2020-04-01T06:00:56Z,1462
10.1176471192905,46.7650908630438,2020-04-01T07:00:36Z,1462
10.1176494184241,46.7651034736629,2020-04-01T08:00:42Z,1462
10.1148163894202,46.7583706915611,2020-04-01T09:00:09Z,1622
10.1173985169006,46.7579115418447,2020-04-01T10:00:42Z,1709
10.1173801274892,46.7579770060223,2020-04-01T11:00:42Z,1709
10.1174068015958,46.75790365353,2020-04-01T12:00:14Z,1709
10.1172425432623,46.7578170459418,2020-04-01T13:00:50Z,1709
10.1170309230043,46.7579798646752,2020-04-01T14:00:42Z,1709
10.1168777272246,46.7578493794338,2020-04-01T15:00:42Z,1691
10.1169393592197,46.7578549708887,2020-04-01T16:00:16Z,1691
10.1159399151853,46.7603559402248,2020-04-01T17:00:42Z,1550
10.1149325425191,46.7612139155896,2020-04-01T18:00:16Z,1499
10.1154391161916,46.7660802724473,2020-04-01T19:00:42Z,1410
10.1194065666648,46.7710894080933,2020-04-01T20:00:42Z,1455
10.1201777888659,46.7722881866008,2020-04-01T21:00:42Z,1507
10.134207898948,46.7746442392062,2020-04-01T22:00:08Z,1516
10.13220857711,46.7734018268067,2020-04-01T23:00:07Z,1479
10.1283187621039,46.7718859322726,2020-04-02T00:00:41Z,1458
10.1196141236594,46.7707665528807,2020-04-02T01:00:07Z,1455
10.1195280839124,46.7705573599819,2020-04-02T02:00:42Z,1432
10.1206725172056,46.7653360092751,2020-04-02T03:01:09Z,1427
10.1207229258268,46.7628235723422,2020-04-02T04:00:18Z,1559
10.1228630293721,46.7608695210922,2020-04-02T05:00:42Z,1673
10.1232206105327,46.7586395603675,2020-04-02T06:00:42Z,1800
10.1236020034175,46.7588132202305,2020-04-02T07:00:10Z,1823
10.1236383489383,46.7588772458893,2020-04-02T08:00:42Z,1780
10.1237018394791,46.7588624459139,2020-04-02T09:00:09Z,1780
10.1242157465097,46.7578380416763,2020-04-02T10:00:42Z,1879
10.1243638835363,46.7575591327451,2020-04-02T11:00:42Z,1915
10.1241830864711,46.7573451126561,2020-04-02T12:00:09Z,1915
10.12410212139,46.7573589860326,2020-04-02T13:00:42Z,1915
10.1240501347736,46.7574861189422,2020-04-02T14:00:41Z,1915
10.1236917648604,46.7571413375768,2020-04-02T15:00:42Z,1896
10.1232694472476,46.7569092346489,2020-04-02T16:00:42Z,1913
10.1232192946884,46.7570729305263,2020-04-02T17:00:48Z,1913
10.1234759711124,46.7580634097652,2020-04-02T18:00:42Z,1861
10.1222298004612,46.7630901566259,2020-04-02T19:00:42Z,1553
10.1187794832903,46.7689572419681,2020-04-02T20:00:16Z,1398
10.1193579356498,46.7688587596066,2020-04-02T21:00:42Z,1394
10.1175586276853,46.7688649319843,2020-04-02T22:00:09Z,1404
10.1176520351997,46.7690448610228,2020-04-02T23:00:09Z,1404
10.1174026141403,46.7691523900842,2020-04-03T00:00:41Z,1406
10.1155025199176,46.7692234690061,2020-04-03T01:00:09Z,1407
10.117617499491,46.7693870351641,2020-04-03T02:00:42Z,1404
10.1198369596289,46.7691876284519,2020-04-03T03:00:11Z,1394
10.1214136712209,46.7672041696511,2020-04-03T04:00:42Z,1394
10.1219846001521,46.7624414124413,2020-04-03T05:00:39Z,1573
10.1216787344886,46.7610029792701,2020-04-03T06:00:42Z,1646
10.1214882397876,46.7611089925109,2020-04-03T07:00:17Z,1634
10.1218227449822,46.7610029244713,2020-04-03T08:00:42Z,1646
10.1243169262029,46.7608814813415,2020-04-03T09:01:00Z,1698
10.1259290778591,46.7608972993515,2020-04-03T10:00:42Z,1725
10.1259645024478,46.760939955577,2020-04-03T11:00:16Z,1725
10.12598796653,46.7608511146595,2020-04-03T12:00:42Z,1725
10.1257196343549,46.7577910427338,2020-04-03T13:00:42Z,1919
10.1239696461248,46.7562516988631,2020-04-03T14:00:42Z,1971
10.1238486556041,46.7562915986724,2020-04-03T15:00:43Z,1971
10.1194547650182,46.7564048451309,2020-04-03T16:00:17Z,1849
10.1193351814982,46.7563174362183,2020-04-03T17:00:56Z,1849
10.1197375872207,46.7572889899734,2020-04-03T18:00:15Z,1781
10.1166544187505,46.7609328769292,2020-04-03T19:00:42Z,1545
10.1095381121915,46.7657523875442,2020-04-03T20:00:14Z,1402
10.1093186688273,46.7655417823368,2020-04-03T21:00:42Z,1402
10.1105281708095,46.7663896313714,2020-04-03T22:00:14Z,1392
10.110856199016,46.7667115500586,2020-04-03T23:00:42Z,1398
10.1096829457197,46.7661695383234,2020-04-04T00:00:15Z,1409
10.1083525399523,46.763441871039,2020-04-04T01:00:42Z,1396
10.1059947747007,46.7620914289161,2020-04-04T02:00:44Z,1393
10.1140444202272,46.7616119186174,2020-04-04T03:01:00Z,1487
10.1169916281977,46.7610464657647,2020-04-04T04:00:22Z,1559
10.1191846684476,46.7598045183649,2020-04-04T05:00:42Z,1647
10.1181879230101,46.7583102777187,2020-04-04T06:00:42Z,1702
10.118152009784,46.7583531781945,2020-04-04T07:00:10Z,1702
10.1182367180235,46.7579766621583,2020-04-04T08:00:41Z,1738
10.1182394516115,46.7582687084899,2020-04-04T09:00:17Z,1702
10.1183158331768,46.7581233812775,2020-04-04T10:00:43Z,1738
10.1181856241305,46.7584085640411,2020-04-04T11:00:42Z,1702
10.1184828248349,46.7584897093166,2020-04-04T12:00:42Z,1702
10.1182840834933,46.7582324351456,2020-04-04T13:00:16Z,1738
10.1180144693024,46.758296450613,2020-04-04T14:01:05Z,1687
10.1183310142086,46.7583258296646,2020-04-04T15:00:42Z,1702
10.1180029750954,46.7585352842095,2020-04-04T16:00:18Z,1687
10.1190286899681,46.7597161908302,2020-04-04T17:00:42Z,1647
10.1203840225192,46.7606497069272,2020-04-04T18:00:14Z,1620
10.1195198983485,46.7691252526451,2020-04-04T19:00:42Z,1394
10.1185102787205,46.7689172125262,2020-04-04T20:00:13Z,1401
10.1183238969093,46.7689476725082,2020-04-04T21:00:42Z,1401
10.1187251283541,46.7696770311618,2020-04-04T22:00:13Z,1421
10.1193132935354,46.7689196771043,2020-04-04T23:00:13Z,1398
10.1196106017803,46.7685680352347,2020-04-05T00:00:41Z,1384
10.1192129847709,46.7688189575131,2020-04-05T01:00:13Z,1386
10.1196271076286,46.7693438838871,2020-04-05T02:00:14Z,1394
10.1208451321287,46.7646600273469,2020-04-05T03:00:41Z,1488
10.1206948592258,46.7628563884459,2020-04-05T04:00:42Z,1559
10.1215627893117,46.7610318234959,2020-04-05T05:00:13Z,1634
10.1219571594608,46.7599229839543,2020-04-05T06:01:00Z,1699
10.1239222068795,46.7590142882078,2020-04-05T07:00:58Z,1780
10.1237662486877,46.7589552603179,2020-04-05T08:01:00Z,1780
10.1240031837354,46.7588557055223,2020-04-05T09:00:17Z,1780
10.1238412395692,46.7587262753351,2020-04-05T10:00:42Z,1823
10.1238044319217,46.7588463871063,2020-04-05T11:00:12Z,1780
10.1239949022684,46.7585309122066,2020-04-05T12:00:42Z,1823
10.1234810342279,46.7579414575174,2020-04-05T13:00:13Z,1861
10.123026992783,46.7571608507955,2020-04-05T14:01:12Z,1879
10.1229607506427,46.7570992402054,2020-04-05T15:00:35Z,1879
10.1232179128622,46.7571001654115,2020-04-05T16:00:15Z,1879
10.123291519115,46.7571818128084,2020-04-05T17:00:42Z,1879
10.1233908631766,46.7579680002676,2020-04-05T18:00:33Z,1841
10.1205432426224,46.7606780734708,2020-04-05T19:00:35Z,1625
10.120542113557,46.7626957861635,2020-04-05T20:00:17Z,1559
10.118478521239,46.7689461783158,2020-04-05T21:00:42Z,1401
10.1180082267555,46.7688334075386,2020-04-05T22:00:08Z,1388
10.1176630993318,46.7688346385422,2020-04-05T23:00:08Z,1388
10.1183160869244,46.7688638246627,2020-04-06T00:00:41Z,1401
10.1186018637111,46.7688326290845,2020-04-06T01:00:09Z,1387
10.1178177234368,46.7687407446655,2020-04-06T02:00:42Z,1388
10.1220439154816,46.7629426370479,2020-04-06T03:00:42Z,1573
10.1238664992651,46.7608855047623,2020-04-06T04:00:13Z,1687
10.1227922539783,46.759208749041,2020-04-06T05:00:42Z,1739
10.1236093664594,46.7588147712335,2020-04-06T06:00:42Z,1823
10.1236263857489,46.7589428867482,2020-04-06T07:00:36Z,1780
10.1236549122819,46.7588491463772,2020-04-06T08:00:42Z,1780
10.1236834386774,46.7588478175828,2020-04-06T09:00:38Z,1780
10.1233573244802,46.7567761719501,2020-04-06T10:00:42Z,1913
10.1235257051394,46.7565161501797,2020-04-06T11:00:13Z,1930
10.1237060461579,46.7563629956952,2020-04-06T12:00:43Z,1971
10.1234677442665,46.7563850440769,2020-04-06T13:00:12Z,1971
10.1234143753512,46.7565332496005,2020-04-06T14:00:41Z,1913
10.1236324281052,46.7566539930859,2020-04-06T15:00:26Z,1930
10.123372050606,46.756631420386,2020-04-06T16:00:42Z,1913
10.123611728511,46.7568670332716,2020-04-06T17:00:12Z,1930
10.1205905457535,46.7571585475025,2020-04-06T18:00:16Z,1791
10.1180568584212,46.766652433624,2020-04-06T19:00:42Z,1407
10.1184645304297,46.7667213024732,2020-04-06T20:00:15Z,1407
10.1151609716258,46.766957699799804,2020-04-06T21:00:42Z,1398
10.1178549909591,46.7688138163671,2020-04-06T22:00:12Z,1388
10.1186561409982,46.7690646313342,2020-04-06T23:00:42Z,1401
10.1191738546562,46.7690003921603,2020-04-07T00:00:12Z,1398
10.1188774541054,46.7695520468139,2020-04-07T01:00:42Z,1417
10.1196910292573,46.7700228005789,2020-04-07T02:00:42Z,1411
10.1211842937032,46.7642696002761,2020-04-07T03:00:12Z,1491
10.1216902141544,46.7611168404894,2020-04-07T04:00:17Z,1646
10.1214768032038,46.7603020890553,2020-04-07T05:00:44Z,1661
10.1241476449957,46.758505170401,2020-04-07T06:00:42Z,1843
10.1251335593582,46.7590176156048,2020-04-07T07:00:42Z,1824
10.125202106891,46.7587946124156,2020-04-07T08:00:12Z,1862
10.1251381571746,46.7588256996748,2020-04-07T09:00:41Z,1862
10.1248837439963,46.7590490453265,2020-04-07T10:00:39Z,1824
10.1247673485802,46.7588615815566,2020-04-07T11:00:42Z,1824
10.1247563072977,46.7588931394864,2020-04-07T12:00:42Z,1824
10.1250098016458,46.7588948586215,2020-04-07T13:00:12Z,1824
10.1248404981094,46.7587931735845,2020-04-07T14:00:42Z,1862
10.1251551808615,46.7588675638552,2020-04-07T15:01:35Z,1824
10.1252223485625,46.7588442974696,2020-04-07T16:00:21Z,1837
10.1236135107359,46.758652972309,2020-04-07T17:01:00Z,1823
10.1222962213248,46.7604242856402,2020-04-07T18:00:42Z,1686
10.1184762217205,46.7689582076658,2020-04-07T19:00:42Z,1401
10.1175296471981,46.7688086078765,2020-04-07T20:00:13Z,1389
10.1193542491982,46.7689226739361,2020-04-07T21:00:42Z,1394
10.1191030034079,46.7687780153474,2020-04-07T22:00:12Z,1386
10.1181669729796,46.7690412760942,2020-04-07T23:00:11Z,1401
10.1193574618951,46.7690244204384,2020-04-08T00:00:41Z,1394
10.1176474365364,46.7689703594417,2020-04-08T01:00:17Z,1404
10.1194434993227,46.7692644161003,2020-04-08T02:00:42Z,1394
10.1191679041105,46.7686250781891,2020-04-08T03:00:12Z,1386
10.1275272041677,46.7638137381857,2020-04-08T04:01:06Z,1542
10.1277929508079,46.7616852032502,2020-04-08T05:00:14Z,1704
10.128145179518,46.7591767342417,2020-04-08T06:00:42Z,1823
10.1278125329097,46.7594395688147,2020-04-08T07:00:42Z,1791
10.1276561032711,46.7592135221655,2020-04-08T08:00:42Z,1823
10.1278280856945,46.758928170128,2020-04-08T09:00:17Z,1823
10.1274541444591,46.759472112185,2020-04-08T10:00:52Z,1797
10.1289547676678,46.7577369820043,2020-04-08T11:00:55Z,1842
10.1308668934471,46.7554284361063,2020-04-08T12:01:30Z,1883
10.1302273556908,46.7552665223152,2020-04-08T13:00:47Z,1919
10.1298078307744,46.7549629737086,2020-04-08T14:00:44Z,1930
10.1297930626978,46.75490143894,2020-04-08T15:00:18Z,1930
10.1299007081465,46.754794219297096,2020-04-08T16:01:12Z,1930
10.1308706484033,46.7559096767427,2020-04-08T17:00:42Z,1848
10.1284772502741,46.7627026676729,2020-04-08T18:00:11Z,1622
10.1252795393177,46.7674369144463,2020-04-08T19:00:42Z,1386
10.1239708085239,46.7680830610333,2020-04-08T20:00:09Z,1384
10.121880722381,46.7674939547025,2020-04-08T21:00:12Z,1394
10.1256085541198,46.7670686095409,2020-04-08T22:00:41Z,1393
10.1223951700399,46.7681195908658,2020-04-08T23:00:09Z,1386
10.1221853101849,46.7685361477486,2020-04-09T00:00:42Z,1379
10.1219464773378,46.7685621648475,2020-04-09T01:00:08Z,1379
10.1272743911692,46.7678279268108,2020-04-09T02:00:42Z,1390
10.1253664332948,46.7629638363269,2020-04-09T03:00:55Z,1606
10.121542518771,46.7613101835305,2020-04-09T04:00:41Z,1609
10.1213410781057,46.7603805041048,2020-04-09T05:03:02Z,1661
10.1235854400002,46.7587981942527,2020-04-09T06:01:02Z,1823
10.1237253460866,46.7572783167138,2020-04-09T07:00:42Z,1896
10.1236784210519,46.7571417987809,2020-04-09T08:00:47Z,1896
10.1237897523422,46.7570938943335,2020-04-09T09:00:16Z,1896
10.1233485625277,46.7576920124084,2020-04-09T10:00:42Z,1841
10.1239277746336,46.7566307917255,2020-04-09T11:01:23Z,1930
10.1238302503151,46.7565310661901,2020-04-09T12:00:42Z,1930
10.1238528040838,46.7559434841887,2020-04-09T13:00:09Z,1971
10.1240340549148,46.7561520350603,2020-04-09T14:00:47Z,1993
10.1239480270765,46.7561599780383,2020-04-09T15:00:41Z,1971
10.1239678079509,46.7562829081774,2020-04-09T16:00:16Z,1971
10.1238495798689,46.7561143167817,2020-04-09T17:01:01Z,1971
10.123122215829,46.7572972569264,2020-04-09T18:00:42Z,1879
10.1188029543704,46.7689115286355,2020-04-09T19:00:17Z,1398
10.1190878184618,46.7687911960538,2020-04-09T20:00:42Z,1386
10.118976450027,46.7688144587586,2020-04-09T21:00:13Z,1386
10.1182811183562,46.7687664035958,2020-04-09T22:00:42Z,1387
10.1174265172647,46.7694538718558,2020-04-09T23:00:12Z,1426
10.117689780687,46.7688721918078,2020-04-10T00:00:42Z,1404
10.1194462726007,46.7690744062785,2020-04-10T01:00:13Z,1394
10.1188370490764,46.7684993560527,2020-04-10T02:00:46Z,1386
10.1221635822869,46.7624710136808,2020-04-10T03:00:13Z,1573
10.1216041655747,46.761494438731,2020-04-10T04:00:42Z,1609
10.1238453561948,46.7596932957358,2020-04-10T06:01:00Z,1746
10.1233044004419,46.7571560178059,2020-04-10T07:00:42Z,1879
10.1229851311625,46.7574075720198,2020-04-10T08:00:16Z,1879
10.1231847867015,46.7571686839593,2020-04-10T09:00:42Z,1879
10.1231125522552,46.7572954149832,2020-04-10T10:00:41Z,1879
10.1228573061725,46.7556201678192,2020-04-10T11:00:43Z,1992
10.1230381233661,46.7551150488362,2020-04-10T12:00:42Z,2028
10.1230201790347,46.7552319891682,2020-04-10T13:00:13Z,2028
10.1229663566555,46.7553533659491,2020-04-10T14:00:22Z,1992
10.122898747554,46.7549601681094,2020-04-10T15:00:41Z,2028
10.1230786112649,46.7552144381846,2020-04-10T16:00:42Z,2028
10.1235597484545,46.7565367638748,2020-04-10T17:00:15Z,1930
10.1232091675547,46.7573414773739,2020-04-10T18:00:42Z,1879
10.1187363438206,46.7678527428949,2020-04-10T19:00:14Z,1384
10.118336347077,46.7687225247626,2020-04-10T20:00:42Z,1387
10.1192235703848,46.7687805553095,2020-04-10T21:00:13Z,1386
10.1192437935076,46.7690289127311,2020-04-10T22:00:13Z,1398
10.1173984470877,46.7694374033796,2020-04-10T23:00:42Z,1406
10.1152024633158,46.769350811905,2020-04-11T00:00:12Z,1407
10.1163621552861,46.7691486722964,2020-04-11T01:00:42Z,1408
10.1193216141993,46.7685406071956,2020-04-11T02:00:42Z,1384
10.1214634204057,46.7665130266503,2020-04-11T03:00:13Z,1400
10.1214988022619,46.7612877373887,2020-04-11T04:00:42Z,1609
10.1216492656628,46.7609967913091,2020-04-11T05:03:03Z,1634
10.1232637830107,46.760540154433,2020-04-11T06:00:42Z,1701
10.1272392689782,46.7578374674341,2020-04-11T07:01:10Z,1923
10.1276551789947,46.759161354519,2020-04-11T08:00:21Z,1823
10.1276745113105,46.759221989683,2020-04-11T09:00:42Z,1823
10.129031210472,46.7539379459601,2020-04-11T10:01:00Z,1974
10.1288747140754,46.7529681173123,2020-04-11T11:00:41Z,1982
10.1286562046117,46.7529083044991,2020-04-11T12:00:42Z,2008
10.1290343242653,46.7528693103236,2020-04-11T13:00:42Z,1985
10.129029273398,46.7530159066609,2020-04-11T14:00:53Z,1982
10.1287601697393,46.7530190272701,2020-04-11T15:00:14Z,1982
10.128714653377,46.753109352671,2020-04-11T16:00:42Z,2005
10.1299884657638,46.753616965563,2020-04-11T17:00:14Z,1936
10.1309586347233,46.7565342289228,2020-04-11T18:00:43Z,1811
10.1252869008736,46.7673275652987,2020-04-11T19:00:42Z,1386
10.1228254279308,46.7682692032107,2020-04-11T20:00:42Z,1379
10.1227053143262,46.7684660231393,2020-04-11T21:00:13Z,1379
10.1212332613829,46.7675668272997,2020-04-11T22:00:42Z,1394
10.1153777788239,46.7694751382383,2020-04-11T23:00:13Z,1425
10.1156478914047,46.7695673501153,2020-04-12T00:00:42Z,1425
10.117387860925,46.7694573250907,2020-04-12T01:00:13Z,1426
10.1190965788724,46.7686299626613,2020-04-12T02:00:42Z,1386
10.121295180307,46.7643565539164,2020-04-12T03:00:14Z,1491
10.1215310198146,46.7612471321131,2020-04-12T04:00:42Z,1609
10.122111848712,46.7583845310217,2020-04-12T05:01:55Z,1757
10.123607991937,46.7586864789757,2020-04-12T06:00:42Z,1823
10.1237046021178,46.7586108283126,2020-04-12T07:01:12Z,1823
10.1237676358059,46.7587232098335,2020-04-12T08:00:16Z,1823
10.1230173183454,46.7575116792156,2020-04-12T09:00:46Z,1879
10.1241481472024,46.7558448620191,2020-04-12T10:00:42Z,2034
10.1252126354612,46.7553329507723,2020-04-12T11:00:11Z,2057
10.1251445534753,46.7552054693297,2020-04-12T12:00:42Z,2077
10.1251128126126,46.7552960400796,2020-04-12T13:00:12Z,2077
10.1251261519545,46.7553571928277,2020-04-12T14:00:40Z,2050
10.1251491538659,46.755470964918,2020-04-12T15:00:11Z,2050
10.1252015999873,46.7556493907599,2020-04-12T16:00:42Z,2050
10.1249807931098,46.75607281314,2020-04-12T17:00:42Z,2015
10.1249196116648,46.7564035952817,2020-04-12T18:00:42Z,2015
10.1225510103774,46.7624070200535,2020-04-12T19:01:30Z,1574
10.1223796080178,46.7662992997801,2020-04-12T20:00:42Z,1405
10.1185171772981,46.7689550447734,2020-04-12T21:00:08Z,1401
10.1185185650109,46.76884771957,2020-04-12T22:00:42Z,1387
10.1173207032083,46.7691279150632,2020-04-12T23:00:09Z,1406
10.1186290219317,46.7687414815096,2020-04-13T00:00:42Z,1387
10.1186584405617,46.7690587620426,2020-04-13T01:00:12Z,1401
10.1177160745545,46.7683392114258,2020-04-13T02:00:42Z,1388
10.122432281535101,46.7625596441678,2020-04-13T03:00:18Z,1574
10.1216717961037,46.7613686428811,2020-04-13T04:01:12Z,1618
10.1224467501057,46.7589120906503,2020-04-13T05:00:59Z,1739
10.1237671734355,46.7585377001892,2020-04-13T06:00:42Z,1823
10.1239576425238,46.7584686582842,2020-04-13T07:00:42Z,1823
10.1236236365292,46.7584706748186,2020-04-13T08:00:14Z,1823
10.1235887079569,46.7573430353244,2020-04-13T09:00:43Z,1896
10.1248372709539,46.7574071218609,2020-04-13T10:00:42Z,1939
10.1254431494491,46.7578110831358,2020-04-13T11:00:42Z,1919
10.1253700046934,46.7577993984977,2020-04-13T12:00:42Z,1919
10.1252108289161,46.7579666604187,2020-04-13T13:00:11Z,1919
10.1254965167304,46.7579046477861,2020-04-13T14:00:19Z,1919
10.1254100277163,46.7575592421027,2020-04-13T15:00:41Z,1960
10.1254307263491,46.7575788151752,2020-04-13T16:00:12Z,1960
10.1249858649843,46.7575554989297,2020-04-13T17:00:20Z,1939
10.1236954461175,46.7571944818805,2020-04-13T18:00:41Z,1896
10.1217321644482,46.7663475348391,2020-04-13T19:00:11Z,1406
10.123974486051,46.7684026441601,2020-04-13T20:00:42Z,1378
10.1231300568288,46.7685074373912,2020-04-13T21:00:11Z,1379
10.1223109437136,46.7683982447809,2020-04-13T22:00:42Z,1379
10.1239975109455,46.7671302824004,2020-04-13T23:00:10Z,1389
10.1208950382161,46.7675504601305,2020-04-14T00:00:11Z,1393
10.119499200549,46.7689932760331,2020-04-14T01:00:43Z,1394
10.1193280394524,46.7687071400434,2020-04-14T02:00:42Z,1384
10.1193763678035,46.7685699878847,2020-04-14T03:00:10Z,1384
10.1217484553148,46.763752852463,2020-04-14T04:01:05Z,1527
10.1243965253082,46.760452892963,2020-04-14T05:01:34Z,1732
10.1259975744985,46.7594392127654,2020-04-14T06:01:05Z,1802
10.1259589288505,46.7594919535868,2020-04-14T07:00:42Z,1802
10.1260472579168,46.7593980374793,2020-04-14T08:00:13Z,1841
10.1261788331734,46.7594121351042,2020-04-14T09:00:42Z,1841
10.1260974067307,46.759291292321,2020-04-14T10:00:42Z,1841
10.1251114759224,46.7590853815662,2020-04-14T11:00:15Z,1824
10.1237096835858,46.7580407786923,2020-04-14T12:00:42Z,1861
10.1236595387731,46.7579257369333,2020-04-14T13:00:42Z,1861
10.1236949645489,46.7579006315339,2020-04-14T14:00:20Z,1861
10.1236843830864,46.7579020711594,2020-04-14T15:00:42Z,1861
10.1234304343669,46.7578242233347,2020-04-14T16:00:42Z,1841
10.1222159166983,46.7571986098196,2020-04-14T17:00:14Z,1833
10.1203436018255,46.7601884552322,2020-04-14T18:01:00Z,1641
10.1226520176899,46.7663486633053,2020-04-14T19:00:41Z,1405
10.1236560429574,46.7683921646061,2020-04-14T20:00:13Z,1378
10.1223583493387,46.7682397164087,2020-04-14T21:00:42Z,1386
10.1211048814896,46.7674188406167,2020-04-14T22:00:09Z,1394
10.1175963272905,46.769359119239,2020-04-14T23:00:10Z,1404
10.1180960820297,46.7694549544118,2020-04-15T00:00:41Z,1423
10.117143516636,46.7693874549415,2020-04-15T01:00:10Z,1406
10.1211988505675,46.7662379326449,2020-04-15T02:01:14Z,1407
10.1221298504988,46.7647258461243,2020-04-15T03:00:10Z,1493
10.1203727726115,46.7627619590791,2020-04-15T04:01:12Z,1547
10.1214611108876,46.761093884469,2020-04-15T05:00:42Z,1634
10.1215476067334,46.76108197135,2020-04-15T06:00:09Z,1634
10.1216244356399,46.7609942940707,2020-04-15T07:00:42Z,1634
10.123632830066,46.7589723594453,2020-04-15T08:00:42Z,1780
10.1237207028404,46.7588099917213,2020-04-15T09:00:14Z,1823
10.124577346485,46.7574668302529,2020-04-15T10:00:41Z,1915
10.1244494554437,46.7574489207383,2020-04-15T11:00:13Z,1915
10.1265403366678,46.757428578948,2020-04-15T12:00:47Z,1972
10.1265904829212,46.7574820102936,2020-04-15T13:00:21Z,1972
10.1265555183259,46.757458518921,2020-04-15T14:00:42Z,1972
10.1265449379072,46.7574907624264,2020-04-15T15:00:13Z,1972
10.126227502525,46.7572475586657,2020-04-15T16:00:40Z,1972
10.1265292647512,46.7566855385704,2020-04-15T17:00:42Z,1993
10.1251519346913,46.7570410952671,2020-04-15T18:00:14Z,1976
10.1225213376552,46.7662681513664,2020-04-15T19:00:42Z,1405
10.1246173555232,46.7672895644592,2020-04-15T20:00:10Z,1386
10.1238364439846,46.7676891258645,2020-04-15T21:00:13Z,1384
10.1241479873346,46.7669070969417,2020-04-15T22:00:41Z,1392
10.1248055637416,46.7670908309575,2020-04-15T23:00:12Z,1386
10.1217417564732,46.7674213329302,2020-04-16T00:00:42Z,1394
10.1226671634941,46.7672642059515,2020-04-16T01:00:13Z,1392
10.1228438673245,46.7672873568507,2020-04-16T02:01:09Z,1392
10.123097982202,46.7646206164208,2020-04-16T03:00:11Z,1493
10.124536843752,46.7622539282094,2020-04-16T04:00:42Z,1622
10.1270221424784,46.7593429219697,2020-04-16T05:00:53Z,1833
10.12640380326,46.7592057169085,2020-04-16T06:00:42Z,1839
10.1263853975443,46.7592773380944,2020-04-16T07:00:47Z,1839
10.1261185597016,46.7591760069341,2020-04-16T08:00:21Z,1841
10.1282613334306,46.7565644643547,2020-04-16T09:00:16Z,1922
10.1290154674188,46.7532544739419,2020-04-16T10:00:41Z,1982
10.127973975308601,46.7525543083619,2020-04-16T11:00:42Z,2031
10.1278534557611,46.752484004081,2020-04-16T12:00:15Z,2031
10.1279086518599,46.7525571944903,2020-04-16T13:00:42Z,2031
10.1278286205527,46.7524645353931,2020-04-16T14:00:15Z,2031
10.1291078125973,46.7516388770393,2020-04-16T15:00:42Z,2000
10.1280517273456,46.7526727946064,2020-04-16T16:00:42Z,2031
10.1283774234381,46.7527972008812,2020-04-16T17:00:14Z,2008
10.1289356810505,46.7600741669549,2020-04-16T18:00:15Z,1736
10.1239547128362,46.7673448336333,2020-04-16T19:00:41Z,1389
10.1230573579718,46.7683100738383,2020-04-16T20:00:15Z,1379
10.1224871995686,46.7682343602527,2020-04-16T21:00:42Z,1386
10.1213110395909,46.7674250578342,2020-04-16T22:00:15Z,1394
10.1213239244635,46.7674054257403,2020-04-16T23:00:42Z,1394
10.1231967922845,46.768136951886,2020-04-17T00:00:12Z,1385
10.1215512517071,46.7673656375412,2020-04-17T01:00:43Z,1394
10.1239478154998,46.7669543045946,2020-04-17T02:00:42Z,1394
10.1223970930931,46.7663048885819,2020-04-17T03:00:12Z,1405
10.1313876501464,46.7554412468186,2020-04-17T04:02:14Z,1866
10.1264362168057,46.7536204350878,2020-04-17T05:01:12Z,2075
10.1265038394485,46.7536055160597,2020-04-17T06:00:13Z,2075
10.126149169673,46.753455601958,2020-04-17T07:01:30Z,2104
10.1260176051148,46.7534030456525,2020-04-17T08:01:11Z,2104
10.1253280670734,46.7532769109514,2020-04-17T09:00:31Z,2129
10.1253795863064,46.7532106937268,2020-04-17T10:00:42Z,2129
10.1251666058109,46.7531528507514,2020-04-17T11:00:12Z,2148
10.125084268373,46.7530722296623,2020-04-17T12:00:42Z,2148
10.1246578557777,46.7527340436948,2020-04-17T13:00:12Z,2172
10.1246454361854,46.7527913467016,2020-04-17T14:00:47Z,2172
10.124795852041,46.7527051936105,2020-04-17T15:00:21Z,2172
10.124779292594,46.7528811559563,2020-04-17T16:00:12Z,2172
10.125802776231,46.752791114725,2020-04-17T17:00:42Z,2112
10.1261611565212,46.7544849052724,2020-04-17T18:00:44Z,2091
10.1281696806058,46.7605830858107,2020-04-17T19:00:36Z,1752
10.1241199137487,46.7672679679654,2020-04-17T20:00:42Z,1387
10.1232258093189,46.767190623838,2020-04-17T21:00:12Z,1390
10.1220988484456,46.767391402108,2020-04-17T22:00:12Z,1394
10.1210312569111,46.7674172764659,2020-04-17T23:00:42Z,1393
10.12199393641,46.7673147454513,2020-04-18T00:00:13Z,1394
10.1251368742384,46.7661283100216,2020-04-18T01:00:42Z,1400
10.1219604023557,46.7663476001068,2020-04-18T02:00:42Z,1406
10.1205790144742,46.7616408198419,2020-04-18T03:00:41Z,1602
10.1212191062038,46.7608518194261,2020-04-18T04:00:17Z,1634
10.1239599334164,46.7588416110468,2020-04-18T05:01:00Z,1823
10.1240220468122,46.7587478046126,2020-04-18T06:00:39Z,1823
10.1238776055454,46.7579279244215,2020-04-18T07:01:30Z,1861
10.1237009711429,46.7568021430795,2020-04-18T08:00:42Z,1930
10.1241260593941,46.7561743742673,2020-04-18T09:01:42Z,1993
10.1247746993601,46.7552057577798,2020-04-18T10:00:33Z,2077
10.1267144797156,46.7522216207292,2020-04-18T11:00:43Z,2090
10.1267659984794,46.7523587237736,2020-04-18T12:00:14Z,2090
10.1266675487897,46.7521144310954,2020-04-18T13:00:42Z,2090
10.1267843882324,46.7520699705105,2020-04-18T14:00:42Z,2090
10.1270700402761,46.7523591451408,2020-04-18T15:00:51Z,2061
10.1267816332065,46.7521983680928,2020-04-18T16:00:12Z,2090
10.1279679977004,46.7524762236644,2020-04-18T17:00:42Z,2031
10.1304138069489,46.755765697368,2020-04-18T18:02:13Z,1896
10.1245354482264,46.7663363685764,2020-04-18T19:00:42Z,1400
10.1233693954375,46.7666693142658,2020-04-18T20:00:11Z,1395
10.1243605869214,46.7664791721913,2020-04-18T21:00:43Z,1400
10.1236436407795,46.7671880433348,2020-04-18T22:00:11Z,1389
10.1228365250318,46.7667590745906,2020-04-18T23:00:42Z,1397
10.121498775763,46.7676399646975,2020-04-19T00:00:12Z,1394
10.122311501931,46.7663566518729,2020-04-19T01:00:42Z,1405
10.121334726055,46.7646655578705,2020-04-19T02:00:58Z,1491
10.1229664776819,46.7625412158022,2020-04-19T03:00:15Z,1573
10.1247457272734,46.7595829587084,2020-04-19T04:01:08Z,1788
10.1259920512415,46.7594665568944,2020-04-19T05:00:42Z,1802
10.1251229750808,46.7588388844646,2020-04-19T06:00:11Z,1862
10.1249780555573,46.7586758824115,2020-04-19T07:00:42Z,1862
10.1251174564269,46.7588862219694,2020-04-19T08:00:42Z,1824
10.1250617851629,46.7586738030502,2020-04-19T09:00:15Z,1862
10.1261755614339,46.7581939210898,2020-04-19T10:00:41Z,1931
10.1262523833033,46.75815401385,2020-04-19T11:00:42Z,1931
10.1261217353982,46.758198239968,2020-04-19T12:00:15Z,1931
10.1262284652123,46.7582360072713,2020-04-19T13:00:42Z,1931
10.125993843654,46.7582064774054,2020-04-19T14:00:42Z,1931
10.1261769398337,46.7582652571607,2020-04-19T15:00:30Z,1886
10.1262123610313,46.7581169365326,2020-04-19T16:00:14Z,1931
10.1261571567305,46.7581053656565,2020-04-19T17:00:42Z,1931
10.1237202836076,46.7572154421805,2020-04-19T18:01:06Z,1896
10.1118879230903,46.7611097156216,2020-04-19T19:00:13Z,1449
10.1118939083365,46.7628487372876,2020-04-19T20:00:42Z,1432
10.1134691599203,46.7640306075994,2020-04-19T21:00:36Z,1447
10.1142499610696,46.7663871388857,2020-04-19T22:00:14Z,1406
10.1156280372509,46.7669256139418,2020-04-19T23:00:42Z,1397
10.1157043809568,46.7672007502485,2020-04-20T00:00:13Z,1386
10.1156018428972,46.7667593613076,2020-04-20T01:00:42Z,1397
10.1126711578632,46.7643835961549,2020-04-20T02:00:42Z,1405
10.113344939355,46.7619674388112,2020-04-20T03:00:42Z,1468
10.1199469491792,46.7606532453282,2020-04-20T04:00:17Z,1620
10.1220893011076,46.7585070598677,2020-04-20T05:01:40Z,1757
10.1236944766114,46.7587992872089,2020-04-20T06:00:41Z,1823
10.1237078210061,46.7589713227368,2020-04-20T07:01:07Z,1780
10.1237303657441,46.7588426348314,2020-04-20T08:00:14Z,1780
10.1238835714276,46.7585403447501,2020-04-20T09:00:41Z,1823
10.122460241567,46.7565924236977,2020-04-20T10:00:12Z,1895
10.1232496940514,46.7563690369093,2020-04-20T11:00:42Z,1952
10.1233738955788,46.7564077285175,2020-04-20T12:00:09Z,1952
10.1234134570257,46.7564564400674,2020-04-20T13:00:42Z,1952
10.1232092150527,46.7561079758875,2020-04-20T14:00:42Z,1952
10.1228149695969,46.7560402003355,2020-04-20T15:00:10Z,1934
10.1228701753188,46.7560579364715,2020-04-20T16:00:42Z,1952
10.1225343397895,46.7561727386042,2020-04-20T17:00:13Z,1934
10.1213178522534,46.7575694596593,2020-04-20T18:01:43Z,1809
10.1125111858959,46.7617503520365,2020-04-20T19:00:12Z,1453
10.11183178563,46.7629163853172,2020-04-20T20:00:42Z,1432
10.1124380018669,46.7638062405523,2020-04-20T21:00:42Z,1417
10.1120082219808,46.7656462888111,2020-04-20T22:00:42Z,1387
10.1126602592638,46.7657342171569,2020-04-20T23:00:09Z,1394
10.1138687720993,46.7695815836878,2020-04-21T00:00:42Z,1418
10.1192275895418,46.7704668779957,2020-04-21T01:00:10Z,1438
10.1180537380588,46.769510001789,2020-04-21T02:00:42Z,1423
10.1194795846637,46.7672239102479,2020-04-21T03:00:09Z,1392
10.1295019726873,46.7629790521121,2020-04-21T04:01:39Z,1567
10.1297118870685,46.7564175207957,2020-04-21T05:01:07Z,1881
10.1304059372813,46.7554031260551,2020-04-21T06:00:25Z,1896
10.1296514433002,46.7550526257567,2020-04-21T07:00:42Z,1930
10.1281106448651,46.7527651094884,2020-04-21T08:00:42Z,2031
10.1270309781295,46.7525866406591,2020-04-21T09:00:28Z,2054
10.1273377927154,46.7525032600336,2020-04-21T10:01:12Z,2054
10.1273170875394,46.752506839481,2020-04-21T11:00:17Z,2054
10.1271358314057,46.7522598488763,2020-04-21T12:01:00Z,2061
10.1266850422827,46.7522939974934,2020-04-21T13:00:42Z,2090
10.1268018687143,46.7522111023733,2020-04-21T14:00:42Z,2090
10.12683820717,46.7522504894376,2020-04-21T15:00:42Z,2090
10.1267370158232,46.7522469644164,2020-04-21T16:00:43Z,2090
10.1272660555714,46.7533406947769,2020-04-21T17:00:14Z,2052
10.1291026874644,46.7556116192629,2020-04-21T18:00:18Z,1920
10.1252026759805,46.7660583455928,2020-04-21T19:00:42Z,1400
10.1245543140864,46.7666489296738,2020-04-21T20:00:13Z,1392
10.1246937433029,46.7668593004674,2020-04-21T21:00:42Z,1391
10.1247567859472,46.7669300668041,2020-04-21T22:00:11Z,1391
10.1248299527181,46.7670849696545,2020-04-21T23:00:42Z,1391
10.1242367988451,46.766969399718,2020-04-22T00:00:11Z,1392
10.1253365884917,46.7665563360362,2020-04-22T01:00:55Z,1393
10.1243997030555,46.7660312823154,2020-04-22T02:00:42Z,1400
10.1273552911795,46.7662215462438,2020-04-22T03:00:21Z,1415
10.129532663643,46.7619800181067,2020-04-22T04:01:11Z,1627
10.1293356487359,46.7571737836648,2020-04-22T05:02:06Z,1833
10.1289267382813,46.7534908650842,2020-04-22T06:00:14Z,1982
10.1280844114613,46.7532273367295,2020-04-22T07:00:42Z,2028
10.1282982940658,46.7529277521244,2020-04-22T08:01:14Z,2008
10.1280664786541,46.7529129895939,2020-04-22T09:01:29Z,2031
10.1280581562645,46.7525297739397,2020-04-22T10:00:42Z,2031
10.1280664345552,46.7525280483587,2020-04-22T11:00:42Z,2031
10.1277614686826,46.7525802094738,2020-04-22T12:00:11Z,2031
10.1267853111475,46.752214553028,2020-04-22T13:00:42Z,2090
10.126763229813,46.7522515251489,2020-04-22T14:00:10Z,2090
10.1268676442756,46.7521719516959,2020-04-22T15:00:59Z,2090
10.1268248730506,46.7522078092357,2020-04-22T16:00:42Z,2090
10.1266468581058,46.7521749292447,2020-04-22T17:00:15Z,2090
10.1295308843406,46.7549007458462,2020-04-22T18:00:42Z,1930
10.1260157762551,46.7662804246804,2020-04-22T19:00:10Z,1405
10.1243794499241,46.7670273852638,2020-04-22T20:00:42Z,1392
10.1239050173632,46.7670949329773,2020-04-22T21:00:08Z,1389
10.1211520724802,46.7646059153528,2020-04-22T22:00:15Z,1491
10.1151901938752,46.7659174148298,2020-04-22T23:00:42Z,1408
10.1141772486081,46.7663761423812,2020-04-23T00:00:10Z,1406
10.1136300202384,46.7668715916276,2020-04-23T01:00:42Z,1395
10.1141237606107,46.7669017058867,2020-04-23T02:00:10Z,1397
10.1127887164944,46.7616146383378,2020-04-23T03:00:42Z,1453
10.1165059145597,46.7600298264983,2020-04-23T04:00:32Z,1566
10.1218524320528,46.7577565484416,2020-04-23T05:00:43Z,1792
10.1218289867936,46.757702188547,2020-04-23T06:01:00Z,1792
10.121918690908,46.7577612104309,2020-04-23T07:00:43Z,1792
10.1241913706554,46.7573480458622,2020-04-23T08:00:20Z,1915
10.1236917712254,46.7571459996404,2020-04-23T09:01:58Z,1896
10.1248657729906,46.7527243069907,2020-04-23T10:01:07Z,2172
10.1247802134258,46.7532551673069,2020-04-23T11:00:40Z,2148
10.1247498539484,46.7532076074853,2020-04-23T12:00:31Z,2148
10.1247691739012,46.7532743888842,2020-04-23T13:00:19Z,2148
10.1247972334887,46.7533155005878,2020-04-23T14:00:41Z,2148
10.1252636641638,46.7529608179227,2020-04-23T15:00:10Z,2129
10.1256822516202,46.7522141195528,2020-04-23T16:00:59Z,2157
10.1262149172411,46.7522783805897,2020-04-23T17:00:09Z,2124
10.1262127370618,46.7559863241078,2020-04-23T18:00:42Z,2023
10.1279475581563,46.7668979127224,2020-04-23T19:00:15Z,1410
10.1237536324625,46.766609831319,2020-04-23T20:00:42Z,1394
10.1235447156236,46.7667381883003,2020-04-23T21:00:11Z,1394
10.1243891157154,46.7666149111785,2020-04-23T22:00:12Z,1392
10.1239008932003,46.7660862107319,2020-04-23T23:00:42Z,1402
10.1258188304969,46.7662938558938,2020-04-24T00:00:11Z,1405
10.1261059667755,46.7662230781934,2020-04-24T01:00:42Z,1405
10.1249661575415,46.7663757531251,2020-04-24T02:00:42Z,1400
10.1277183523326,46.7662080566444,2020-04-24T03:00:13Z,1421
10.1299780953113,46.7590554634399,2020-04-24T04:01:09Z,1730
10.1305157727858,46.7547310749766,2020-04-24T05:00:43Z,1907
10.1298901290583,46.7548326253473,2020-04-24T06:01:12Z,1930
10.1292160471389,46.7531847774931,2020-04-24T07:01:50Z,1982
10.127654655801,46.7515308033937,2020-04-24T08:00:42Z,2051
10.1275010262234,46.7515906259684,2020-04-24T09:00:43Z,2076
10.1276946705817,46.7514569879169,2020-04-24T10:00:42Z,2051
10.1277728512887,46.7512974527562,2020-04-24T11:01:32Z,2051
10.1277714749524,46.7512199393036,2020-04-24T12:00:13Z,2051
10.128118766522,46.7510833905413,2020-04-24T13:00:42Z,2071
10.1280074533888,46.7511621059304,2020-04-24T14:00:11Z,2071
10.1279931979103,46.7511966495808,2020-04-24T15:00:42Z,2051
10.1279729649606,46.7511962361498,2020-04-24T16:00:42Z,2051
10.1277062130116,46.7519419350478,2020-04-24T17:00:10Z,2038
10.1281533674243,46.7525045028607,2020-04-24T18:00:14Z,2008
10.1295796551171,46.7624029741036,2020-04-24T19:00:44Z,1594
10.1241235956092,46.7672286939747,2020-04-24T20:00:42Z,1387
10.1237085270769,46.7670905456227,2020-04-24T21:00:10Z,1389
10.1231172121639,46.7671655628095,2020-04-24T22:00:12Z,1390
10.1230104513866,46.7672017296938,2020-04-24T23:00:42Z,1390
10.1221135834805,46.7672712676662,2020-04-25T00:00:10Z,1394
10.1225254307954,46.767326155585,2020-04-25T01:00:42Z,1392
10.1183136415219,46.7664909934194,2020-04-25T02:00:10Z,1421
10.1036939985475,46.7614498287762,2020-04-25T03:00:42Z,1410
10.109697351592,46.757691079854,2020-04-25T04:01:45Z,1569
10.1124473577285,46.7556400404621,2020-04-25T05:00:42Z,1748
10.1140947497314,46.7561068398034,2020-04-25T06:02:42Z,1762
10.115226944011,46.7562546344973,2020-04-25T07:00:42Z,1797
10.1153414875713,46.7563084809478,2020-04-25T08:01:05Z,1797
10.1170704931063,46.7556902148112,2020-04-25T09:00:41Z,1857
10.1172900976409,46.7549768424687,2020-04-25T10:00:42Z,1895
10.1177860820872,46.7544374232422,2020-04-25T11:00:42Z,1935
10.1176826029866,46.7543212273913,2020-04-25T12:00:10Z,1935
10.1176959615966,46.7541913894654,2020-04-25T13:00:22Z,1935
10.1178316646655,46.7544148688484,2020-04-25T14:01:06Z,1935
10.1184139905924,46.7546504443329,2020-04-25T15:00:42Z,1944
10.1182971104215,46.7547395034927,2020-04-25T16:00:10Z,1913
10.1182750347913,46.7547764709866,2020-04-25T17:00:42Z,1913
10.117375435355,46.7581581067022,2020-04-25T18:00:55Z,1709
10.1145008056001,46.7642494753569,2020-04-25T19:00:43Z,1447
10.1150763433244,46.7667212561901,2020-04-25T20:00:09Z,1398
10.1145876866954,46.7665260650647,2020-04-25T21:00:42Z,1397
10.1149806445895,46.7667073577474,2020-04-25T22:00:09Z,1398
10.1139852985072,46.7667742982271,2020-04-25T23:00:42Z,1395
10.1078484061275,46.7614256956549,2020-04-26T00:00:11Z,1398
10.10453554465,46.7614674279517,2020-04-26T01:00:42Z,1408
10.104719621493,46.761356615107,2020-04-26T02:00:09Z,1404
10.112136404524,46.7610177833967,2020-04-26T03:00:42Z,1449
10.1137563305182,46.7588616379564,2020-04-26T04:02:07Z,1566
10.1185523489088,46.7580524486535,2020-04-26T05:00:42Z,1738
10.12250025376,46.7568589564657,2020-04-26T06:00:43Z,1895
10.1225131490637,46.7567392510571,2020-04-26T07:00:42Z,1895
10.1217113741697,46.7556309100161,2020-04-26T08:00:42Z,1955
10.1218416584811,46.7542847572848,2020-04-26T09:00:42Z,2019
10.1266884750709,46.7575392989671,2020-04-26T10:01:12Z,1972
10.1267087129651,46.7573918422622,2020-04-26T11:00:10Z,1972
10.1268517819355,46.7573211338862,2020-04-26T12:01:03Z,1972
10.1267947334919,46.7574085363539,2020-04-26T13:00:42Z,1972
10.1254030457819,46.7532881979226,2020-04-26T14:00:09Z,2129
10.1254182208713,46.7531687994397,2020-04-26T15:00:39Z,2129
10.125488140848,46.7532219394421,2020-04-26T16:00:17Z,2129
10.1254706660219,46.7533656954936,2020-04-26T17:00:12Z,2129
10.1262182099703,46.7546885438997,2020-04-26T18:00:41Z,2091
10.1244439235326,46.7589114474945,2020-04-26T19:00:11Z,1802
10.1103435877027,46.7616862983525,2020-04-26T20:00:42Z,1417
10.1111272924676,46.761263152998,2020-04-26T21:00:08Z,1432
10.1107152365428,46.7621677386959,2020-04-26T22:00:42Z,1417
10.1121165489487,46.7629701053252,2020-04-26T23:00:42Z,1419
10.1115424294916,46.762597176123,2020-04-27T00:00:09Z,1419
10.1010964964266,46.7617571641712,2020-04-27T01:00:42Z,1414
10.0841440854904,46.7509098436575,2020-04-27T02:00:42Z,1452
10.081701462683,46.7309555747739,2020-04-27T03:00:43Z,1456
10.0909763930218,46.7206339322319,2020-04-27T04:02:21Z,1758
10.1002600397978,46.7173586810947,2020-04-27T05:00:42Z,1937
10.1044036116388,46.7143843216645,2020-04-27T06:00:42Z,1987
10.1043048458035,46.7143735484274,2020-04-27T07:01:42Z,1987
10.104780969238501,46.7148563611447,2020-04-27T08:00:21Z,2036
10.1066068054355,46.7138754431172,2020-04-27T09:00:42Z,2069
10.1075419338227,46.7135370143511,2020-04-27T10:01:12Z,2117
10.1083185035352,46.7134037505677,2020-04-27T11:00:11Z,2091
10.1081855990536,46.7134783569805,2020-04-27T12:00:42Z,2091
10.1082568381081,46.7134672828966,2020-04-27T13:00:12Z,2091
10.1081975736589,46.7134867186788,2020-04-27T14:00:20Z,2091
10.1082876708889,46.7134355166855,2020-04-27T15:00:42Z,2091
10.1082379797721,46.7134457537491,2020-04-27T16:00:12Z,2091
10.1081864954878,46.7134873435286,2020-04-27T17:00:42Z,2091
10.1074592223527,46.7135898546461,2020-04-27T18:00:42Z,2095
10.0991591723215,46.7107653512061,2020-04-27T19:01:01Z,1754
10.096110130764,46.7044761988546,2020-04-27T20:00:13Z,1509
10.1016388820819,46.6983987527526,2020-04-27T21:00:42Z,1553
10.1031889938288,46.6983403150738,2020-04-27T22:00:10Z,1547
10.1042446157982,46.6982789627395,2020-04-27T23:00:11Z,1539
10.1052478717948,46.6982872417507,2020-04-28T00:00:41Z,1538
10.1054884242439,46.6974997563225,2020-04-28T01:00:10Z,1504
10.1127514310062,46.6980366384636,2020-04-28T02:01:12Z,1562
10.1271182200059,46.6962307073434,2020-04-28T03:00:17Z,1803
10.1295334725842,46.6962066979816,2020-04-28T04:01:36Z,1847
10.1348838614394,46.697816632789,2020-04-28T05:00:15Z,2020
10.1338642312623,46.6985532414814,2020-04-28T06:00:14Z,2051
10.1339442270459,46.6986225773788,2020-04-28T07:00:42Z,2051
10.1340259661857,46.698584261607,2020-04-28T08:00:38Z,2051
10.1339565976534,46.6989031694537,2020-04-28T09:00:14Z,2089
10.1334218411178,46.7003447819601,2020-04-28T10:00:43Z,2152
10.133443906779,46.7008257697105,2020-04-28T11:00:18Z,2182
10.1338069156876,46.7006589626744,2020-04-28T12:00:42Z,2194
10.1338442077715,46.7008873526394,2020-04-28T13:00:14Z,2194
10.135046429626,46.7016172978503,2020-04-28T14:00:42Z,2230
10.1349807282023,46.7016687540703,2020-04-28T15:00:15Z,2230
10.1349531275279,46.701622279141,2020-04-28T16:00:42Z,2230
10.1349388938862,46.701619792986,2020-04-28T17:00:14Z,2230
10.132213914211,46.7023298196665,2020-04-28T18:00:42Z,2214
10.1171191865482,46.7003035889632,2020-04-28T19:00:14Z,1884
10.1047826830358,46.6985523147772,2020-04-28T20:00:13Z,1538
10.1035414151742,46.6985215379708,2020-04-28T21:00:42Z,1542
10.1014357909144,46.6983688929192,2020-04-28T22:00:16Z,1553
10.1024094655853,46.6988516273435,2020-04-28T23:00:05Z,1567
10.1047175767421,46.6981038713851,2020-04-29T00:00:41Z,1519
10.104835178813,46.6983026836525,2020-04-29T01:00:42Z,1538
10.105032797455,46.6981071358647,2020-04-29T02:00:09Z,1519
10.1025534603272,46.6982213568889,2020-04-29T03:00:38Z,1552
10.1072434663301,46.7006338407478,2020-04-29T04:00:57Z,1700
10.1143731174131,46.7011587591552,2020-04-29T05:00:10Z,1893
10.1280788575577,46.7014345301608,2020-04-29T06:00:53Z,2000
10.1287084457154,46.7017083567303,2020-04-29T07:00:42Z,2024
10.1283688172252,46.701532242881,2020-04-29T08:00:14Z,2024
10.1299184726527,46.7021571691713,2020-04-29T09:00:44Z,2120
10.1305388561585,46.7022263622173,2020-04-29T10:01:02Z,2146
10.131655578491,46.7024766145269,2020-04-29T11:00:20Z,2196
10.1321987474229,46.7024293659188,2020-04-29T12:00:42Z,2214
10.1322226718477,46.7025089321596,2020-04-29T13:00:13Z,2214
10.13226494325,46.7025278912997,2020-04-29T14:00:11Z,2214
10.132265872905,46.7026478681646,2020-04-29T15:00:42Z,2214
10.1323210116154,46.7025731725335,2020-04-29T16:00:12Z,2232
10.1324441559788,46.7025953025659,2020-04-29T17:00:12Z,2232
10.1324092232584,46.7025471672591,2020-04-29T18:00:41Z,2232
10.1277466371102,46.7021268956823,2020-04-29T19:00:11Z,2020
10.105148236383,46.7000492285479,2020-04-29T20:00:11Z,1628
10.1053222819972,46.6984334351774,2020-04-29T21:00:42Z,1538
10.1057294958612,46.6982974472883,2020-04-29T22:00:12Z,1538
10.1035983668744,46.6987731848507,2020-04-29T23:00:44Z,1542
10.102994556925,46.6985512706465,2020-04-30T00:00:11Z,1547
10.1065026315203,46.6977799554786,2020-04-30T01:00:42Z,1514
10.1164424627122,46.6962413135326,2020-04-30T02:00:24Z,1575
10.1115951642081,46.6977004452883,2020-04-30T03:00:42Z,1543
10.1275350457627,46.6969746541718,2020-04-30T04:00:42Z,1811
10.129909654935,46.7007855223633,2020-04-30T05:01:05Z,2038
10.1297520220767,46.7007715872146,2020-04-30T06:00:44Z,2038
10.1305516854441,46.7014470227587,2020-04-30T07:00:20Z,2114
10.1312948487532,46.7024093481391,2020-04-30T08:00:42Z,2196
10.1313329652818,46.70235458419,2020-04-30T09:00:42Z,2196
10.1312075612036,46.70308568299,2020-04-30T10:00:42Z,2215
10.1310779996723,46.703403877918,2020-04-30T11:00:15Z,2196
10.1313224834942,46.7034498387366,2020-04-30T12:00:42Z,2215
10.1312604877433,46.7039873622051,2020-04-30T13:00:26Z,2236
10.1314066305516,46.7039814171086,2020-04-30T14:00:11Z,2236
10.1314263962735,46.7040242609744,2020-04-30T15:00:42Z,2236
10.1314158279784,46.7040380217413,2020-04-30T16:00:18Z,2236
10.1310540790716,46.7032873089794,2020-04-30T17:00:42Z,2196
10.1310711018769,46.7033537156585,2020-04-30T18:00:42Z,2196
10.1244014367316,46.7001258681465,2020-04-30T19:00:11Z,1975
10.1102369083179,46.7004561740386,2020-04-30T20:00:16Z,1744
10.1055173588541,46.6994179343175,2020-04-30T21:01:12Z,1604
10.0952642958278,46.7061864497755,2020-04-30T22:00:43Z,1508
10.0949655826759,46.7069857927819,2020-04-30T23:00:16Z,1500
10.0946780731304,46.7055865377237,2020-05-01T00:00:41Z,1486
10.0959047335797,46.7043658698409,2020-05-01T01:00:43Z,1509
10.0961446916137,46.7039056295591,2020-05-01T02:00:35Z,1500
10.0994623200096,46.7003102344792,2020-05-01T03:00:13Z,1539
10.1072415632786,46.7011042693822,2020-05-01T04:00:54Z,1700
10.1143069658035,46.7011157256337,2020-05-01T05:01:42Z,1854
10.1148000701856,46.7010532633501,2020-05-01T06:00:42Z,1865
10.1149167912037,46.7011197314989,2020-05-01T07:00:42Z,1865
10.1141703545692,46.7020694605897,2020-05-01T08:00:42Z,1929
10.1139450506283,46.7030225309821,2020-05-01T09:01:36Z,1979
10.113242691543,46.7037316238508,2020-05-01T10:00:42Z,1989
10.1124732658649,46.7042036869563,2020-05-01T11:00:14Z,2007
10.1123960520986,46.704241416658,2020-05-01T12:00:42Z,2007
10.1125619556964,46.7043030117705,2020-05-01T13:00:14Z,2007
10.1127949894914,46.7042366255336,2020-05-01T14:00:17Z,2007
10.1131797394388,46.7038520110208,2020-05-01T15:00:42Z,1989
10.1132297484509,46.7038942673146,2020-05-01T16:00:14Z,1989
10.1132086757135,46.7037726263791,2020-05-01T17:00:39Z,1989
10.1117876044487,46.7039388460278,2020-05-01T18:00:15Z,1956
10.106901761305,46.7015039340125,2020-05-01T19:00:43Z,1710
10.0973853824702,46.7010764883626,2020-05-01T20:00:13Z,1503
10.0998896666705,46.7004966416019,2020-05-01T21:00:42Z,1553
10.0999365598797,46.7004914984125,2020-05-01T22:00:14Z,1553
10.0976681647545,46.7008950790964,2020-05-01T23:00:13Z,1512
10.0988676726949,46.7001017384681,2020-05-02T00:00:44Z,1527
10.0973785069067,46.7010633243549,2020-05-02T01:00:14Z,1503
10.1008817529222,46.6989921522291,2020-05-02T02:00:42Z,1557
10.1052892865512,46.7003009717871,2020-05-02T03:01:01Z,1638
10.1105378800361,46.7009873453879,2020-05-02T04:00:43Z,1786
10.1146075295541,46.7010898413928,2020-05-02T05:00:42Z,1865
10.1147688367532,46.7011015454125,2020-05-02T06:00:42Z,1865
10.1206105761584,46.6998290807941,2020-05-02T07:00:12Z,1953
10.1285655535285,46.7019960399434,2020-05-02T08:00:43Z,2043
10.1297966942804,46.7021078369814,2020-05-02T09:00:42Z,2092
10.130646877024,46.7024293557396,2020-05-02T10:00:42Z,2176
10.1312282547936,46.7031190003395,2020-05-02T11:00:24Z,2215
10.1311836825195,46.703247769522,2020-05-02T12:00:36Z,2215
10.1304783406872,46.7041708446427,2020-05-02T13:00:15Z,2215
10.1301115912391,46.7040982415617,2020-05-02T14:00:25Z,2215
10.1300982777543,46.7041602329922,2020-05-02T15:00:42Z,2215
10.1307398108012,46.7037085543569,2020-05-02T16:00:15Z,2215
10.1306482875398,46.7030261611012,2020-05-02T17:00:44Z,2196
10.1276652849908,46.7020230728193,2020-05-02T18:00:42Z,2020
10.116585823975,46.6969867813432,2020-05-02T19:01:07Z,1612
10.1141160913824,46.6965872917592,2020-05-02T20:00:42Z,1539
10.1129510800904,46.6969859742361,2020-05-02T21:00:25Z,1518
10.1092370445705,46.696365356715,2020-05-02T22:01:06Z,1536
10.1035851214412,46.6983714534836,2020-05-02T23:00:14Z,1542
10.101467519674,46.6983029425693,2020-05-03T00:00:39Z,1553
10.1030285775854,46.6984794273608,2020-05-03T01:00:14Z,1547
10.096979362919,46.7014330906136,2020-05-03T02:00:42Z,1506
10.1012378423469,46.701783502189,2020-05-03T03:00:15Z,1637
10.1089218030285,46.7013771269696,2020-05-03T04:01:16Z,1771
10.1116711358925,46.7015562535792,2020-05-03T05:00:42Z,1849
10.1122001442318,46.7015744517063,2020-05-03T06:00:42Z,1849
10.1121703082993,46.7015400274115,2020-05-03T07:00:18Z,1849
10.1132659412402,46.7014417877592,2020-05-03T08:00:42Z,1873
10.1111531602505,46.704813750246,2020-05-03T09:00:42Z,2002
10.1168529169594,46.7041359838564,2020-05-03T10:01:03Z,2181
10.1319571978924,46.7043131407594,2020-05-03T11:00:19Z,2290
10.1320261350243,46.7043449360654,2020-05-03T12:00:40Z,2290
10.1323211605246,46.7043156463453,2020-05-03T13:00:17Z,2317
10.132376300187,46.7043211180288,2020-05-03T14:00:42Z,2317
10.1321690488946,46.7043729051992,2020-05-03T15:00:13Z,2290
10.132359273446,46.7040943787802,2020-05-03T16:00:42Z,2317
10.1321685111548,46.7037962726347,2020-05-03T17:00:13Z,2257
10.1345386506625,46.7019355347394,2020-05-03T18:00:13Z,2256
10.1347789572193,46.701611755876,2020-05-03T19:00:42Z,2230
10.1387002378548,46.6967773065581,2020-05-03T20:00:13Z,1920
10.1386091447312,46.6962325250416,2020-05-03T21:00:14Z,1899
10.1385824739128,46.6962011918332,2020-05-03T22:00:41Z,1899
10.1390296440794,46.696374779946,2020-05-03T23:00:13Z,1894
10.1393384335474,46.6962792830257,2020-05-04T00:00:42Z,1885
10.1418010204971,46.6978416319726,2020-05-04T01:00:12Z,1920
10.1426954110735,46.6984539905392,2020-05-04T02:00:42Z,1939
10.1436403348351,46.6986642006611,2020-05-04T03:00:13Z,1921
10.1447917883497,46.6916428021003,2020-05-04T04:01:12Z,2026
10.1448267252495,46.6916662627077,2020-05-04T05:00:54Z,2026
10.1454960903495,46.6914159663684,2020-05-04T06:00:42Z,2031
10.1726498250895,46.687952801302004,2020-05-04T07:00:50Z,2090
10.1724437077845,46.675318279918,2020-05-04T08:00:42Z,2058
10.1767518318115,46.6708283713832,2020-05-04T09:00:16Z,2096
10.1767297409026,46.6707852610446,2020-05-04T10:00:42Z,2096
10.1783600439008,46.6694030962955,2020-05-04T11:00:16Z,2104
10.1785848819146,46.6691849354991,2020-05-04T12:00:42Z,2080
10.1785954312101,46.6691464868225,2020-05-04T13:00:42Z,2080
10.1786963067674,46.6689404200579,2020-05-04T14:00:42Z,2080
10.178617173329,46.6689171510555,2020-05-04T15:00:20Z,2080
10.1772005218284,46.6692044847524,2020-05-04T16:00:42Z,2041
10.1740849001231,46.6694916318231,2020-05-04T17:00:15Z,1974
10.1724132321813,46.6713203630445,2020-05-04T18:00:42Z,1986
10.1724105873062,46.6713500375119,2020-05-04T19:00:42Z,1986
10.1657748716316,46.6697904557116,2020-05-04T20:00:12Z,1790
10.1592417675885,46.6757660327006,2020-05-04T21:00:46Z,1885
10.1420735969695,46.6924334002959,2020-05-04T22:00:15Z,1859
10.1453821799004,46.6989184359406,2020-05-04T23:00:42Z,1931
10.1459144508094,46.6994155867402,2020-05-05T00:00:42Z,1958
10.1461107012006,46.6995678927453,2020-05-05T01:00:12Z,1958
10.1437083259539,46.6986438509665,2020-05-05T02:00:42Z,1921
10.146282976711,46.6992952575448,2020-05-05T03:00:42Z,1936
10.1452280478896,46.7000200021156,2020-05-05T04:00:42Z,1981
10.1433390258313,46.6916586291234,2020-05-05T05:00:41Z,1972
10.1432677973458,46.6917560969405,2020-05-05T06:00:42Z,1951
10.1437879349983,46.6917318415076,2020-05-05T07:00:15Z,1974
10.1441711646586,46.6918318379328,2020-05-05T08:00:42Z,1993
10.1441338000407,46.6915109498267,2020-05-05T09:00:35Z,2013
10.1443583299774,46.6913896191276,2020-05-05T10:00:42Z,2013
10.1440763821538,46.6915298684369,2020-05-05T11:00:15Z,2013
10.1441312146717,46.6918624872515,2020-05-05T12:00:41Z,1993
10.143961956365,46.6916240795835,2020-05-05T13:00:42Z,1995
10.1440993997373,46.6915325995758,2020-05-05T14:00:15Z,2013
10.1440277610256,46.6917155660435,2020-05-05T15:00:42Z,1995
10.1440406257219,46.6917205818652,2020-05-05T16:00:15Z,1974
10.1442271002679,46.6914874413449,2020-05-05T17:00:15Z,2013
10.1443759002038,46.692428731081,2020-05-05T18:01:11Z,1954
10.1464264074943,46.6995472146116,2020-05-05T19:00:14Z,1960
10.1452215478483,46.6998041541046,2020-05-05T20:00:42Z,1953
10.1406454457741,46.696370333755,2020-05-05T21:00:15Z,1858
10.1396683527816,46.6960575733054,2020-05-05T22:00:42Z,1885
10.1408439835442,46.6963810679738,2020-05-05T23:00:15Z,1858
10.1412680447218,46.6959956848667,2020-05-06T00:00:42Z,1846
10.1412661605512,46.6958482260636,2020-05-06T01:00:42Z,1846
10.1408765148248,46.696002235952,2020-05-06T02:00:17Z,1858
10.1410196080566,46.6947212315544,2020-05-06T03:00:36Z,1821
10.1422086641511,46.6932322804625,2020-05-06T04:01:10Z,1831
10.1422312960555,46.6913901474982,2020-05-06T05:00:42Z,1917
10.1422069244206,46.6913344181748,2020-05-06T06:00:42Z,1917
10.1422280513681,46.6914672728938,2020-05-06T07:01:03Z,1917
10.1425996569906,46.6910775318971,2020-05-06T08:00:14Z,1936
10.1425712122783,46.6910108498928,2020-05-06T09:00:41Z,1936
10.1423579427207,46.6910142010665,2020-05-06T10:00:07Z,1936
10.1426860511238,46.6911457315308,2020-05-06T11:00:15Z,1944
10.1427182714943,46.6913284395744,2020-05-06T12:01:07Z,1944
10.1433709100186,46.6919179416263,2020-05-06T13:01:18Z,1951
10.1433130053402,46.6919757363568,2020-05-06T14:00:19Z,1951
10.1433834109958,46.6921726335513,2020-05-06T15:00:42Z,1951
10.1433690680351,46.6921505543878,2020-05-06T16:00:15Z,1951
10.1437167896452,46.6927641766922,2020-05-06T17:00:41Z,1934
10.1450436392785,46.6933925472552,2020-05-06T18:00:59Z,1947
10.1431879960804,46.6978281805728,2020-05-06T19:00:42Z,1908
10.1417865732358,46.6969795964056,2020-05-06T20:00:09Z,1862
10.1419373085674,46.6970913743834,2020-05-06T21:00:42Z,1891
10.1421481872323,46.6969201336242,2020-05-06T22:00:42Z,1862
10.1415067584901,46.697131378332,2020-05-06T23:00:09Z,1898
10.1371660856391,46.6955395706713,2020-05-07T00:00:42Z,1890
10.1346181174341,46.6921453657169,2020-05-07T01:01:01Z,1722
10.138190421584,46.6926914714296,2020-05-07T02:00:42Z,1749
10.140331050151,46.6913682799553,2020-05-07T03:00:42Z,1845
10.141639928204,46.6912898007431,2020-05-07T04:00:42Z,1893
10.1415682838493,46.6912692090038,2020-05-07T05:00:09Z,1893
10.141622987123,46.6913355173655,2020-05-07T06:00:42Z,1893
10.1421518056083,46.6914091251412,2020-05-07T07:00:10Z,1917
10.1422952057382,46.6914883900911,2020-05-07T08:00:43Z,1944
10.1427151430974,46.6916965526186,2020-05-07T09:00:34Z,1944
10.1448004408966,46.6924462099625,2020-05-07T10:00:42Z,1971
10.147453683866,46.6921120377661,2020-05-07T11:00:13Z,2023
10.1475529460616,46.692129733144,2020-05-07T12:00:42Z,2023
10.1475581007593,46.6922370744735,2020-05-07T13:00:42Z,2023
10.1477065194766,46.6922868944214,2020-05-07T14:01:15Z,2027
10.1476642712702,46.6923296084432,2020-05-07T15:00:42Z,2014
10.1466006797294,46.6916330753326,2020-05-07T16:00:11Z,2038
10.1475533471909,46.6919887208551,2020-05-07T17:00:18Z,2023
10.1458636157065,46.6925720479731,2020-05-07T18:00:41Z,1991
10.146021797643,46.6932749536129,2020-05-07T19:00:10Z,1980
10.1459090349812,46.6998450846521,2020-05-07T20:00:11Z,1958
10.1468883955544,46.7000335958022,2020-05-07T21:00:42Z,1978
10.14730473371,46.6999787466839,2020-05-07T22:00:10Z,1977
10.1464891248319,46.7002720256755,2020-05-07T23:01:12Z,1978
10.1452666480994,46.699973371599,2020-05-08T00:00:11Z,1981
10.1463829391341,46.7002720039933,2020-05-08T01:00:42Z,1980
10.146909379027,46.6994498717376,2020-05-08T02:00:11Z,1960
10.1453223178699,46.6985350689565,2020-05-08T03:00:42Z,1913
10.1438720284709,46.6917319143911,2020-05-08T04:01:00Z,1974
10.1451262678258,46.691674517388,2020-05-08T05:00:42Z,2026
10.1515001060522,46.6898853754506,2020-05-08T06:01:07Z,2050
10.1678409857799,46.6841001642302,2020-05-08T07:00:58Z,1937
10.1714913828532,46.6759573584902,2020-05-08T08:00:42Z,2018
10.1754752353261,46.6707722353277,2020-05-08T09:00:52Z,2067
10.1785522407032,46.6691926157857,2020-05-08T10:00:42Z,2080
10.1785522407032,46.6691617614605,2020-05-08T11:00:17Z,2080
10.178555864446,46.6691471938074,2020-05-08T12:00:43Z,2080
10.1785499321856,46.6691614939681,2020-05-08T13:00:11Z,2080
10.1785044332114,46.669164159347,2020-05-08T14:00:42Z,2080
10.1787886197479,46.6691609181408,2020-05-08T15:00:42Z,2098
10.1787757619745,46.6691744158192,2020-05-08T16:00:14Z,2080
10.1774817736909,46.6704086432742,2020-05-08T17:00:14Z,2089
10.1769212969119,46.6708753204461,2020-05-08T18:00:45Z,2096
10.1748791234644,46.6723613957132,2020-05-08T19:00:13Z,2111
10.1718995064078,46.6771639350433,2020-05-08T20:00:13Z,2016
10.1718971990234,46.6770896255954,2020-05-08T21:00:42Z,2016
10.1682654522223,46.6873764802387,2020-05-08T22:00:12Z,2074
10.1455354951032,46.6984072710614,2020-05-08T23:00:42Z,1913
10.1453313886227,46.699968444852,2020-05-09T00:00:41Z,1981
10.1456186545301,46.6999797995479,2020-05-09T01:00:11Z,1981
10.1454398749641,46.6999317374154,2020-05-09T02:00:42Z,1955
10.1449191144942,46.6997443369368,2020-05-09T03:00:57Z,1953
10.1456831152598,46.6968406378513,2020-05-09T04:00:42Z,1938
10.14748490612,46.6948060683054,2020-05-09T05:00:15Z,2086
10.1474311431779,46.6947919026548,2020-05-09T06:00:41Z,2086
10.1522141893029,46.6948243776112,2020-05-09T07:00:13Z,2188
10.1734073219965,46.6892447731146,2020-05-09T08:00:13Z,2129
10.1752563037846,46.6734629535556,2020-05-09T09:01:32Z,2123
10.1780617958912,46.6725571512563,2020-05-09T10:00:42Z,2137
10.1788318102103,46.6691641560203,2020-05-09T11:00:43Z,2098
10.1788878584783,46.6691662378947,2020-05-09T12:00:14Z,2098
10.1788133416425,46.669149674443,2020-05-09T13:00:16Z,2098
10.1788074095857,46.6691331203221,2020-05-09T14:00:41Z,2098
10.1793339025519,46.6687197984684,2020-05-09T15:00:13Z,2070
10.1789738874016,46.6688077050392,2020-05-09T16:00:43Z,2098
10.1789837948326,46.6690944789043,2020-05-09T17:00:12Z,2098
10.1788459828685,46.6691111398084,2020-05-09T18:00:40Z,2098
10.1753150003647,46.6707386966952,2020-05-09T19:00:15Z,2067
10.1743453393753,46.6710636618421,2020-05-09T20:00:42Z,2023
10.1743825947531,46.671050349395,2020-05-09T21:00:11Z,2023
10.1741511658806,46.6696765048426,2020-05-09T22:00:12Z,1974
10.1744990133386,46.6688017068443,2020-05-09T23:00:14Z,1962
10.17446472194,46.6688665010432,2020-05-10T00:00:41Z,1962
10.1739817279547,46.6685064095331,2020-05-10T01:00:14Z,1944
10.1741149237713,46.6684213370256,2020-05-10T02:00:42Z,1949
10.173453875939,46.6687987879232,2020-05-10T03:00:42Z,1949
10.1739187437814,46.6690157253365,2020-05-10T04:00:13Z,1957
10.1747357235149,46.6695608388901,2020-05-10T05:00:42Z,1985
10.1737772723484,46.6701392305902,2020-05-10T06:01:11Z,1979
10.1737578096985,46.6705354503665,2020-05-10T07:00:42Z,2003
10.1733380933194,46.6706605065201,2020-05-10T08:00:09Z,1985
10.1733499657491,46.6706257342681,2020-05-10T09:01:05Z,1985
10.1733865689957,46.6703205441908,2020-05-10T10:00:10Z,1967
10.1726747103846,46.6707908512581,2020-05-10T11:00:11Z,1968
10.1726312087872,46.6707311354097,2020-05-10T12:00:41Z,1968
10.1733923711807,46.6746135584826,2020-05-10T13:00:10Z,2077
10.1713486764644,46.6748124329906,2020-05-10T14:00:42Z,2013
10.1714212196232,46.6748419852806,2020-05-10T15:00:10Z,2013
10.1713790099916,46.674823000797,2020-05-10T16:00:42Z,2013
10.1713519670509,46.6750499406293,2020-05-10T17:00:12Z,2013
10.1714464517996,46.6770109569751,2020-05-10T18:00:42Z,2008
10.1749723229362,46.6822732994028,2020-05-10T19:00:09Z,2018
10.1709429759475,46.6901104329572,2020-05-10T20:00:11Z,2243
10.1536500579152,46.6922794645151,2020-05-10T21:01:16Z,2103
10.1452819567563,46.6987807506673,2020-05-10T22:00:42Z,1913
10.1445438290983,46.6985302399088,2020-05-10T23:00:42Z,1915
10.1433384436901,46.6988098715454,2020-05-11T00:00:14Z,1954
10.1408916851087,46.6985399221,2020-05-11T01:00:39Z,1963
10.1390036746052,46.6977600445241,2020-05-11T02:00:42Z,1972
10.138810070906,46.6969847875449,2020-05-11T03:00:28Z,1915
10.1375679973998,46.6975139606174,2020-05-11T04:00:46Z,1963
10.1360892878398,46.6985558577665,2020-05-11T05:01:05Z,2047
10.1359638572369,46.6985581155642,2020-05-11T06:01:02Z,2047
10.13634907049,46.6996701461057,2020-05-11T07:00:15Z,2129
10.1358275733969,46.7002592392556,2020-05-11T08:00:41Z,2164
10.1356133667406,46.7002227342243,2020-05-11T09:01:00Z,2169
10.1350209945673,46.7004279237206,2020-05-11T10:00:51Z,2170
10.1348358263216,46.7005166655927,2020-05-11T11:00:38Z,2170
10.1351933633857,46.7006991584245,2020-05-11T12:01:02Z,2199
10.1353510681748,46.7010780780332,2020-05-11T13:00:13Z,2197
10.1344360225551,46.7009257543434,2020-05-11T14:00:41Z,2199
10.1344057522949,46.7010334810274,2020-05-11T15:00:14Z,2199
10.1344936480208,46.7021621442664,2020-05-11T16:00:14Z,2256
10.1343465780651,46.702128286826,2020-05-11T17:00:43Z,2256
10.1334637868756,46.7019624490082,2020-05-11T18:00:42Z,2246
10.1327377517996,46.7020802163975,2020-05-11T19:00:13Z,2211
10.1287308256735,46.6985396321203,2020-05-11T20:00:16Z,1887
10.1264638507336,46.6965478770072,2020-05-11T21:00:42Z,1807
10.1269468225562,46.6965184610791,2020-05-11T22:00:13Z,1807
10.1195725109403,46.6968470438535,2020-05-11T23:00:20Z,1723
10.1253825545303,46.6958334603444,2020-05-12T00:00:41Z,1767
10.1265901724878,46.6946689273641,2020-05-12T01:00:45Z,1764
10.1269426209712,46.6945467350003,2020-05-12T02:00:20Z,1729
10.125799797407,46.6950884538083,2020-05-12T03:00:43Z,1758
10.1271581318304,46.6947338230585,2020-05-12T04:00:56Z,1768
10.1313081708279,46.6965519226446,2020-05-12T05:00:42Z,1913
10.1320283024793,46.6971106657235,2020-05-12T06:00:42Z,1958
10.1330604736754,46.6979285541728,2020-05-12T07:00:11Z,2009
10.1331616002597,46.698710474397,2020-05-12T08:00:42Z,2041
10.1335242243833,46.6993765495226,2020-05-12T09:00:43Z,2126
10.133300071116,46.7004496302384,2020-05-12T10:00:42Z,2152
10.1332752683179,46.7008000970704,2020-05-12T11:00:39Z,2182
10.1344946444926,46.7026841088551,2020-05-12T12:00:19Z,2280
10.1345497802424,46.7026587474354,2020-05-12T13:00:42Z,2280
10.1346821185387,46.702552474534,2020-05-12T14:00:10Z,2286
10.1346329501048,46.7025450230473,2020-05-12T15:00:15Z,2286
10.1339325927121,46.7026223509472,2020-05-12T16:00:41Z,2267
10.1340171309044,46.7024875963219,2020-05-12T17:00:10Z,2267
10.1340400688182,46.7021747004198,2020-05-12T18:00:42Z,2256
10.1363635298089,46.7016433522365,2020-05-12T19:00:10Z,2218
10.1380054548878,46.6973267698086,2020-05-12T20:00:11Z,1955
10.1394364352491,46.6967878800136,2020-05-12T21:00:10Z,1906
10.1393099779891,46.6963606491893,2020-05-12T22:00:41Z,1894
10.1397810053697,46.6965571740105,2020-05-12T23:00:15Z,1906
10.1419557210227,46.697229261555,2020-05-13T00:00:41Z,1891
10.1410560184375,46.6973127252962,2020-05-13T01:00:11Z,1910
10.1408425188285,46.6960555851147,2020-05-13T02:01:04Z,1858
10.1392928372465,46.6957010253388,2020-05-13T03:00:44Z,1875
10.1375436281996,46.6974520626414,2020-05-13T04:00:19Z,1963
10.1372662680904,46.6996477873494,2020-05-13T05:01:43Z,2109
10.1358951423752,46.7007807693366,2020-05-13T06:00:42Z,2190
10.1360780086624,46.7008582619803,2020-05-13T07:00:10Z,2190
10.1366447306898,46.7012177141105,2020-05-13T08:01:13Z,2208
10.1365547396379,46.7017942799181,2020-05-13T09:01:17Z,2238
10.1359848528895,46.7015192232494,2020-05-13T10:00:12Z,2218
10.1361148875879,46.7015298445554,2020-05-13T11:00:42Z,2218
10.1360624850133,46.7015069790824,2020-05-13T12:00:41Z,2218
10.1361245935103,46.7018721019337,2020-05-13T13:00:14Z,2247
10.1355349411661,46.7014370269418,2020-05-13T14:01:07Z,2226
10.1356235727766,46.7013193507227,2020-05-13T15:00:33Z,2226
10.1358891762874,46.7010911016203,2020-05-13T16:00:11Z,2190
10.1357848758098,46.7010843428846,2020-05-13T17:00:42Z,2197
10.1377218805034,46.7005311642233,2020-05-13T18:00:11Z,2117
10.1362390107678,46.6973870287027,2020-05-13T19:00:11Z,1978
10.1307956484398,46.6940032579438,2020-05-13T20:01:42Z,1767
10.1280551134927,46.6942607491508,2020-05-13T21:00:47Z,1744
10.1260759626264,46.6944937461462,2020-05-13T22:00:19Z,1724
10.1298172971907,46.6932056339477,2020-05-13T23:00:10Z,1729
10.1298163710238,46.6931411558837,2020-05-14T00:01:12Z,1729
10.1328462477149,46.6919369927218,2020-05-14T01:00:10Z,1714
10.1334647936377,46.6925024534523,2020-05-14T02:01:06Z,1745
10.1338930937274,46.6930678010876,2020-05-14T03:01:09Z,1771
10.135282152884,46.6963901229982,2020-05-14T04:00:20Z,1914
10.1348811279866,46.6984014354595,2020-05-14T05:00:42Z,2054
10.1346087592682,46.6987852975121,2020-05-14T06:01:06Z,2094
10.1335379649853,46.6993277371879,2020-05-14T07:00:14Z,2089
10.1338436525903,46.7000640202992,2020-05-14T08:01:11Z,2163
10.1334292910425,46.7016746357287,2020-05-14T09:01:00Z,2209
10.1349444939969,46.7023766533223,2020-05-14T10:00:15Z,2286
10.1357487910609,46.7029477382803,2020-05-14T11:00:42Z,2317
10.1357474252745,46.7029749360004,2020-05-14T12:00:16Z,2317
10.1357745253008,46.7029392680345,2020-05-14T13:00:06Z,2317
10.13553184775,46.7026881118914,2020-05-14T14:00:41Z,2285
10.1348480240318,46.7025215330935,2020-05-14T15:00:12Z,2286
10.1348916589755,46.7024886262405,2020-05-14T16:00:16Z,2286
10.1352551707254,46.7025087959924,2020-05-14T17:00:36Z,2285
10.1347188537605,46.7023399023337,2020-05-14T18:00:15Z,2286
10.1366255467223,46.7020536938726,2020-05-14T19:00:15Z,2238
10.1424357792703,46.6985199389483,2020-05-14T20:00:41Z,1939
10.1422490436539,46.6978626999455,2020-05-14T21:00:08Z,1920
10.1424793963621,46.6983760167761,2020-05-14T22:00:41Z,1939
10.1421321893932,46.697277055891,2020-05-14T23:00:07Z,1891
10.14203144782,46.6968536926516,2020-05-15T00:00:42Z,1862
10.1412710727836,46.6954661040852,2020-05-15T01:01:08Z,1831
10.1402140727369,46.6948322292769,2020-05-15T02:00:42Z,1828
10.1409653241696,46.6965529141734,2020-05-15T03:00:42Z,1882
10.1396330590519,46.6993438775992,2020-05-15T04:00:16Z,2018
10.1374487840644,46.6997810774619,2020-05-15T05:00:42Z,2109
10.1374464834814,46.6997437985051,2020-05-15T06:00:42Z,2109
10.1376220997375,46.7000736176479,2020-05-15T07:00:08Z,2117
10.1373873433159,46.7009064754144,2020-05-15T08:00:37Z,2162
10.1371903297491,46.7018390337186,2020-05-15T09:00:42Z,2227
10.136771684653,46.7020107400802,2020-05-15T10:00:08Z,2238
10.1366797441116,46.7019021877596,2020-05-15T11:00:11Z,2238
10.1344572833375,46.7016837145198,2020-05-15T12:00:41Z,2231
10.1334808163375,46.7020843550967,2020-05-15T13:00:09Z,2246
10.1334146182755,46.7019426627935,2020-05-15T14:00:42Z,2230
10.1333512139855,46.7019203905484,2020-05-15T15:00:08Z,2230
10.1326868261368,46.7028464676346,2020-05-15T16:00:13Z,2232
10.1324537938336,46.7025109001143,2020-05-15T17:00:42Z,2232
10.1331664199185,46.7020519900468,2020-05-15T18:00:11Z,2230
10.1337802502714,46.7006214595545,2020-05-15T19:00:38Z,2194
10.137624064198,46.6974728958503,2020-05-15T20:00:42Z,1955
10.138085466175,46.6973652617511,2020-05-15T21:00:16Z,1955
10.1386910346287,46.6968563909257,2020-05-15T22:00:32Z,1920
10.1393748266442,46.6966775711361,2020-05-15T23:00:48Z,1906
10.1388574498981,46.6970617656878,2020-05-16T00:00:42Z,1940
10.1397788023484,46.6968417282402,2020-05-16T01:00:43Z,1906
10.1421137766139,46.697114497571,2020-05-16T02:00:42Z,1891
10.1443027411371,46.6992841139933,2020-05-16T03:00:42Z,1934
10.145938959408,46.6983474112378,2020-05-16T04:00:42Z,1920
10.1455475488089,46.6967834973135,2020-05-16T05:00:44Z,1938
10.1455089509747,46.6968301302367,2020-05-16T06:00:42Z,1938
10.1449523333441,46.6962340655301,2020-05-16T07:00:45Z,1930
10.1449058820468,46.6960920422138,2020-05-16T08:00:42Z,1930
10.1449164457431,46.6960474400165,2020-05-16T09:00:42Z,1930
10.1447165513628,46.6961502588159,2020-05-16T10:00:10Z,1930
10.1439702041307,46.6955622084594,2020-05-16T11:00:59Z,1876
10.1443400913097,46.6948879669689,2020-05-16T12:01:17Z,1920
10.1444455739382,46.6951772758937,2020-05-16T13:00:17Z,1920
10.1446472289781,46.6950974553694,2020-05-16T14:00:43Z,1957
10.1446499396017,46.6950183950633,2020-05-16T15:00:42Z,1957
10.1445153241721,46.6951059119652,2020-05-16T16:00:42Z,1920
10.1445621825109,46.6951377615823,2020-05-16T17:00:16Z,1920
10.1445868167456,46.6957261324721,2020-05-16T18:00:50Z,1908
10.1454396054464,46.6989180152862,2020-05-16T19:00:42Z,1931
10.1459251527896,46.7001060411525,2020-05-16T20:00:20Z,1980
10.1455800543873,46.7000325975707,2020-05-16T21:00:42Z,1981
10.1469826650405,46.7002349296286,2020-05-16T22:00:08Z,1978
10.1464660980369,46.7002384388533,2020-05-16T23:00:09Z,1978
10.1451796978098,46.6996688509797,2020-05-17T00:00:45Z,1953
10.1457620850584,46.7001084067318,2020-05-17T01:00:42Z,1981
10.1451802381299,46.7000902023208,2020-05-17T02:00:43Z,1981
10.1473208537355,46.700091684745,2020-05-17T03:00:42Z,1977
10.1451044216972,46.6962014550616,2020-05-17T04:00:49Z,1930
10.1439860104289,46.692761853934,2020-05-17T05:00:42Z,1934
10.1439579785358,46.6927638856125,2020-05-17T06:00:42Z,1934
10.1440989579804,46.692687588328,2020-05-17T07:00:09Z,1954
10.1437708776559,46.6915544243439,2020-05-17T08:00:42Z,1995
10.1436950458496,46.6915218109412,2020-05-17T09:00:42Z,1995
10.1471493928167,46.6919356244332,2020-05-17T10:00:08Z,2023
10.1495179721227,46.6945938980936,2020-05-17T11:00:09Z,2131
10.1550580450983,46.6955531382307,2020-05-17T12:01:12Z,2248
10.1551463726815,46.695583741636,2020-05-17T13:00:10Z,2248
10.1551081605312,46.6954832015628,2020-05-17T14:00:42Z,2248
10.1557423752205,46.6958264111474,2020-05-17T15:00:09Z,2257
10.1497678019563,46.6942350041278,2020-05-17T16:00:08Z,2131
10.1496128665189,46.6938336473393,2020-05-17T17:00:42Z,2106
10.149616195372,46.6927374828932,2020-05-17T18:00:19Z,2053
10.1462372377435,46.6924480307195,2020-05-17T19:00:52Z,1991
10.1442286628188,46.6989537684127,2020-05-17T20:01:12Z,1934
10.1422665133533,46.6978620965978,2020-05-17T21:00:09Z,1920
10.1420123172342,46.6975355451003,2020-05-17T22:00:42Z,1891
10.1419055025088,46.6967183076901,2020-05-17T23:00:12Z,1862
10.1418912777185,46.6967466555204,2020-05-18T00:00:42Z,1862
10.1419952630637,46.6973087847037,2020-05-18T01:00:42Z,1891
10.1452724739438,46.6995447121571,2020-05-18T02:00:26Z,1955
10.1442297827194,46.6923853481595,2020-05-18T03:00:42Z,1954
10.1555755530964,46.6876478596832,2020-05-18T04:00:42Z,2085
10.1704873170077,46.6869886733052,2020-05-18T05:00:43Z,2031
10.1722267563199,46.6751697273293,2020-05-18T06:01:12Z,2041
10.1741527457977,46.6735934549511,2020-05-18T07:00:43Z,2102
10.1765668827685,46.6716453120284,2020-05-18T08:00:10Z,2116
10.1788716983852,46.6691149986925,2020-05-18T09:00:42Z,2098
10.1788786241332,46.6691281428344,2020-05-18T10:00:10Z,2098
10.17891357403,46.6691577550549,2020-05-18T11:00:45Z,2098
10.1788858709772,46.6691236910418,2020-05-18T12:00:42Z,2098
10.1790015906067,46.669020724236,2020-05-18T13:00:16Z,2098
10.1788565320495,46.6691220580579,2020-05-18T14:00:42Z,2098
10.1788680749489,46.6691604205753,2020-05-18T15:00:42Z,2098
10.1809337132435,46.6674010755185,2020-05-18T16:00:12Z,2093
10.1841412855604,46.6664518139962,2020-05-18T17:00:42Z,2146
10.1840325031417,46.6664445096259,2020-05-18T18:00:09Z,2146
10.1885338644668,46.6658643269487,2020-05-18T19:00:09Z,2067
10.1887389791723,46.6660784726825,2020-05-18T20:00:41Z,2067
10.1882360324687,46.6653485442725,2020-05-18T21:00:08Z,2062
10.1878207094383,46.6656769146497,2020-05-18T22:00:09Z,2075
10.1884824377721,46.6658874688056,2020-05-18T23:00:42Z,2067
10.1886393246611,46.6657081518871,2020-05-19T00:00:09Z,2062
10.1884836241908,46.6653110696671,2020-05-19T01:00:42Z,2062
10.1865977194211,46.6647711121981,2020-05-19T02:00:08Z,2100
10.1836187017013,46.6657407261971,2020-05-19T03:00:59Z,2119
10.1802341691794,46.6673006833872,2020-05-19T04:00:42Z,2069
10.1789999235906,46.6684792516538,2020-05-19T05:00:42Z,2070
10.1790012382827,46.6684891008948,2020-05-19T06:00:09Z,2070
10.1791614617478,46.6684424161152,2020-05-19T07:00:42Z,2070
10.1803542292366,46.6682895960888,2020-05-19T08:01:12Z,2108
10.1802856416329,46.6681414875318,2020-05-19T09:00:42Z,2087
10.1790335586666,46.668813732033,2020-05-19T10:00:10Z,2098
10.1790708171113,46.6688497824338,2020-05-19T11:00:42Z,2098
10.1789587211117,46.6688641316584,2020-05-19T12:00:41Z,2098
10.1792438988405,46.6687834288353,2020-05-19T13:00:09Z,2098
10.1792755458868,46.6687791585768,2020-05-19T14:00:43Z,2098
10.1788341187859,46.6691891069112,2020-05-19T15:00:08Z,2098
10.1778978497174,46.6705943353027,2020-05-19T16:00:09Z,2120
10.1767571462461,46.6728239458078,2020-05-19T17:00:11Z,2137
10.1745404280778,46.6766005027089,2020-05-19T18:00:41Z,2048
10.1747243319328,46.6824949178261,2020-05-19T19:00:09Z,2034
10.15897480433,46.6868772846336,2020-05-19T20:00:55Z,2082
10.1454261976172,46.6987383468103,2020-05-19T21:00:42Z,1913
10.1463878077072,46.6996061808341,2020-05-19T22:00:42Z,1958
10.1473727219713,46.6999213893166,2020-05-19T23:00:42Z,1960
10.1460979736195,46.7002855951793,2020-05-20T00:00:13Z,1980
10.1453263769279,46.6999978947852,2020-05-20T01:00:42Z,1981
10.145223309745,46.6997099527378,2020-05-20T02:01:21Z,1953
10.1455942743385,46.6982439653771,2020-05-20T03:00:42Z,1913
10.1493858977815,46.691636899269,2020-05-20T04:00:15Z,2050
10.1535938473134,46.6882987699113,2020-05-20T05:01:07Z,2071
10.1537059691381,46.688438678135,2020-05-20T06:00:42Z,2071
10.1553532329735,46.6879473065926,2020-05-20T07:00:10Z,2085
10.159294224214,46.688843100004,2020-05-20T08:00:38Z,2145
10.1734886940773,46.673660248424,2020-05-20T09:00:10Z,2088
10.1786706197561,46.6693129962386,2020-05-20T10:00:30Z,2080
10.1788390571466,46.6691041665309,2020-05-20T11:00:41Z,2098
10.1788964201342,46.6691037550358,2020-05-20T12:00:12Z,2098
10.1788927967264,46.6691059809128,2020-05-20T13:00:42Z,2098
10.1788496063224,46.6691891348835,2020-05-20T14:00:09Z,2098
10.1797377833379,46.6692602292837,2020-05-20T15:00:13Z,2113
10.1804545970256,46.6701489556318,2020-05-20T16:00:41Z,2138
10.1797375407915,46.6705366908761,2020-05-20T17:00:09Z,2140
10.1772094447509,46.6705992566095,2020-05-20T18:00:42Z,2108
10.1771504364114,46.670687640291,2020-05-20T19:00:08Z,2108
10.1749460759242,46.6691602747042,2020-05-20T20:00:14Z,1970
10.1754050117667,46.6686633205517,2020-05-20T21:00:43Z,1968
10.1754936990207,46.6686330400113,2020-05-20T22:00:17Z,1968
10.1761448405962,46.668542711573,2020-05-20T23:00:44Z,1981
10.1786913106338,46.6677232737161,2020-05-21T00:01:03Z,2020
10.1785472194258,46.6672966558693,2020-05-21T01:00:42Z,2000
10.1787974436286,46.6672727357424,2020-05-21T02:00:42Z,2021
10.1790526048764,46.6670959922433,2020-05-21T03:01:12Z,2021
10.1793416499125,46.6657612513874,2020-05-21T04:00:37Z,1994
10.1793136271122,46.6657200973377,2020-05-21T05:00:43Z,1994
10.1790248387292,46.6658585687722,2020-05-21T06:01:00Z,2001
10.1780734302132,46.666110714386,2020-05-21T07:00:15Z,1961
10.1771991440076,46.6665780886506,2020-05-21T08:01:37Z,1952
10.1764886889569,46.6670088960584,2020-05-21T09:00:15Z,1955
10.1764303342289,46.6670435739171,2020-05-21T10:00:31Z,1943
10.1764000028907,46.6670021524459,2020-05-21T11:00:42Z,1943
10.1764738504968,46.6669551656099,2020-05-21T12:00:16Z,1936
10.1764909969724,46.6670400193875,2020-05-21T13:00:36Z,1955
10.1764188024411,46.6674557040785,2020-05-21T14:00:42Z,1943
10.1768516762834,46.6673303992616,2020-05-21T15:00:16Z,1955
10.177419328639,46.6653843516523,2020-05-21T16:00:36Z,1940
10.1771796723899,46.6659375645476,2020-05-21T17:00:16Z,1942
10.1744053790034,46.6687071135429,2020-05-21T18:00:42Z,1949
10.1745309791906,46.6697055071093,2020-05-21T19:00:42Z,1974
10.1741231416964,46.6698513326531,2020-05-21T20:00:14Z,1974
10.1744637248483,46.6694253093099,2020-05-21T21:00:42Z,1974
10.1751297164763,46.6688580061852,2020-05-21T22:00:42Z,1970
10.1751241123837,46.6687744875918,2020-05-21T23:00:41Z,1970
10.1751254316064,46.6687287975446,2020-05-22T00:00:16Z,1957
10.1746018698276,46.6693170056412,2020-05-22T01:00:32Z,1962
10.1783266813496,46.6676316836154,2020-05-22T02:00:46Z,2020
10.1795427828039,46.6662791067593,2020-05-22T03:00:43Z,2020
10.179454096438601,46.6662723661577,2020-05-22T04:00:11Z,2020
10.1807615877739,46.6665507033057,2020-05-22T05:01:40Z,2077
10.181298332963,46.6672026175759,2020-05-22T06:00:35Z,2114
10.1807696533421,46.6689115818875,2020-05-22T07:01:00Z,2133
10.1805098318106,46.6681744948137,2020-05-22T08:01:06Z,2108
10.1805872932325,46.6677179946139,2020-05-22T09:00:11Z,2108
10.1803244878866,46.6675094987719,2020-05-22T10:00:18Z,2069
10.1804771453499,46.6676021036638,2020-05-22T11:00:41Z,2087
10.1805658337695,46.6676273574877,2020-05-22T12:00:10Z,2108
10.1807264157396,46.6677235227707,2020-05-22T13:00:58Z,2108
10.1805773782709,46.6676472061481,2020-05-22T14:01:12Z,2108
10.1806149541923,46.6674990449747,2020-05-22T15:00:12Z,2093
10.1815977788311,46.6683894807266,2020-05-22T16:00:13Z,2135
10.1829626549656,46.6683958452913,2020-05-22T17:00:42Z,2147
10.187836695708,46.6665911793622,2020-05-22T18:00:11Z,2088
10.188861030449,46.666344716265,2020-05-22T19:00:42Z,2055
10.1881428337149,46.6658905009422,2020-05-22T20:00:11Z,2080
10.1886920545488,46.6656084647477,2020-05-22T21:00:11Z,2062
10.18910530918,46.6662671907462,2020-05-22T22:00:41Z,2055
10.1886777756124,46.6651245989709,2020-05-22T23:00:11Z,2061
10.1880804498055,46.6654142876867,2020-05-23T00:00:42Z,2075
10.1880153454275,46.6647579354506,2020-05-23T01:00:11Z,2075
10.1865334374732,46.664807752732,2020-05-23T02:00:42Z,2100
10.1864233541948,46.6648152799729,2020-05-23T03:00:12Z,2109
10.1806461900543,46.6664015810599,2020-05-23T04:01:00Z,2077
10.1783302542979,46.6664322654112,2020-05-23T05:01:06Z,1986
10.1780651895123,46.6663530847521,2020-05-23T06:00:42Z,1961
10.1792587943009,46.6636605126537,2020-05-23T07:00:42Z,1935
10.1796830664627,46.6637334544655,2020-05-23T08:00:42Z,1951
10.1796992265614,46.6637414900361,2020-05-23T09:00:12Z,1951
10.1796326343007,46.6637716901926,2020-05-23T10:00:39Z,1951
10.1797401435635,46.664386267934,2020-05-23T11:01:06Z,1968
10.1796923385715,46.6644750713708,2020-05-23T12:00:25Z,1968
10.1797157436422,46.6643614057738,2020-05-23T13:00:42Z,1968
10.1800005842678,46.66437233974,2020-05-23T14:00:14Z,1985
10.1853223562899,46.6634968921781,2020-05-23T15:00:11Z,2111
10.1868085414968,46.6637984588234,2020-05-23T16:01:15Z,2096
10.1890813661492,46.6653925619303,2020-05-23T17:00:42Z,2049
10.188790581906,46.665383605385,2020-05-23T18:00:11Z,2062
10.1886411615119,46.6665334991183,2020-05-23T19:00:12Z,2074
10.1891486727505,46.6656542398013,2020-05-23T20:00:41Z,2049
10.1891109879034,46.6652346677991,2020-05-23T21:00:11Z,2049
10.1890961156916,46.6651562576208,2020-05-23T22:00:12Z,2045
10.1891917405492,46.6651144181452,2020-05-23T23:00:41Z,2045
10.1879070910267,46.6656525253356,2020-05-24T00:00:42Z,2075
10.1814973269119,46.6658636385367,2020-05-24T01:00:13Z,2077
10.1812151565995,46.6664833415542,2020-05-24T02:00:42Z,2097
10.180997534922,46.6658948228563,2020-05-24T03:00:35Z,2060
10.1801428126504,46.6668484406831,2020-05-24T04:01:05Z,2054
10.1797576943873,46.665909931539,2020-05-24T05:00:42Z,2020
10.1796815466485,46.6658764252297,2020-05-24T06:00:42Z,2020
10.1793106442432,46.6657118283991,2020-05-24T07:00:40Z,1994
10.1784673637074,46.665796656356,2020-05-24T08:01:01Z,1977
10.1779771284166,46.6653793113952,2020-05-24T09:00:12Z,1960
10.1778854672919,46.6649878458745,2020-05-24T10:00:11Z,1951
10.1778795134963,46.66477999914,2020-05-24T11:00:42Z,1951
10.1769294489892,46.6658874235071,2020-05-24T12:01:27Z,1924
10.1768783455793,46.665800400722,2020-05-24T13:00:36Z,1920
10.1768559176293,46.6653799284495,2020-05-24T14:00:42Z,1920
10.1768918552634,46.6655357256714,2020-05-24T15:00:14Z,1920
10.1771559402788,46.6661181875314,2020-05-24T16:00:42Z,1942
10.1813513356748,46.6662522513089,2020-05-24T17:01:09Z,2077
10.1874961684082,46.6650742914857,2020-05-24T18:00:11Z,2088
10.1877745006434,46.6654062190513,2020-05-24T19:00:42Z,2075
10.1880737024671,46.6648158204889,2020-05-24T20:00:13Z,2075
10.1881639947516,46.6646667079522,2020-05-24T21:00:40Z,2075
10.1881369780218,46.6646776817529,2020-05-24T22:00:12Z,2075
10.1882920797243,46.6653321066338,2020-05-24T23:00:42Z,2062
10.1885158550686,46.6649630574343,2020-05-25T00:00:13Z,2061
10.1882398291159,46.6646375691069,2020-05-25T01:00:42Z,2061
10.1880348354786,46.6648985915693,2020-05-25T02:00:40Z,2075
10.186808944415,46.664237525966,2020-05-25T03:00:12Z,2100
10.1862241822744,46.6646917467666,2020-05-25T04:00:42Z,2109
10.1859351123947,46.6648848485323,2020-05-25T05:00:10Z,2109
10.184307729904,46.6660338220215,2020-05-25T06:01:00Z,2138
10.182017022969,46.6675661590284,2020-05-25T07:00:13Z,2131
10.1820451055009,46.6681503524117,2020-05-25T08:00:42Z,2140
10.1810495782504,46.6691247058139,2020-05-25T09:00:12Z,2133
10.1806905157554,46.6686353101936,2020-05-25T10:00:17Z,2123
10.180598204397,46.6686925029593,2020-05-25T11:00:42Z,2123
10.1796787881547,46.6695028801397,2020-05-25T12:00:11Z,2129
10.1805547883806,46.6697435797591,2020-05-25T13:00:35Z,2137
10.180666206674,46.6696718466745,2020-05-25T14:00:14Z,2137
10.1826056464168,46.6686401435125,2020-05-25T15:00:34Z,2147
10.1858709013108,46.6672285161039,2020-05-25T16:00:42Z,2135
10.1882355529494,46.66609956922,2020-05-25T17:00:41Z,2067
10.1889545202891,46.6657172846966,2020-05-25T18:00:11Z,2049
10.1878284243416,46.6647548192791,2020-05-25T19:00:11Z,2075
10.1866612981355,46.664467276298,2020-05-25T20:00:41Z,2100
10.1866415114288,46.6644676341874,2020-05-25T21:00:11Z,2100
10.1866790759272,46.6644367238256,2020-05-25T22:00:12Z,2100
10.1876982570386,46.6650518323588,2020-05-25T23:01:42Z,2075
10.1885450034075,46.6655253334073,2020-05-26T00:00:13Z,2062
10.1887823466644,46.6654284946412,2020-05-26T01:00:42Z,2062
10.1882977736084,46.6644045001806,2020-05-26T02:00:42Z,2057
10.187368394785,46.6642123378906,2020-05-26T03:00:12Z,2088
10.1854255993086,46.6638773339043,2020-05-26T04:00:38Z,2111
10.1832719089104,46.6635090360294,2020-05-26T05:00:42Z,2089
10.1832729086381,46.6635611612683,2020-05-26T06:00:11Z,2089
10.1828290467303,46.6624836491688,2020-05-26T07:00:13Z,2087
10.1826589865204,46.6626755247572,2020-05-26T08:01:06Z,2087
10.1799678640229,46.6633432710433,2020-05-26T09:00:17Z,1971
10.1797993755818,46.6630460740834,2020-05-26T10:00:15Z,1947
10.1796642787641,46.6637921097251,2020-05-26T11:00:41Z,1951
10.1796929765855,46.6638289170923,2020-05-26T12:00:15Z,1951
10.1797233073409,46.6638518241228,2020-05-26T13:00:36Z,1951
10.1796672630298,46.6638744303575,2020-05-26T14:00:42Z,1951
10.1800110511308,46.6634884545798,2020-05-26T15:00:14Z,1972
10.1875248717921,46.6636556688204,2020-05-26T16:00:16Z,2082
10.1882255539981,46.6641845601783,2020-05-26T17:00:35Z,2057
10.1880674090004,46.666006942185,2020-05-26T18:00:14Z,2080
10.1884554207767,46.6660095265568,2020-05-26T19:00:15Z,2067
10.1879096995642,46.6655796621128,2020-05-26T20:00:41Z,2075
10.1881010168916,46.6646082902849,2020-05-26T21:00:07Z,2074
10.1881066442875,46.6646300918345,2020-05-26T22:00:34Z,2074
10.1882043944092,46.6653589858878,2020-05-26T23:00:16Z,2075
10.1886588170748,46.6658611512389,2020-05-27T00:00:36Z,2067
10.1863639942136,46.6646990972104,2020-05-27T01:00:14Z,2109
10.1860807548974,46.6645014777669,2020-05-27T02:01:11Z,2107
10.1859053859211,46.6645737465036,2020-05-27T03:00:10Z,2107
10.1832754985239,46.6656348853091,2020-05-27T04:00:36Z,2107
10.179837184658,46.6663784330183,2020-05-27T05:00:41Z,2020
10.1786253014877,46.6662248792483,2020-05-27T06:00:42Z,1980
10.178706068579,46.6661910352546,2020-05-27T07:00:41Z,1980
10.1784050899875,46.6663510078479,2020-05-27T08:01:01Z,1980
10.1779883911635,46.6664966981832,2020-05-27T09:00:12Z,1968
10.1774681423789,46.6661499389002,2020-05-27T10:00:33Z,1942
10.1776497859097,46.6657804254939,2020-05-27T11:00:39Z,1960
10.1779135114247,46.6657201753628,2020-05-27T12:00:12Z,1960
10.1783038187818,46.6650936019321,2020-05-27T13:00:42Z,1965
10.1782754736943,46.6651255772759,2020-05-27T14:00:13Z,1965
10.1780829633921,46.6656745593277,2020-05-27T15:00:42Z,1960
10.1781617690629,46.6660424922996,2020-05-27T16:00:14Z,1961
10.1786394455726,46.6657954309565,2020-05-27T17:01:04Z,1977
10.1791877179767,46.6661031094182,2020-05-27T18:00:06Z,2001
10.1790789931037,46.6673423626531,2020-05-27T19:00:15Z,2021
10.1785429244628,46.6671797914558,2020-05-27T20:00:41Z,2000
10.1785999645472,46.6672710273754,2020-05-27T21:00:15Z,2000
10.1783840440005,46.667581904787,2020-05-27T22:00:17Z,2020
10.1799189452843,46.6664831123942,2020-05-27T23:02:00Z,2030
10.1797801820838,46.6662686691448,2020-05-28T00:00:10Z,2020
10.1796383580234,46.6660521556859,2020-05-28T01:00:11Z,2020
10.1798021967011,46.6658304516352,2020-05-28T02:01:06Z,2020
10.1797309853387,46.6657860612113,2020-05-28T03:00:10Z,2009
10.1798724130632,46.6657795160581,2020-05-28T04:00:13Z,2009
10.1798021967011,46.6658366229333,2020-05-28T05:00:42Z,2020
10.1799222093039,46.6658134841937,2020-05-28T06:00:10Z,2020
10.1797286766821,46.6657425953156,2020-05-28T07:00:42Z,2009
10.1783793753011,46.6663409770865,2020-05-28T08:01:00Z,1980
10.1779504437375,46.6658355279142,2020-05-28T09:00:42Z,1961
10.1782264271851,46.6668213605334,2020-05-28T10:00:12Z,1986
10.1778944412363,46.6667776254264,2020-05-28T11:00:44Z,1968
10.1779880677976,46.6667426256465,2020-05-28T12:00:32Z,1968
10.1780774005855,46.6664858497308,2020-05-28T13:00:42Z,1968
10.1777127960716,46.6670360537092,2020-05-28T14:00:40Z,1983
10.177731586331,46.6670205984775,2020-05-28T15:00:13Z,1983
10.178010827785,46.6671455023818,2020-05-28T16:00:42Z,1983
10.1788738854393,46.6664617193884,2020-05-28T17:00:12Z,2008
10.179015604710001,46.6657340753267,2020-05-28T18:00:42Z,1994
10.1786157740317,46.6668955410746,2020-05-28T19:00:10Z,1986
10.1781347862866,46.6671827788571,2020-05-28T20:00:37Z,1983
10.1780226927817,46.6671230747386,2020-05-28T21:00:42Z,1983
10.1784051422802,46.6675173474635,2020-05-28T22:00:11Z,2000
10.1786088766424,46.6674007683326,2020-05-28T23:00:41Z,2000
10.178594004616,46.6664892508519,2020-05-29T00:00:24Z,1986
10.1783820319919,46.6665581490287,2020-05-29T01:00:43Z,1986
10.178459820883,46.666448148752,2020-05-29T02:00:41Z,1986
10.1785498223681,46.6663906871541,2020-05-29T03:00:42Z,1980
10.1782692438408,46.6661386910321,2020-05-29T04:00:16Z,1980
10.1783041918007,46.6659399644962,2020-05-29T05:00:42Z,1980
10.1772611234578,46.6665535288985,2020-05-29T06:00:42Z,1952
10.1769324220083,46.6661734053506,2020-05-29T07:00:42Z,1924
10.1773916479081,46.6658501559523,2020-05-29T08:00:42Z,1942
10.1771868918771,46.6647976217907,2020-05-29T09:00:13Z,1933
10.1774021628867,46.6647132372499,2020-05-29T10:00:43Z,1933
10.1784989830901,46.6647988141652,2020-05-29T11:00:45Z,1965
10.1775241518727,46.6650473830927,2020-05-29T12:00:42Z,1933
10.1767728520991,46.6657282261295,2020-05-29T13:00:11Z,1920
10.176210423053,46.6659487279589,2020-05-29T14:00:42Z,1906
10.1764415385244,46.6665934930438,2020-05-29T15:00:16Z,1936
10.176449452853,46.6666525934076,2020-05-29T16:00:36Z,1936
10.1772996960065,46.6665253763355,2020-05-29T17:00:13Z,1952
10.1770692377033,46.6661416443247,2020-05-29T18:00:42Z,1942
10.1773761743711,46.6664116955625,2020-05-29T19:00:42Z,1952
10.1773283693109,46.6662968403605,2020-05-29T20:00:11Z,1942
10.1772749405935,46.6655060319818,2020-05-29T21:00:16Z,1940
10.1773534009513,46.6656138648358,2020-05-29T22:01:12Z,1940
10.1782395827171,46.6662348711711,2020-05-29T23:00:19Z,1980
10.178388608881,46.6662371324814,2020-05-30T00:00:45Z,1980
10.1782606806137,46.666250539542,2020-05-30T01:00:15Z,1980
10.1782086058032,46.6664075973662,2020-05-30T02:01:00Z,1986
10.1781271678943,46.6662914970017,2020-05-30T03:00:42Z,1961
10.1773896816107,46.6661408497536,2020-05-30T04:00:24Z,1942
10.1784891054628,46.6653451528585,2020-05-30T05:00:42Z,1977
10.179374929534,46.6655332512285,2020-05-30T06:00:37Z,1994
10.1790056976058,46.6653547251702,2020-05-30T07:00:42Z,1994
10.1791695038078,46.6646146436689,2020-05-30T08:01:06Z,1955
10.1786301555544,46.6642824157197,2020-05-30T09:00:09Z,1942
10.1787768703995,46.6646300078258,2020-05-30T10:00:42Z,1942
10.1787798510165,46.6647185020986,2020-05-30T11:00:17Z,1965
10.1777885429621,46.6650321655608,2020-05-30T12:00:42Z,1951
10.178195699924,46.6653473191101,2020-05-30T13:00:16Z,1960
10.1787821594407,46.6648113409404,2020-05-30T14:00:36Z,1965
10.1786176484662,46.6646856180168,2020-05-30T15:00:15Z,1965
10.1785962294461,46.6648171362471,2020-05-30T16:01:12Z,1965
10.1792378324395,46.6660639476988,2020-05-30T17:00:21Z,2001
10.178993287163,46.6674302922392,2020-05-30T18:00:42Z,2021
10.1783068984888,46.6675579846906,2020-05-30T19:00:15Z,2000
10.1785178264112,46.666221250322,2020-05-30T20:00:42Z,1980
10.1785909968624,46.6659132365428,2020-05-30T21:00:15Z,1980
10.1789140623354,46.6656729486213,2020-05-30T22:00:42Z,1994
10.1786602213703,46.6657361183599,2020-05-30T23:00:15Z,1977
10.1777480076515,46.6653695259057,2020-05-31T00:00:42Z,1960
10.1785405339028,46.6652849865865,2020-05-31T01:00:17Z,1977
10.1785088877173,46.6652892542173,2020-05-31T02:00:36Z,1977
10.1793126328198,46.6656556276899,2020-05-31T03:01:05Z,1994
10.1790216314779,46.6672872324934,2020-05-31T04:00:36Z,2021
10.1756783269361,46.6685433436048,2020-05-31T05:01:00Z,1968
10.1784406827155,46.6661973293308,2020-05-31T06:00:42Z,1980
10.178071421912,46.6656547115645,2020-05-31T07:00:14Z,1960
10.1770646074577,46.6656103905697,2020-05-31T08:01:10Z,1940
10.1765892130877,46.665382535117,2020-05-31T09:00:07Z,1920
10.1776065597018,46.6646910617445,2020-05-31T10:01:00Z,1933
10.1777878746577,46.6646106769294,2020-05-31T11:00:42Z,1929
10.176614580919,46.6648979729418,2020-05-31T12:00:15Z,1915
10.1765681143863,46.6654285800964,2020-05-31T13:00:42Z,1920
10.1769152618219,46.6654158902721,2020-05-31T14:00:13Z,1920
10.17681141257,46.665385351425,2020-05-31T15:00:42Z,1920
10.1772901381752,46.6666282973325,2020-05-31T16:00:15Z,1952
10.1756516216433,46.6685120395221,2020-05-31T17:01:12Z,1968
10.1754660045462,46.6690618083527,2020-05-31T18:00:13Z,1984
10.1761250586926,46.6685554070882,2020-05-31T19:00:16Z,1981
10.177130269351,46.6679286416912,2020-05-31T20:00:35Z,1987
10.1771131208482,46.6678684718698,2020-05-31T21:00:13Z,1987
10.1787051328321,46.6672497046339,2020-05-31T22:00:25Z,2000
10.1780797089209,46.6665108017485,2020-05-31T23:02:12Z,1968
10.1775007996744,46.6665865764303,2020-06-01T00:00:13Z,1952
10.1775288228795,46.6665351614447,2020-06-01T01:00:42Z,1952
10.1776939663398,46.6660517878814,2020-06-01T02:01:12Z,1961
10.1794758685539,46.6665367169418,2020-06-01T03:00:19Z,2030
10.1799561631818,46.6659514224561,2020-06-01T04:01:02Z,2020
10.1790182339468,46.6655686412699,2020-06-01T05:00:15Z,1994
10.178600874134,46.6656693007037,2020-06-01T06:01:30Z,1977
10.1787258221663,46.6657093351214,2020-06-01T07:00:42Z,1977
10.1776184819578,46.6663225077799,2020-06-01T08:00:45Z,1961
10.177230110442,46.6658005860121,2020-06-01T09:00:13Z,1940
10.1761164502503,46.6645202298162,2020-06-01T10:00:18Z,1885
10.1783980604673,46.6637150951024,2020-06-01T11:00:42Z,1920
10.1782256590373,46.6639869371256,2020-06-01T12:00:16Z,1920
10.1780364287617,46.6639773669256,2020-06-01T13:00:36Z,1908
10.1781069921502,46.6644765986607,2020-06-01T14:00:14Z,1929
10.1772792157109,46.6653698902221,2020-06-01T15:00:42Z,1940
10.1774252614138,46.6653391957968,2020-06-01T16:00:42Z,1940
10.1780773310303,46.6649739244651,2020-06-01T17:00:13Z,1951
10.1785748933319,46.66660252294,2020-06-01T18:00:35Z,1986
10.1764049624393,46.6683550837387,2020-06-01T19:00:11Z,1981
10.1801885862328,46.666069137791,2020-06-01T20:00:42Z,2041
10.1793287927972,46.6657624073795,2020-06-01T21:00:42Z,1994
10.1793215471264,46.6657853672205,2020-06-01T22:00:34Z,1994
10.1779411667251,46.6652543964541,2020-06-01T23:00:14Z,1960
10.1779418575922,46.6654536869716,2020-06-02T00:00:42Z,1960
10.1774018551187,46.6653788026266,2020-06-02T01:00:42Z,1940
10.1787898162065,46.666529566701,2020-06-02T02:00:43Z,2008
10.1787083770327,46.6661851308078,2020-06-02T03:00:42Z,1980
10.1787321627599,46.6671153072492,2020-06-02T04:00:46Z,2000
10.1781961197831,46.6674093935162,2020-06-02T05:01:12Z,1983
10.1780942284829,46.6670758201453,2020-06-02T06:00:10Z,1983
10.1777734594175,46.6672052920028,2020-06-02T07:00:42Z,1983
10.1782184847982,46.6661945175797,2020-06-02T08:00:42Z,1980
10.1763093438726,46.6672614194854,2020-06-02T09:00:11Z,1943
10.1765961664267,46.667142123012,2020-06-02T10:01:37Z,1955
10.1758467963057,46.6677976359612,2020-06-02T11:00:18Z,1963
10.1755952436932,46.6677191324595,2020-06-02T12:00:09Z,1952
10.1757373388449,46.66731330441,2020-06-02T13:00:42Z,1932
10.1756648075446,46.6673022587557,2020-06-02T14:00:10Z,1932
10.1759740566764,46.6677762289767,2020-06-02T15:01:06Z,1963
10.1747004590891,46.6684997342045,2020-06-02T16:00:42Z,1957
10.1761346187219,46.668248842383,2020-06-02T17:00:10Z,1981
10.1763261623765,46.6678945873165,2020-06-02T18:00:11Z,1963
10.1769601713795,46.6692004518337,2020-06-02T19:00:42Z,2021
10.1773149105903,46.6687090619688,2020-06-02T20:00:42Z,2012
10.1775232691415,46.6685559924969,2020-06-02T21:00:12Z,2012
10.1788693291232,46.6675287818543,2020-06-02T22:00:19Z,2021
10.1771141121319,46.6679144287469,2020-06-02T23:00:42Z,1987
10.1770811464792,46.6679582164618,2020-06-03T00:00:12Z,1987
10.1759635108243,46.6686477782553,2020-06-03T01:00:42Z,1981
10.1752355472778,46.6692026184941,2020-06-03T02:00:30Z,1970
10.1755781008275,46.6691276850175,2020-06-03T03:00:51Z,1984
10.1770623694553,46.6687327129054,2020-06-03T04:00:44Z,2012
10.1785524252513,46.6658673336897,2020-06-03T05:00:11Z,1980
10.1784795498594,46.6655406443468,2020-06-03T06:00:42Z,1977
10.1792104499226,46.6660493280823,2020-06-03T07:00:12Z,2001
10.1788593316833,46.6654523804474,2020-06-03T08:01:02Z,1994
10.1775766282868,46.666693215068896,2020-06-03T09:00:42Z,1952
10.1775812447592,46.666693749016,2020-06-03T10:00:57Z,1952
10.177569703586,46.6666985854073,2020-06-03T11:00:42Z,1952
10.1780697830383,46.6658167309741,2020-06-03T12:00:15Z,1961
10.178494071236,46.6657045307082,2020-06-03T13:00:42Z,1977
10.1776597254236,46.6670669310391,2020-06-03T14:00:16Z,1983
10.1756364557757,46.6684944146075,2020-06-03T15:00:08Z,1968
10.1771905925563,46.6673379106335,2020-06-03T16:00:41Z,1969
10.1772911296908,46.6666001984173,2020-06-03T17:00:42Z,1952
10.1775357658449,46.6669617698477,2020-06-03T18:00:19Z,1952
10.1789352524293,46.6673177846047,2020-06-03T19:00:42Z,2021
10.179051290268,46.6671478526364,2020-06-03T20:00:42Z,2021
10.1783448263281,46.6677686650484,2020-06-03T21:00:13Z,2020
10.1786415171406,46.6674362845492,2020-06-03T22:00:42Z,2000
10.1782356360896,46.6663472537384,2020-06-03T23:00:12Z,1980
10.1783068479711,46.6664348440993,2020-06-04T00:00:42Z,1986
10.1784588277583,46.6663836787719,2020-06-04T01:00:10Z,1980
10.1784746913092,46.6672670987158,2020-06-04T02:00:40Z,2000
10.1794528179272,46.6668919658315,2020-06-04T03:00:20Z,2030
10.1802667243961,46.6661019855868,2020-06-04T04:00:42Z,2041
10.179330815941,46.6664714307317,2020-06-04T05:00:45Z,2008
10.1792681640331,46.6663337054819,2020-06-04T06:00:14Z,2001
10.1787383578684,46.6658923938485,2020-06-04T07:00:42Z,1980
10.178789465268,46.6659485583857,2020-06-04T08:00:14Z,2001
10.1784373812303,46.6660770509278,2020-06-04T09:00:16Z,1980
10.1750433495566,46.6667471659027,2020-06-04T11:00:42Z,1897
10.1753575379487,46.6672411044755,2020-06-04T12:00:14Z,1932
10.1757739358518,46.667798013113,2020-06-04T13:00:42Z,1952
10.1746493588222,46.6685423007551,2020-06-04T14:00:18Z,1949
10.1742438373921,46.6683860165456,2020-06-04T15:00:42Z,1949
10.1742646054595,46.6683760811094,2020-06-04T16:00:41Z,1949
10.1747416655731,46.6688553795375,2020-06-04T17:00:42Z,1970
10.1750670721151,46.6693065278734,2020-06-04T18:00:13Z,1970
10.1750281754096,46.668309358748,2020-06-04T19:00:42Z,1957
10.1751696130026,46.6683460159709,2020-06-04T20:00:10Z,1957
10.1753209419894,46.6681881062873,2020-06-04T21:00:09Z,1968
10.1753021495403,46.667777754759,2020-06-04T22:01:28Z,1952
10.1747973819342,46.6692391469927,2020-06-04T23:01:05Z,1970
10.1748956261161,46.6695872944811,2020-06-05T00:00:15Z,1985
10.1749707989445,46.669531641665,2020-06-05T01:00:17Z,1985
10.1754280893049,46.6693509833518,2020-06-05T02:01:31Z,2004
10.1752820339035,46.6693384762079,2020-06-05T03:01:05Z,1984
10.1751781799651,46.6692030282472,2020-06-05T04:00:53Z,1970
10.1739138094236,46.6685390962412,2020-06-05T05:00:51Z,1944
10.1748191769744,46.6654922432228,2020-06-05T06:00:18Z,1869
10.1748917067323,46.6654971196068,2020-06-05T07:00:41Z,1869
10.1750792959783,46.6652243924858,2020-06-05T08:00:42Z,1869
10.1749919326591,46.6651781310167,2020-06-05T09:00:09Z,1864
10.1755134804677,46.665491558768,2020-06-05T10:01:00Z,1883
10.176296137161,46.6657312018847,2020-06-05T11:00:22Z,1900
10.1767250368139,46.6652986471051,2020-06-05T12:00:42Z,1920
10.1766732914586,46.6659256374149,2020-06-05T13:00:09Z,1924
10.1769815570061,46.6665140958842,2020-06-05T14:00:42Z,1936
10.1772512403158,46.6667851238081,2020-06-05T15:00:10Z,1952
10.177197501858,46.6668511925635,2020-06-05T16:00:42Z,1952
10.1773729250327,46.6682168078035,2020-06-05T17:01:06Z,2012
10.1759733996558,46.6682063687015,2020-06-05T18:00:09Z,1981
10.1754838081249,46.6690127369431,2020-06-05T19:00:42Z,1984
10.1772117069172,46.6681558229638,2020-06-05T20:00:42Z,1987
10.1784505872348,46.6663977110049,2020-06-05T21:00:12Z,1980
10.1784097067866,46.6664626244871,2020-06-05T22:00:42Z,1986
10.1782016564258,46.665950136363,2020-06-05T23:00:13Z,1980
10.1770738397971,46.6657965994092,2020-06-06T00:00:44Z,1940
10.1786358503239,46.6662975117534,2020-06-06T01:01:18Z,1980
10.1786173828409,46.6661225811874,2020-06-06T02:00:42Z,1980
10.1790796020346,46.6663753402067,2020-06-06T03:00:13Z,2001
10.1786962492131,46.6675025689015,2020-06-06T04:01:07Z,2000
10.1788020606547,46.6672732698902,2020-06-06T05:00:39Z,2021
10.1792209985236,46.6659306508332,2020-06-06T06:00:42Z,2001
10.176260528323,46.6654714152269,2020-06-06T07:00:13Z,1900
10.1768215644585,46.6621801358118,2020-06-06T08:00:42Z,1863
10.1775184893497,46.6630569447093,2020-06-06T09:00:12Z,1884
10.1741608391374,46.6638467025596,2020-06-06T10:00:44Z,1837
10.1741809516338,46.6638411049747,2020-06-06T11:00:42Z,1837
10.1747776536573,46.664043351045,2020-06-06T12:00:13Z,1855
10.1747852393121,46.6636633647585,2020-06-06T13:01:00Z,1847
10.175236220474,46.6655634711791,2020-06-06T14:00:19Z,1869
10.174399786282,46.6679632848606,2020-06-06T15:00:42Z,1932
10.1748788206959,46.6687072887223,2020-06-06T16:01:03Z,1957
10.1745487849674,46.669514504346,2020-06-06T17:00:21Z,1974
10.1739869825906,46.669403591868,2020-06-06T18:01:06Z,1967
10.1737473065183,46.6686978934133,2020-06-06T19:00:42Z,1944
10.1737077454464,46.6687788226946,2020-06-06T20:00:42Z,1957
10.1738709392171,46.6689440695412,2020-06-06T21:00:10Z,1957
10.1739418331156,46.6688024069385,2020-06-06T22:00:47Z,1957
10.173875235127401,46.6685487336236,2020-06-06T23:00:12Z,1944
10.1742929509398,46.6688748165189,2020-06-07T00:00:41Z,1962
10.1750463022001,46.6691992136047,2020-06-07T01:00:43Z,1970
10.174988603714,46.6692727583051,2020-06-07T02:00:11Z,1970
10.1750914729603,46.6688130223248,2020-06-07T03:00:13Z,1970
10.175023555552,46.6687222894934,2020-06-07T04:01:06Z,1957
10.1757577806423,46.6676480340489,2020-06-07T05:00:26Z,1952
10.1760541487929,46.6653214464116,2020-06-07T06:00:42Z,1900
10.1760406348066,46.665462693256,2020-06-07T07:00:12Z,1900
10.1751079725858,46.6659030193357,2020-06-07T08:00:43Z,1879
10.1750832458665,46.6660130014359,2020-06-07T09:00:12Z,1879
10.1755606247223,46.6657588519695,2020-06-07T10:01:11Z,1883
10.175579086308,46.6654462627031,2020-06-07T11:00:22Z,1883
10.1749912612704,46.6662192167652,2020-06-07T12:01:10Z,1879
10.1732604541242,46.6649017096068,2020-06-07T13:01:36Z,1850
10.1738242281333,46.6647651606409,2020-06-07T14:00:16Z,1851
10.173000681884,46.6647385007492,2020-06-07T15:00:43Z,1850
10.1727573991601,46.6642386456928,2020-06-07T16:01:10Z,1834
10.1730867417268,46.6643984683992,2020-06-07T17:00:42Z,1837
10.1720654035012,46.6641778600758,2020-06-07T18:00:12Z,1831
10.172441252213,46.6643192915615,2020-06-07T19:00:42Z,1834
10.1702427179235,46.6634183186461,2020-06-07T20:00:42Z,1782
10.1702008577587,46.6633817329831,2020-06-07T21:00:12Z,1782
10.1713029532409,46.6629143114617,2020-06-07T22:01:25Z,1785
10.1713197811208,46.6626958528123,2020-06-07T23:00:42Z,1769
10.1741934520123,46.6650794563539,2020-06-08T00:00:15Z,1854
10.1749691778091,46.66573177874,2020-06-08T01:01:12Z,1869
10.1750034661744,46.6658274468838,2020-06-08T02:00:12Z,1879
10.1745435577381,46.6657785714742,2020-06-08T03:00:42Z,1861
10.175247430971,46.6652923558761,2020-06-08T04:01:41Z,1869
10.173039501074,46.6672291526011,2020-06-08T05:00:59Z,1903
10.1736688698939,46.6676890799354,2020-06-08T06:00:42Z,1926
10.1736738024932,46.6680854878243,2020-06-08T07:01:44Z,1926
10.1730480581981,46.6676912216255,2020-06-08T08:00:42Z,1922
10.1754027117588,46.6637075786981,2020-06-08T09:00:16Z,1859
10.1779260669363,46.6662426402442,2020-06-08T10:00:41Z,1961
10.1794925960975,46.665028500285,2020-06-08T11:00:12Z,1992
10.1789298698617,46.66545174227,2020-06-08T12:00:21Z,1994
10.1784579704372,46.662173087807,2020-06-08T13:01:11Z,1914
10.1755438102655,46.6641197478192,2020-06-08T14:00:17Z,1869
10.1768045352624,46.6676555367003,2020-06-08T15:00:42Z,1974
10.1744142868687,46.6682012319091,2020-06-08T16:01:07Z,1949
10.1739550248722,46.6682282617184,2020-06-08T17:00:42Z,1944
10.1734924687323,46.6680979845618,2020-06-08T18:00:10Z,1926
10.1736250122443,46.6680666116958,2020-06-08T19:00:42Z,1926
10.1736609444536,46.6680249318962,2020-06-08T20:00:43Z,1926
10.1711996377611,46.6649900470332,2020-06-08T21:00:22Z,1839
10.1753249073085,46.6646136788098,2020-06-08T22:02:13Z,1869
10.1703907717341,46.6629056055795,2020-06-08T23:01:01Z,1782
10.1724612786355,46.6592584047261,2020-06-09T00:01:08Z,1747
10.1737127271251,46.6671696077613,2020-06-09T01:00:42Z,1906
10.1755072165727,46.6654000160595,2020-06-09T02:01:12Z,1883
10.1720937329511,46.6652012056808,2020-06-09T03:00:42Z,1845
10.173299322195,46.6664234882355,2020-06-09T04:00:41Z,1882
10.173223161446,46.6665874617105,2020-06-09T05:00:15Z,1882
10.1737232775999,46.6671558426672,2020-06-09T06:01:11Z,1906
10.1766739448873,46.6656991459589,2020-06-09T07:02:06Z,1920
10.177427807766,46.662347335985,2020-06-09T08:00:17Z,1882
10.1759598643455,46.6655767644713,2020-06-09T09:00:36Z,1900
10.1759654697043,46.6656787973765,2020-06-09T10:00:42Z,1900
10.1737142102712,46.661298209769,2020-06-09T11:00:15Z,1800
10.1756743623304,46.6654529022451,2020-06-09T12:01:06Z,1883
10.1736400291242,46.6612640167175,2020-06-09T13:00:14Z,1800
10.173650745073,46.6671509668597,2020-06-09T14:00:18Z,1906
10.1724147504169,46.667059802906,2020-06-09T15:00:42Z,1899
10.1732597426182,46.6669796053236,2020-06-09T16:00:42Z,1882
10.1734605373236,46.6667498484119,2020-06-09T17:00:14Z,1882
10.1745382519548,46.6682755375581,2020-06-09T18:00:24Z,1949
10.1736005999418,46.6687082254091,2020-06-09T19:00:40Z,1944
10.1720092331298,46.6670886424545,2020-06-09T20:01:00Z,1893
10.1714473696836,46.6626383461724,2020-06-09T21:00:14Z,1769
10.1757435958535,46.6655905052746,2020-06-09T22:01:29Z,1883
10.1759285404385,46.6653104364593,2020-06-09T23:00:18Z,1900
10.1761312927846,46.6652774837563,2020-06-10T00:00:42Z,1900
10.1701046239653,46.6628292456191,2020-06-10T01:01:01Z,1768
10.1712069765205,46.6638562531104,2020-06-10T02:00:34Z,1807
10.1714877626638,46.6654236921364,2020-06-10T03:01:13Z,1850
10.1734067799327,46.6670072164875,2020-06-10T04:00:42Z,1903
10.1734413901127,46.6671161355615,2020-06-10T05:00:09Z,1903
10.1734816198515,46.6670308735572,2020-06-10T06:00:44Z,1903
10.1726755635598,46.666318610209,2020-06-10T07:01:06Z,1867
10.1738605674416,46.6615214480541,2020-06-10T08:00:16Z,1800
10.1735208809616,46.6659739641586,2020-06-10T09:00:38Z,1868
10.1728047899942,46.6665002037104,2020-06-10T10:00:13Z,1881
10.173138421427,46.6670052248913,2020-06-10T11:00:42Z,1903
10.1730401730461,46.6669532889595,2020-06-10T12:00:46Z,1882
10.1736451269519,46.667616683246,2020-06-10T13:00:20Z,1926
10.1742431715456,46.6685693116952,2020-06-10T14:01:02Z,1949
10.1749417967392,46.6682720250949,2020-06-10T15:00:17Z,1957
10.1748085953481,46.6687767346356,2020-06-10T16:01:08Z,1970
10.1746180235529,46.6694422976106,2020-06-10T17:00:42Z,1974
10.1740328268052,46.6687353691609,2020-06-10T18:00:11Z,1944
10.1752457696283,46.6687065901556,2020-06-10T19:00:59Z,1957
10.1708420146693,46.664115485101,2020-06-10T20:00:57Z,1819
10.1735134337858,46.6616390500108,2020-06-10T21:00:22Z,1800
10.1782010107888,46.6661889684593,2020-06-10T22:01:00Z,1980
10.1782616734599,46.6661607270977,2020-06-10T23:00:42Z,1980
10.1781284835639,46.6662211225968,2020-06-11T00:00:10Z,1961
10.1790328217937,46.6669729238034,2020-06-11T01:00:46Z,2008
10.1757963568842,46.6686257757449,2020-06-11T02:00:42Z,1968
10.1754491904493,46.6686878330106,2020-06-11T03:00:18Z,1968
10.1735768565029,46.6687530832165,2020-06-11T04:01:38Z,1944
10.1721954892477,46.6675095867992,2020-06-11T05:00:42Z,1893
10.1721147114073,46.6675557698168,2020-06-11T06:00:41Z,1893
10.1722027486139,46.6672521176044,2020-06-11T07:00:35Z,1893
10.1718677956199,46.6670643220185,2020-06-11T08:01:15Z,1893
10.172788639714,46.6663934212124,2020-06-11T09:00:42Z,1867
10.1728492996663,46.6664639245969,2020-06-11T10:00:42Z,1881
10.1722001632271,46.666257364826,2020-06-11T11:00:14Z,1865
10.1711494916019,46.6657327391367,2020-06-11T12:00:42Z,1850
10.1716179669609,46.6654722704847,2020-06-11T13:00:42Z,1850
10.1714844723546,46.6653651256401,2020-06-11T14:00:11Z,1850
10.171482165505,46.6653525157923,2020-06-11T15:00:13Z,1850
10.1710608917005,46.664386814053,2020-06-11T16:02:06Z,1819
10.1731811066741,46.6624460324775,2020-06-11T17:00:20Z,1805
10.1729111095575,46.6624702929606,2020-06-11T18:00:42Z,1805
10.1721509133427,46.6621820801218,2020-06-11T19:00:42Z,1771
10.1636146734757,46.661889235461,2020-06-11T20:02:56Z,1680
10.1711751796856,46.6610948103442,2020-06-11T21:00:46Z,1753
10.1736443259546,46.6611587468731,2020-06-11T22:00:42Z,1800
10.17137945361,46.6626339977067,2020-06-11T23:00:25Z,1769
10.1708904548201,46.6643062335456,2020-06-12T00:00:42Z,1819
10.1709652930515,46.6642188047356,2020-06-12T01:00:42Z,1819
10.1709125390697,46.6644048915765,2020-06-12T02:00:17Z,1819
10.171219833897,46.6638983001114,2020-06-12T03:00:41Z,1807
10.1735522150323,46.6652282125375,2020-06-12T04:00:42Z,1858
10.1722822910988,46.6657643674954,2020-06-12T05:00:47Z,1855
10.1722163422962,46.6658704510603,2020-06-12T06:00:32Z,1865
10.1720115401563,46.6671012521906,2020-06-12T07:01:06Z,1893
10.1728746550541,46.6674234050008,2020-06-12T08:00:15Z,1899
10.1728209160246,46.6674030741214,2020-06-12T09:00:42Z,1899
10.173943863554,46.6658272397978,2020-06-12T10:00:50Z,1868
10.173952815903201,46.6639574981084,2020-06-12T11:00:20Z,1830
10.173980837754,46.6639122518513,2020-06-12T12:00:42Z,1830
10.1740237042007,46.6637047587975,2020-06-12T13:00:11Z,1830
10.1738031589124,46.6633917903812,2020-06-12T14:00:18Z,1822
10.1730489080598,46.6625153521487,2020-06-12T15:00:42Z,1805
10.17303967967,46.6624278808685,2020-06-12T16:01:00Z,1805
10.173292540602,46.6621150964084,2020-06-12T17:00:20Z,1798
10.1729414377364,46.6624561709285,2020-06-12T18:00:42Z,1805
10.158943529719,46.6697532742985,2020-06-12T19:00:09Z,1630
10.161695585936,46.6704391191337,2020-06-12T20:00:25Z,1667
10.1665588312832,46.663859766644,2020-06-12T21:00:56Z,1727
10.1714981548141,46.6623850300852,2020-06-12T22:00:42Z,1769
10.1746504399795,46.661225946299,2020-06-12T23:00:11Z,1808
10.1746296734092,46.6611618334119,2020-06-13T00:00:42Z,1808
10.1746128578024,46.6612630232124,2020-06-13T01:00:42Z,1808
10.1745723125,46.6611745799751,2020-06-13T02:00:10Z,1808
10.1740745310783,46.6611680446654,2020-06-13T03:00:11Z,1800
10.1741377652288,46.6637576342975,2020-06-13T04:01:04Z,1837
10.1751732643164,46.6633389343287,2020-06-13T05:00:11Z,1839
10.1752187581632,46.6632930643336,2020-06-13T06:00:42Z,1839
10.1765677205717,46.6616138177148,2020-06-13T07:00:42Z,1859
10.1756529235608,46.6611349437432,2020-06-13T08:00:16Z,1827
10.1753737060915,46.6613494178424,2020-06-13T09:00:42Z,1827
10.175230306327,46.6611406063953,2020-06-13T10:00:42Z,1816
10.1745241809801,46.6611451854286,2020-06-13T11:00:11Z,1808
10.1746576940193,46.6610301751352,2020-06-13T12:00:42Z,1795
10.1746834072327,46.6609599713859,2020-06-13T13:00:07Z,1805
10.1732255719502,46.6634897360182,2020-06-13T14:01:12Z,1823
10.173718980847,46.6675820397774,2020-06-13T15:00:33Z,1926
10.1746625486838,46.6681471158399,2020-06-13T16:00:41Z,1932
10.174206226986101,46.6696202894208,2020-06-13T17:00:13Z,1974
10.1756661289236,46.6689968255974,2020-06-13T18:00:15Z,1984
10.188567220431,46.6661238371298,2020-06-13T19:00:17Z,2067
10.1880586489335,46.6652548508509,2020-06-13T20:00:41Z,2075
10.1853490711705,46.6637009908923,2020-06-13T21:00:06Z,2111
10.1853955717109,46.6637504446912,2020-06-13T22:00:42Z,2111
10.1853606201512,46.6637023216491,2020-06-13T23:00:07Z,2111
10.1843077987487,46.6641772648832,2020-06-14T00:00:16Z,2105
10.1790255754116,46.6671563357521,2020-06-14T01:01:00Z,2021
10.1784944741649,46.6673037709441,2020-06-14T02:00:42Z,2000
10.1785824901398,46.6671790819445,2020-06-14T03:00:42Z,2000
10.1785577684613,46.6671841520972,2020-06-14T04:00:36Z,2000
10.1786823982175,46.6675133083633,2020-06-14T05:00:15Z,2000
10.1782477738637,46.6650298063253,2020-06-14T06:00:41Z,1965
10.1782583226169,46.6649851836955,2020-06-14T07:00:42Z,1965
10.1782642547336,46.6649708851699,2020-06-14T08:00:15Z,1965
10.1754149116097,46.6623160381779,2020-06-14T09:00:15Z,1842
10.1737949318551,46.6630046979073,2020-06-14T10:01:13Z,1822
10.1724425190375,46.6656066055573,2020-06-14T11:00:14Z,1857
10.1727553789696,46.6655167723806,2020-06-14T12:00:41Z,1857
10.1733583260722,46.6666374996501,2020-06-14T13:00:15Z,1882
10.1735066841093,46.6667119905404,2020-06-14T14:00:42Z,1885
10.1703847600336,46.6680368293732,2020-06-14T15:00:31Z,1879
10.172675537946,46.6669233903151,2020-06-14T16:00:42Z,1881
10.172712789622,46.6669285866738,2020-06-14T17:00:16Z,1881
10.1670751563576,46.6707151936414,2020-06-14T18:00:13Z,1826
10.1668997407475,46.6707874341853,2020-06-14T19:00:42Z,1810
10.1637370563882,46.6733523862491,2020-06-14T20:00:17Z,1704
10.1592315828221,46.6756511201255,2020-06-14T21:00:36Z,1885
10.1598095652891,46.6757763303701,2020-06-14T22:00:49Z,1882
10.1598343188697,46.675758911766,2020-06-14T23:00:42Z,1882
10.1598204908981,46.675806657987,2020-06-15T00:00:15Z,1882
10.162552217063,46.6716695981314,2020-06-15T01:02:07Z,1670
10.1670849430452,46.6640503379721,2020-06-15T02:01:17Z,1749
10.1704926023414,46.6636218443125,2020-06-15T03:00:42Z,1797
10.1703917073957,46.6636612786524,2020-06-15T04:00:15Z,1797
10.171773548894,46.6663631046566,2020-06-15T05:00:17Z,1865
10.1719103708303,46.6663683777175,2020-06-15T06:00:41Z,1865
10.1718332240303,46.6663382805912,2020-06-15T07:00:14Z,1865
10.1737537034436,46.6635685564217,2020-06-15T08:00:15Z,1830
10.1742564645238,46.6630087936493,2020-06-15T09:00:42Z,1831
10.1739357061059,46.6626383743171,2020-06-15T10:01:06Z,1817
10.1759060982575,46.6610760822994,2020-06-15T11:00:15Z,1834
10.1760007090536,46.6610993851225,2020-06-15T12:00:42Z,1841
10.1759515907608,46.6610857570384,2020-06-15T13:00:20Z,1834
10.1753245872558,46.6612740694052,2020-06-15T14:00:15Z,1827
10.1753598607372,46.6611626620705,2020-06-15T15:00:42Z,1827
10.1730195428714,46.6631246791018,2020-06-15T16:00:42Z,1811
10.172660475886,46.66420890268,2020-06-15T17:00:28Z,1834
10.171268918322,46.6645475770705,2020-06-15T18:00:13Z,1826
10.1664075740785,46.6655243995025,2020-06-15T19:00:44Z,1754
10.1677566896274,46.6654682921004,2020-06-15T20:00:42Z,1776
10.1678012033174,46.6653949850757,2020-06-15T21:00:42Z,1776
10.169351982584,46.6629571496665,2020-06-15T22:00:10Z,1767
10.1736664113824,46.6611956873398,2020-06-15T23:00:42Z,1800
10.1712086797101,46.6627376404783,2020-06-16T00:00:42Z,1769
10.1704032401597,46.6638107330247,2020-06-16T01:01:07Z,1797
10.1705729905164,46.6641795251579,2020-06-16T02:00:41Z,1819
10.170624420399,46.6641810767884,2020-06-16T03:00:42Z,1819
10.1698304765891,46.6688480420643,2020-06-16T04:00:12Z,1894
10.1743249138596,46.6698279854413,2020-06-16T05:00:42Z,1974
10.1749717824187,46.6703674856808,2020-06-16T06:01:30Z,2010
10.1778160843705,46.6705266870819,2020-06-16T07:00:42Z,2120
10.1777541022923,46.6705450756736,2020-06-16T08:00:12Z,2120
10.1782134178364,46.6717707186738,2020-06-16T09:00:42Z,2139
10.1772734261347,46.6713268965726,2020-06-16T10:01:15Z,2124
10.1777329827773,46.669887635127,2020-06-16T11:00:12Z,2087
10.1777339749432,46.6699891292493,2020-06-16T12:00:22Z,2105
10.1777399078588,46.6699007796726,2020-06-16T13:00:42Z,2087
10.1769189632576,46.6694248869193,2020-06-16T14:00:11Z,2047
10.1769186371529,46.669423971047,2020-06-16T15:00:42Z,2047
10.1759846151726,46.6692188421613,2020-06-16T16:00:12Z,2002
10.1760541782428,46.6689809360655,2020-06-16T17:00:13Z,2002
10.1758346020186,46.6689422831134,2020-06-16T18:01:12Z,1984
10.1754699610267,46.6689555931227,2020-06-16T19:00:12Z,1984
10.1755606265213,46.6688012350387,2020-06-16T20:00:14Z,1984
10.1756328303778,46.6691199199657,2020-06-16T21:00:41Z,1984
10.1756077730335,46.6689512778542,2020-06-16T22:00:42Z,1984
10.1748765072534,46.6693611546488,2020-06-16T23:00:12Z,1985
10.1754521574423,46.6689861515233,2020-06-17T00:00:12Z,1984
10.1752101641808,46.6683480690126,2020-06-17T01:00:42Z,1957
10.175212471956,46.6683915338821,2020-06-17T02:00:12Z,1957
10.175212471956,46.6683977049456,2020-06-17T03:00:43Z,1957
10.1762058323408,46.6685030504355,2020-06-17T04:00:42Z,1981
10.1788749095274,46.6674703676556,2020-06-17T05:00:15Z,2021
10.178222206683,46.6685496487614,2020-06-17T06:01:12Z,2048
10.1780448294542,46.6684867942405,2020-06-17T07:00:42Z,2030
10.1779363801538,46.6689740875997,2020-06-17T08:00:12Z,2061
10.1785427120671,46.6701656298479,2020-06-17T09:00:12Z,2119
10.1763192675898,46.6708620322625,2020-06-17T10:00:42Z,2083
10.1772094294054,46.6698957736327,2020-06-17T11:00:12Z,2068
10.1767201706982,46.6700797926278,2020-06-17T12:00:42Z,2072
10.1776169745625,46.6713411100673,2020-06-17T13:00:13Z,2132
10.178079525018,46.6709900276888,2020-06-17T14:00:42Z,2120
10.1780584256549,46.6709928753431,2020-06-17T15:00:12Z,2120
10.1801985201553,46.6712053879421,2020-06-17T16:00:42Z,2130
10.1857722696542,46.6670214028875,2020-06-17T17:00:10Z,2140
10.1686425969585,46.6684838320154,2020-06-17T18:00:42Z,1868
10.1677132218899,46.6684828025563,2020-06-17T19:00:16Z,1856
10.1678744413902,46.6681179924503,2020-06-17T20:00:14Z,1850
10.1678220292681,46.6681198518389,2020-06-17T21:00:41Z,1850
10.167421185124,46.6677295682122,2020-06-17T22:00:12Z,1834
10.1676120322362,46.6677190696945,2020-06-17T23:00:42Z,1850
10.1678731827316,46.6675959305872,2020-06-18T00:00:39Z,1850
10.1712172641139,46.6625393848865,2020-06-18T01:00:42Z,1769
10.1733947260315,46.6624989893596,2020-06-18T02:00:12Z,1805
10.1735457165299,46.6625499981516,2020-06-18T03:01:12Z,1817
10.1746177883963,46.6622889272276,2020-06-18T04:00:12Z,1826
10.1757577561054,46.6615138045494,2020-06-18T05:00:42Z,1827
10.1756209505549,46.6628785877509,2020-06-18T06:03:02Z,1849
10.1762806162775,46.663626777943,2020-06-18T07:00:42Z,1871
10.1763518248193,46.6636279704415,2020-06-18T08:00:12Z,1871
10.176874344933,46.6635306817426,2020-06-18T09:03:21Z,1883
10.1743806911337,46.6658672587883,2020-06-18T10:00:18Z,1871
10.174548496287,46.666199670574,2020-06-18T11:00:42Z,1871
10.1746164121507,46.6661422985858,2020-06-18T12:00:42Z,1871
10.1745732239411,46.6662069453434,2020-06-18T13:00:09Z,1871
10.174628937905,46.6663685609334,2020-06-18T14:00:42Z,1871
10.1741277943404,46.6676734732233,2020-06-18T15:00:42Z,1932
10.1744518733732,46.6680900966763,2020-06-18T16:00:37Z,1932
10.174948714789,46.6688405686382,2020-06-18T17:00:17Z,1970
10.1740717084852,46.6698744671406,2020-06-18T18:00:10Z,1967
10.1740753365167,46.6697796778314,2020-06-18T19:00:42Z,1967
10.1743836026708,46.6697448600294,2020-06-18T20:00:11Z,1974
10.1733209354012,46.6709274072172,2020-06-18T21:00:14Z,1985
10.1737344483565,46.6687731013014,2020-06-18T22:00:42Z,1957
10.1737318066637,46.6688151134935,2020-06-18T23:00:12Z,1957
10.1736968604335,46.6688348673557,2020-06-19T00:00:12Z,1957
10.1734667341263,46.6688284876594,2020-06-19T01:00:42Z,1949
10.1737225606421,46.6694311529839,2020-06-19T02:00:42Z,1967
10.173670140903,46.6693898167791,2020-06-19T03:00:12Z,1967
10.1754805109585,46.6695095658742,2020-06-19T04:01:00Z,2004
10.1743142766768,46.6747908376667,2020-06-19T05:00:38Z,2096
10.17438681661,46.6747401751897,2020-06-19T06:00:42Z,2096
10.1744514452739,46.6746365763513,2020-06-19T07:00:10Z,2101
10.1768811159797,46.672805680581,2020-06-19T08:00:10Z,2137
10.1782226764522,46.6722901478333,2020-06-19T09:00:10Z,2128
10.1769674350417,46.6699611969504,2020-06-19T10:00:41Z,2072
10.1770135990703,46.6699850633177,2020-06-19T11:00:10Z,2072
10.1770244747912,46.6699845542394,2020-06-19T12:00:42Z,2089
10.1811947352088,46.6699613544312,2020-06-19T13:00:10Z,2134
10.1833654696699,46.6679955246743,2020-06-19T14:00:08Z,2151
10.1852962602261,46.6672669224606,2020-06-19T15:00:12Z,2140
10.1853282058933,46.6668933111678,2020-06-19T16:01:00Z,2138
10.1874728738512,46.6656322654433,2020-06-19T17:00:10Z,2090
10.1886835231377,46.6657820255136,2020-06-19T18:00:42Z,2062
10.1875607497382,46.6648534370872,2020-06-19T19:00:10Z,2088
10.1809764883321,46.6662062125334,2020-06-19T20:00:42Z,2060
10.1697101373288,46.6689010992753,2020-06-19T21:00:14Z,1894
10.1698393588858,46.6688913927338,2020-06-19T22:00:42Z,1894
10.1698868168523,46.6690053316662,2020-06-19T23:00:10Z,1894
10.1711653769047,46.6647586247734,2020-06-20T00:00:42Z,1839
10.1710783626576,46.664324475442,2020-06-20T01:00:42Z,1819
10.1711687058997,46.6643173189678,2020-06-20T02:00:15Z,1826
10.1711347469781,46.6642410855671,2020-06-20T03:00:42Z,1826
10.1724937211275,46.6633053368179,2020-06-20T04:00:17Z,1800
10.1740810679337,46.6634698282427,2020-06-20T05:00:42Z,1837
10.1742333792418,46.6635492044802,2020-06-20T06:00:12Z,1837
10.17403194666,46.663487059677,2020-06-20T07:01:01Z,1830
10.1735222379315,46.6645397249849,2020-06-20T08:00:14Z,1840
10.1729809485701,46.6642698748965,2020-06-20T09:01:37Z,1837
10.1736952872299,46.6659730126075,2020-06-20T10:00:43Z,1868
10.1745452010056,46.6661411038713,2020-06-20T11:00:14Z,1871
10.1745062957082,46.6661868459795,2020-06-20T12:00:42Z,1871
10.1745534435534,46.6661641002029,2020-06-20T13:00:15Z,1871
10.1741990185689,46.6668538972065,2020-06-20T14:00:14Z,1889
10.1735709556726,46.6673233345389,2020-06-20T15:00:41Z,1906
10.1739428341864,46.6679226993491,2020-06-20T16:00:15Z,1926
10.1744225100411,46.6695756945442,2020-06-20T17:00:15Z,1974
10.174644727879,46.6695538243827,2020-06-20T18:00:41Z,1974
10.1683109961104,46.6679904925711,2020-06-20T19:00:07Z,1861
10.1617420497152,46.6705626463124,2020-06-20T20:00:43Z,1672
10.1661649532768,46.6646930819393,2020-06-20T21:00:42Z,1746
10.1663964805787,46.664604440212,2020-06-20T22:00:42Z,1733
10.1669632828169,46.6642046350542,2020-06-20T23:00:14Z,1744
10.1669709031972,46.6642443241504,2020-06-21T00:01:07Z,1744
10.1682598041403,46.6628164696516,2020-06-21T01:01:03Z,1753
10.1728693892818,46.6590826350894,2020-06-21T02:00:44Z,1747
10.1688459636635,46.6568530835969,2020-06-21T03:01:30Z,1717
10.1723844523935,46.6483103578499,2020-06-21T04:01:49Z,1764
10.1884809188776,46.6337195851266,2020-06-21T05:01:11Z,1751
10.1916454970362,46.6310092497148,2020-06-21T06:01:47Z,1803
10.1915938151309,46.6324747752542,2020-06-21T07:00:42Z,1799
10.1874514854669,46.6310769695241,2020-06-21T08:00:41Z,1862
10.1873029219438,46.6311928797054,2020-06-21T09:00:09Z,1862
10.1862214008052,46.6316908135556,2020-06-21T10:00:42Z,1820
10.1862668742259,46.6317128239853,2020-06-21T11:00:42Z,1820
10.1907752318696,46.6318501295774,2020-06-21T12:00:09Z,1811
10.1912958325871,46.6322112023821,2020-06-21T13:00:10Z,1801
10.190885963192,46.6319184693665,2020-06-21T14:01:36Z,1811
10.1912050269812,46.6314460027373,2020-06-21T15:00:09Z,1799
10.1897888782313,46.6321696379507,2020-06-21T16:00:42Z,1814
10.1894533298519,46.6328677686482,2020-06-21T17:00:09Z,1795
10.1895985773946,46.6328044603571,2020-06-21T18:00:42Z,1808
10.1884523172568,46.6338863547176,2020-06-21T19:00:09Z,1751
10.1837365507633,46.6376795019434,2020-06-21T20:00:10Z,1748
10.1809518961985,46.6459936162542,2020-06-21T21:01:25Z,1843
10.180823685547,46.6460370192719,2020-06-21T22:00:42Z,1843
10.1807578413818,46.6464639068482,2020-06-21T23:00:17Z,1847
10.1777529478254,46.6481672869599,2020-06-22T00:01:19Z,1836
10.1766709433645,46.6477518578155,2020-06-22T01:00:42Z,1831
10.176643919708,46.6478554154029,2020-06-22T02:00:11Z,1831
10.1710323552175,46.654517290213,2020-06-22T03:01:11Z,1766
10.1719341025593,46.6603240398645,2020-06-22T04:01:12Z,1752
10.1761761023955,46.6628229923536,2020-06-22T05:00:42Z,1853
10.1761250032087,46.6625755035119,2020-06-22T06:00:42Z,1853
10.1770035526239,46.6628729986098,2020-06-22T07:00:12Z,1871
10.1796362940042,46.6641088703914,2020-06-22T08:00:42Z,1968
10.1795680679302,46.6647207522477,2020-06-22T09:00:42Z,1992
10.1796020214105,46.6647352656116,2020-06-22T10:00:14Z,1992
10.1796554384331,46.6647670089229,2020-06-22T11:00:42Z,1992
10.1803116739638,46.6678747427185,2020-06-22T12:00:13Z,2087
10.1817865616315,46.6702423163161,2020-06-22T13:00:13Z,2131
10.1818001035715,46.6702553499439,2020-06-22T14:00:41Z,2131
10.1853496932978,46.6672122730717,2020-06-22T15:00:42Z,2140
10.185090462584,46.6666498189706,2020-06-22T16:00:15Z,2143
10.1854118831625,46.6667628376288,2020-06-22T17:00:42Z,2138
10.1887778451853,46.6659401586176,2020-06-22T18:00:13Z,2067
10.1883182055304,46.6657318312105,2020-06-22T19:00:39Z,2062
10.1884513929331,46.6657393081252,2020-06-22T20:00:16Z,2062
10.1865429794672,46.6647048332106,2020-06-22T21:01:06Z,2100
10.1864460545843,46.6647368168331,2020-06-22T22:00:12Z,2100
10.1864144157099,46.6647596001831,2020-06-22T23:00:12Z,2109
10.1864177299017,46.6647749641722,2020-06-23T00:00:41Z,2109
10.1864210441043,46.6647409573437,2020-06-23T01:00:15Z,2109
10.1855062298196,46.6649595138814,2020-06-23T02:00:40Z,2113
10.186454488491,46.6656545997794,2020-06-23T03:01:00Z,2103
10.1812422299362,46.6701555043022,2020-06-23T04:00:13Z,2134
10.1810569211586,46.67002738273,2020-06-23T05:00:42Z,2137
10.1795628587765,46.6712093744195,2020-06-23T06:00:43Z,2139
10.1782371240346,46.671053234858,2020-06-23T07:00:42Z,2131
10.1788136629127,46.6688358768977,2020-06-23T08:00:42Z,2098
10.1787596020667,46.6688516578422,2020-06-23T09:00:42Z,2080
10.1787342080285,46.6688548871204,2020-06-23T10:00:10Z,2080
10.1786709128451,46.6688695983604,2020-06-23T11:00:42Z,2080
10.178711794622,46.6689095941835,2020-06-23T12:00:10Z,2080
10.1790741197351,46.6689083483955,2020-06-23T13:00:42Z,2098
10.1790955384725,46.6688138555007,2020-06-23T14:00:11Z,2098
10.178757001424,46.6700723085014,2020-06-23T15:00:32Z,2119
10.1842430680389,46.6678581987747,2020-06-23T16:00:42Z,2144
10.1875280238822,46.6660758963031,2020-06-23T17:00:10Z,2096
10.1880167625206,46.6651812437351,2020-06-23T18:00:42Z,2075
10.1883462293534,46.6656372145242,2020-06-23T19:00:09Z,2062
10.1888704482748,46.6658653668609,2020-06-23T20:00:10Z,2055
10.1884008568815,46.665296209117,2020-06-23T21:00:41Z,2062
10.188386993495,46.6651403270971,2020-06-23T22:00:09Z,2061
10.188395228879,46.6651571513316,2020-06-23T23:00:42Z,2061
10.1879955576592,46.6647027509119,2020-06-24T00:00:42Z,2075
10.1870321213897,46.6641566785791,2020-06-24T01:00:12Z,2088
10.1860588660786,46.6638298490345,2020-06-24T02:00:42Z,2107
10.1862164540146,46.6640535028854,2020-06-24T03:00:14Z,2107
10.1845203478026,46.6637893089295,2020-06-24T04:00:21Z,2107
10.1840074075274,46.661779069563,2020-06-24T05:00:42Z,2108
10.1830279508622,46.6633097638821,2020-06-24T06:00:44Z,2094
10.1809288016566,46.6635621262759,2020-06-24T07:00:12Z,1997
10.1810636121577,46.6634693108613,2020-06-24T08:00:12Z,1997
10.1805764701627,46.6641833802209,2020-06-24T09:01:00Z,2006
10.1806021835957,46.6641440388658,2020-06-24T10:00:40Z,2006
10.1788157624773,46.6642756918497,2020-06-24T11:00:42Z,1955
10.1772805803124,46.6668546435109,2020-06-24T12:00:42Z,1952
10.1773827909204,46.667010176119,2020-06-24T13:00:13Z,1969
10.1772301415053,46.6669731069245,2020-06-24T14:00:42Z,1952
10.1772555314269,46.6670686129008,2020-06-24T15:00:42Z,1969
10.1771269552696,46.666987602245,2020-06-24T16:00:42Z,1969
10.176995093182,46.6673664013992,2020-06-24T17:00:37Z,1955
10.1757020625374,46.6678690329325,2020-06-24T18:00:18Z,1952
10.1751735674221,46.668622411088,2020-06-24T19:00:42Z,1957
10.1763987012252,46.6684486886369,2020-06-24T20:00:11Z,1981
10.1788501883408,46.667086657173,2020-06-24T21:01:44Z,2021
10.1789319500951,46.6670617418989,2020-06-24T22:00:42Z,2021
10.1788224861655,46.6670525969886,2020-06-24T23:00:15Z,2021
10.1790770051202,46.6671578829668,2020-06-25T00:01:39Z,2021
10.1795757424702,46.6662044641727,2020-06-25T01:00:42Z,2020
10.1803574025343,46.6666326216341,2020-06-25T02:00:21Z,2054
10.1804691780192,46.6666852289662,2020-06-25T03:00:42Z,2054
10.1804736131877,46.6688076687866,2020-06-25T04:00:11Z,2125
10.1786007756425,46.6709877873509,2020-06-25T05:00:42Z,2131
10.1760588288545,46.673591148386,2020-06-25T06:01:06Z,2123
10.175649654391,46.6741899485968,2020-06-25T07:00:13Z,2113
10.1765900034209,46.6737584488846,2020-06-25T08:00:42Z,2118
10.1788726921159,46.6692041514884,2020-06-25T09:01:06Z,2098
10.1788927967264,46.669198543574,2020-06-25T10:00:15Z,2098
10.1788713772619,46.6692560117124,2020-06-25T11:00:42Z,2098
10.1788555383428,46.6691624930977,2020-06-25T12:00:16Z,2098
10.1796052273725,46.6687917628657,2020-06-25T13:00:06Z,2113
10.179294015185,46.668929399084,2020-06-25T14:00:41Z,2098
10.1791611413661,46.6687994115407,2020-06-25T15:00:15Z,2098
10.181452412014,46.6687243923462,2020-06-25T16:00:15Z,2135
10.1831192521471,46.6684007479859,2020-06-25T17:00:42Z,2147
10.1854742515417,46.666961345352,2020-06-25T18:00:19Z,2138
10.1877805367548,46.6661077655249,2020-06-25T19:00:49Z,2080
10.1880925975221,46.6652199904645,2020-06-25T20:00:36Z,2075
10.1885291256191,46.6653701112645,2020-06-25T21:00:16Z,2062
10.1875572435432,46.6654295684892,2020-06-25T22:00:53Z,2090
10.1881544553836,46.6647449427226,2020-06-25T23:00:36Z,2075
10.1881205071514,46.6647304320682,2020-06-26T00:00:16Z,2075
10.1873987279103,46.6642167280646,2020-06-26T01:00:36Z,2088
10.1875800203105,46.6640993009827,2020-06-26T02:00:16Z,2088
10.1872381212748,46.6639601271365,2020-06-26T03:00:58Z,2082
10.1845979558279,46.6645916858556,2020-06-26T04:01:43Z,2105
10.1831756076027,46.6632651633879,2020-06-26T05:00:42Z,2094
10.183128801507,46.6632641494953,2020-06-26T06:00:16Z,2094
10.1807606706349,46.6633954264817,2020-06-26T07:00:54Z,1999
10.1796474804943,46.663942674924,2020-06-26T08:01:01Z,1951
10.179631320433,46.6638235504876,2020-06-26T09:00:52Z,1951
10.1796280171544,46.6637526428006,2020-06-26T10:00:42Z,1951
10.1796431824607,46.6637826111108,2020-06-26T11:00:15Z,1951
10.1796197775632,46.6637419881458,2020-06-26T12:00:42Z,1951
10.1796840612404,46.6637608945852,2020-06-26T13:00:15Z,1951
10.1796573904876,46.664143055077,2020-06-26T14:00:43Z,1968
10.1783657957812,46.6650690416477,2020-06-26T15:00:42Z,1965
10.1783473547248,46.6655544259323,2020-06-26T16:00:42Z,1977
10.1785323208613,46.6657865366987,2020-06-26T17:00:09Z,1977
10.1784100552658,46.6667597555053,2020-06-26T18:00:24Z,1986
10.1786724924313,46.6672450441704,2020-06-26T19:00:44Z,2000
10.1789616403117,46.667502443823,2020-06-26T20:00:42Z,2021
10.1792859925772,46.6668647182223,2020-06-26T21:00:42Z,2008
10.1791363218772,46.6667803852172,2020-06-26T22:00:53Z,2008
10.1682235763823,46.6682712967801,2020-06-26T23:01:30Z,1868
10.1648544395761,46.668974952067,2020-06-27T00:00:42Z,1772
10.1645082218444,46.6690335679004,2020-06-27T01:00:44Z,1755
10.1645477726925,46.6691562891599,2020-06-27T02:00:19Z,1755
10.161512515362,46.6706383162885,2020-06-27T03:00:42Z,1668
10.1764282624083,46.6605829099133,2020-06-27T05:00:42Z,1834
10.1773018909203,46.6624773082476,2020-06-27T06:00:42Z,1882
10.1771934299256,46.6623598329469,2020-06-27T07:00:18Z,1882
10.1790033260178,46.6638424991807,2020-06-27T08:00:42Z,1935
10.1771641963763,46.666486762888,2020-06-27T09:01:05Z,1952
10.1768823340968,46.6670394959581,2020-06-27T10:00:10Z,1955
10.1769861865523,46.667076206804,2020-06-27T11:00:39Z,1955
10.176922224213,46.6670582225894,2020-06-27T12:01:06Z,1955
10.1770112366394,46.6670288603977,2020-06-27T13:00:19Z,1955
10.1774081641605,46.6666243334113,2020-06-27T14:00:42Z,1952
10.1772700309284,46.6668128675397,2020-06-27T15:00:42Z,1952
10.1773165197169,46.6668129590076,2020-06-27T16:00:12Z,1952
10.1781331239168,46.6667832283784,2020-06-27T17:00:42Z,1968
10.1790343934579,46.6658358756381,2020-06-27T18:00:13Z,2001
10.1890619949347,46.6657579315253,2020-06-27T19:00:42Z,2049
10.1887446079065,46.6661990162049,2020-06-27T20:00:12Z,2067
10.1881874431907,46.666236816294,2020-06-27T21:00:42Z,2080
10.1878120642748,46.6653259368072,2020-06-27T22:00:12Z,2075
10.1881158861926,46.6647113852522,2020-06-27T23:00:42Z,2075
10.1881933219031,46.6646066293347,2020-06-28T00:00:13Z,2074
10.1872787005058,46.6642151936378,2020-06-28T01:00:42Z,2088
10.1863041373089,46.6638167967335,2020-06-28T02:00:12Z,2107
10.1863522479927,46.6638461786825,2020-06-28T03:00:42Z,2107
10.1824984803657,46.6685387023885,2020-06-28T04:00:12Z,2147
10.1803899464421,46.669869950726,2020-06-28T05:00:12Z,2135
10.1797526692492,46.6699248835637,2020-06-28T06:01:43Z,2129
10.1806542522396,46.6686081916695,2020-06-28T07:00:20Z,2123
10.1792498305544,46.6689048882732,2020-06-28T08:00:42Z,2098
10.1792623680964,46.6689151568137,2020-06-28T09:00:15Z,2098
10.1792053258057,46.6688856311264,2020-06-28T10:00:36Z,2098
10.1793906252364,46.668921191945,2020-06-28T11:00:12Z,2113
10.1793029298368,46.6689604061068,2020-06-28T12:00:42Z,2098
10.1789471781728,46.6688257692681,2020-06-28T13:00:11Z,2098
10.1790157630204,46.6689121701345,2020-06-28T14:00:42Z,2098
10.1789349933419,46.6690509202223,2020-06-28T15:00:42Z,2098
10.1821384602674,46.6708657675685,2020-06-28T16:00:25Z,2120
10.182232025974,46.6704358160833,2020-06-28T17:01:14Z,2131
10.1865094279679,46.6668625134157,2020-06-28T18:00:12Z,2120
10.1885835732094,46.6656020892806,2020-06-28T19:00:42Z,2062
10.1885078545787,46.6660385113343,2020-06-28T20:00:15Z,2067
10.188299126888,46.6658759587881,2020-06-28T21:00:42Z,2067
10.1883403044404,46.6657132265455,2020-06-28T22:00:11Z,2062
10.1887613745322,46.6659805665932,2020-06-28T23:00:42Z,2067
10.1883204003817,46.6651520169632,2020-06-29T00:00:12Z,2061
10.1883016189802,46.6651489588132,2020-06-29T01:00:43Z,2061
10.1879628405617,46.6658326434127,2020-06-29T02:00:15Z,2080
10.1866014338111,46.6685190033967,2020-06-29T03:01:31Z,2131
10.1851543979163,46.6684379430515,2020-06-29T04:00:42Z,2137
10.185153395496,46.6684351832013,2020-06-29T05:00:21Z,2137
10.1824506708983,46.6684917354441,2020-06-29T06:01:06Z,2147
10.182558651183,46.6697736672217,2020-06-29T07:00:18Z,2136
10.182026612949,46.6704490605929,2020-06-29T08:00:42Z,2131
10.1835428326946,46.6698408643418,2020-06-29T09:00:10Z,2130
10.183337375039,46.6675038950727,2020-06-29T10:00:09Z,2150
10.1804204639754,46.6677401158,2020-06-29T11:00:42Z,2087
10.1804155290498,46.6677571744293,2020-06-29T12:00:10Z,2087
10.180236520691,46.6678316586094,2020-06-29T13:00:09Z,2087
10.1803934361387,46.6677387488906,2020-06-29T14:00:41Z,2087
10.1804646498268,46.6678880450981,2020-06-29T15:00:09Z,2087
10.1792907805088,46.6699816055328,2020-06-29T16:00:11Z,2130
10.1792795570897,46.6698947915824,2020-06-29T17:00:42Z,2119
10.1881597619321,46.6678556705653,2020-06-29T18:00:10Z,2106
10.1890137648305,46.6653336116979,2020-06-29T19:00:42Z,2049
10.188499501783,46.6655712040811,2020-06-29T20:00:09Z,2062
10.1879715594922,46.6650182160014,2020-06-29T21:00:42Z,2075
10.1882802963052,46.6643927818074,2020-06-29T22:00:09Z,2057
10.1883023946172,46.664405032678,2020-06-29T23:00:42Z,2057
10.1869533779429,46.6643626638335,2020-06-30T00:00:12Z,2100
10.1879140964095,46.6646051742626,2020-06-30T01:00:42Z,2074
10.1879315736398,46.6646415783183,2020-06-30T02:00:12Z,2075
10.1854495755648,46.6651160360881,2020-06-30T03:00:42Z,2113
10.1849079871808,46.6655241110544,2020-06-30T04:00:17Z,2125
10.1818422406199,46.6698608800466,2020-06-30T05:00:45Z,2136
10.1816184126007,46.6700571240933,2020-06-30T06:01:01Z,2134
10.1791499843884,46.6698171997965,2020-06-30T07:00:17Z,2119
10.1788179587782,46.6692119178135,2020-06-30T08:00:43Z,2098
10.1788506000216,46.6692042374977,2020-06-30T09:00:42Z,2098
10.1788565320495,46.6691899373569,2020-06-30T10:00:22Z,2098
10.1788482914445,46.6692224825089,2020-06-30T11:00:42Z,2098
10.1789218146128,46.6691807474936,2020-06-30T12:00:39Z,2098
10.1780679595952,46.670087747367504,2020-06-30T13:00:16Z,2105
10.1811302433122,46.667609832355,2020-06-30T14:00:42Z,2108
10.1809943779978,46.6675394523924,2020-06-30T15:00:09Z,2093
10.1810405577419,46.6676003332725,2020-06-30T16:00:09Z,2108
10.1826926511346,46.6683707627499,2020-06-30T17:00:42Z,2147
10.1864442383207,46.6672789925779,2020-06-30T18:00:16Z,2128
10.1881416438134,46.6665100957219,2020-06-30T19:00:39Z,2088
10.1883891235503,46.6658370035043,2020-06-30T20:00:42Z,2067
10.1882818308377,46.6651493165517,2020-06-30T21:00:16Z,2061
10.1880898757918,46.6648670559173,2020-06-30T22:00:36Z,2075
10.1876537622912,46.6650757732175,2020-06-30T23:00:21Z,2075
10.1860967178466,46.6652120903693,2020-07-01T00:00:18Z,2109
10.1860211880834,46.665100213919,2020-07-01T01:00:42Z,2109
10.1855043144002,46.6653427690981,2020-07-01T02:00:11Z,2122
10.187548708745,46.6656216423675,2020-07-01T03:00:42Z,2090
10.1859091818282,46.6574289764518,2020-07-01T04:00:38Z,1978
10.1856309033137,46.6635431910609,2020-07-01T05:00:42Z,2111
10.1822306026125,46.6668538964116,2020-07-01T06:01:36Z,2115
10.1806172631006,46.667622732877,2020-07-01T07:00:10Z,2108
10.1805806832474,46.6677057714157,2020-07-01T08:00:41Z,2108
10.1806146375216,46.6676709135554,2020-07-01T09:00:35Z,2108
10.1806123286085,46.6676397912719,2020-07-01T10:00:43Z,2108
10.1778910104889,46.6726176004113,2020-07-01T11:00:10Z,2137
10.1772879744896,46.6726447489139,2020-07-01T12:00:16Z,2140
10.1756539372777,46.6728998341899,2020-07-01T13:00:42Z,2123
10.1758910027811,46.6734130319844,2020-07-01T14:00:09Z,2130
10.1758418666158,46.6718134858685,2020-07-01T15:00:42Z,2118
10.1789090796436,46.6716934578961,2020-07-01T16:00:42Z,2142
10.1816261342271,46.6711520321269,2020-07-01T17:00:18Z,2110
10.1829528211886,46.670885095458,2020-07-01T18:00:42Z,2105
10.1825861725372,46.6685179987216,2020-07-01T19:00:34Z,2147
10.1843098118057,46.6668539107286,2020-07-01T20:01:17Z,2146
10.1845105143789,46.6665315777848,2020-07-01T21:00:42Z,2146
10.1845560138849,46.6665289084618,2020-07-01T22:00:14Z,2146
10.1852519790588,46.6665512673369,2020-07-01T23:00:17Z,2143
10.1845604084798,46.6671147606299,2020-07-02T00:01:26Z,2147
10.1816005671792,46.6698223250989,2020-07-02T01:00:42Z,2137
10.1815478245948,46.6698726395192,2020-07-02T02:00:42Z,2137
10.1815475102914,46.669970456405,2020-07-02T03:00:13Z,2134
10.1796327247211,46.6707810935725,2020-07-02T04:01:04Z,2140
10.1780799642185,46.6731754744376,2020-07-02T05:01:20Z,2120
10.1762180792214,46.6734985076299,2020-07-02T06:00:42Z,2123
10.1762019221578,46.6734410954635,2020-07-02T07:00:08Z,2130
10.1779715072553,46.6734714742207,2020-07-02T08:00:42Z,2092
10.1756598679162,46.6708244695622,2020-07-02T09:00:43Z,2067
10.1755827178887,46.6708190621521,2020-07-02T10:00:23Z,2067
10.1786204752297,46.6689448626706,2020-07-02T11:00:42Z,2080
10.1786765233702,46.6689407737022,2020-07-02T12:00:08Z,2080
10.1785492608453,46.6689189856405,2020-07-02T13:00:09Z,2080
10.1787503678565,46.6688444172533,2020-07-02T14:00:42Z,2080
10.1780063914611,46.6723285785473,2020-07-02T15:00:07Z,2137
10.1800274646842,46.6717524354551,2020-07-02T16:01:03Z,2113
10.1811339555585,46.671698048189,2020-07-02T17:01:04Z,2098
10.177988157316,46.6697047244192,2020-07-02T18:00:13Z,2087
10.1753875370032,46.6692008255202,2020-07-02T19:00:44Z,1984
10.1735939603001,46.6701462058459,2020-07-02T20:03:09Z,1979
10.1733944774989,46.6705215763628,2020-07-02T21:00:14Z,1985
10.1736381201299,46.670750799518,2020-07-02T22:00:42Z,2003
10.1739873161715,46.6692132086964,2020-07-02T23:00:17Z,1957
10.1733645195412,46.6691851504252,2020-07-03T00:00:42Z,1949
10.1656695131805,46.6766337191795,2020-07-03T01:00:35Z,1826
10.1672347334447,46.675198188968,2020-07-03T02:00:41Z,1849
10.1677095794983,46.6751465195513,2020-07-03T03:00:37Z,1869
10.170546884003,46.6771800814657,2020-07-03T04:00:41Z,1998
10.1740309723042,46.6769320638406,2020-07-03T05:00:42Z,2049
10.1740019575407,46.6768141043019,2020-07-03T06:00:14Z,2049
10.1746779407769,46.6758609064901,2020-07-03T07:00:42Z,2063
10.1742822782953,46.6753187386101,2020-07-03T08:00:41Z,2085
10.1734800602448,46.6750618589066,2020-07-03T09:00:42Z,2077
10.1735502936892,46.6751034805811,2020-07-03T10:00:42Z,2088
10.1743037252072,46.6747860918705,2020-07-03T11:00:15Z,2096
10.1753707106551,46.6747694842582,2020-07-03T12:00:15Z,2098
10.1771027151015,46.6737940228367,2020-07-03T13:00:42Z,2107
10.1770865565094,46.6737366104662,2020-07-03T14:00:14Z,2107
10.1767294803672,46.6739377033068,2020-07-03T15:00:42Z,2118
10.1766061117468,46.6715881304349,2020-07-03T16:00:15Z,2116
10.176451157245,46.6716433728369,2020-07-03T17:00:17Z,2116
10.1802716860342,46.6709529148774,2020-07-03T18:01:42Z,2137
10.1843078093713,46.6667434872974,2020-07-03T19:00:18Z,2146
10.1844778716988,46.6664713796185,2020-07-03T20:00:42Z,2146
10.1845289921084,46.6664905143771,2020-07-03T21:00:40Z,2146
10.1846298431915,46.6663770096895,2020-07-03T22:00:13Z,2138
10.1847459435455,46.6666637239908,2020-07-03T23:00:19Z,2143
10.1853500358376,46.6654060189471,2020-07-04T00:00:42Z,2122
10.1865383592513,46.6650128660507,2020-07-04T01:00:18Z,2100
10.1862361316684,46.6650519155906,2020-07-04T02:00:42Z,2109
10.1866101730111,46.667581163663,2020-07-04T03:00:11Z,2133
10.1806269609243,46.6724618673124,2020-07-04T04:00:33Z,2072
10.1783688137714,46.673388774009,2020-07-04T05:01:12Z,2105
10.1784851869681,46.6731765597628,2020-07-04T06:00:13Z,2105
10.1782319352519,46.6727540438152,2020-07-04T07:00:42Z,2128
10.178130705566801,46.6726568048985,2020-07-04T08:00:42Z,2137
10.1774627105937,46.6725027641686,2020-07-04T09:01:01Z,2140
10.1791598268581,46.6689438347288,2020-07-04T10:00:42Z,2098
10.1792435786677,46.6690540302725,2020-07-04T11:01:06Z,2098
10.1792587450386,46.6689790913312,2020-07-04T12:00:17Z,2098
10.17926137383,46.6689309088641,2020-07-04T13:00:10Z,2098
10.1793886363463,46.6689712086389,2020-07-04T14:00:41Z,2113
10.1788150076762,46.6695862375608,2020-07-04T15:00:08Z,2119
10.1838037643949,46.668977168809,2020-07-04T16:00:57Z,2139
10.1844537087894,46.667717728529,2020-07-04T17:00:42Z,2144
10.1863545417001,46.6671460776745,2020-07-04T18:01:07Z,2135
10.1881044475761,46.6653580180521,2020-07-04T19:00:14Z,2075
10.1877420442441,46.6647853809042,2020-07-04T20:00:41Z,2075
10.1880312209006,46.6650118985191,2020-07-04T21:00:42Z,2075
10.1887911176591,46.6662731565999,2020-07-04T22:00:12Z,2067
10.1829733904941,46.6734405224253,2020-07-04T23:00:42Z,2026
10.180405238098,46.673941070298,2020-07-05T00:00:14Z,2034
10.1804026116941,46.6740016012237,2020-07-05T01:00:42Z,2034
10.1811972428488,46.673910226245,2020-07-05T02:00:42Z,2021
10.1845506162616,46.6725951474568,2020-07-05T03:00:09Z,2032
10.1798080337771,46.673312107704,2020-07-05T04:00:43Z,2072
10.1751237502298,46.6745125509384,2020-07-05T05:00:43Z,2110
10.175086499832,46.6735816984835,2020-07-05T06:00:14Z,2114
10.1754877628668,46.673917316252,2020-07-05T07:00:14Z,2122
10.178535437141,46.6695406484568,2020-07-05T08:00:41Z,2104
10.1787180482513,46.6691183620275,2020-07-05T09:00:18Z,2080
10.178817637518,46.6691924888511,2020-07-05T10:00:42Z,2098
10.1787592806579,46.6691654560261,2020-07-05T11:00:42Z,2080
10.1793289997475,46.6690392424792,2020-07-05T12:00:25Z,2098
10.1805714476264,46.6676985318733,2020-07-05T13:01:12Z,2108
10.1801125637624,46.6678931223063,2020-07-05T14:01:00Z,2087
10.1800927798591,46.6678934768672,2020-07-05T15:00:13Z,2087
10.181626430947,46.6682473421403,2020-07-05T16:00:42Z,2135
10.1845977532508,46.6678666378238,2020-07-05T17:00:19Z,2144
10.1862700702667,46.6667563556156,2020-07-05T18:02:12Z,2130
10.1886173438775,46.6661587265703,2020-07-05T19:00:12Z,2067
10.1875547155687,46.6644604536742,2020-07-05T20:00:42Z,2088
10.1864442493215,46.6639238177697,2020-07-05T21:00:13Z,2096
10.1863058430448,46.6641114322271,2020-07-05T22:00:44Z,2107
10.1832118667864,46.6631688553664,2020-07-05T23:01:32Z,2094
10.1772958615497,46.6595355866268,2020-07-06T00:00:42Z,1852
10.1773284973142,46.6595772767872,2020-07-06T01:00:12Z,1852
10.1773146987401,46.6609209937563,2020-07-06T02:00:42Z,1869
10.1790017852479,46.6661274207456,2020-07-06T03:00:31Z,2001
10.179408599012,46.6662441774078,2020-07-06T04:00:42Z,2020
10.1793841988193,46.6662254854868,2020-07-06T05:00:42Z,2020
10.1783058550592,46.6663333464858,2020-07-06T06:00:17Z,1980
10.1777427835765,46.6668852535125,2020-07-06T07:00:16Z,1968
10.1777470963356,46.6673662114483,2020-07-06T08:01:06Z,1983
10.1760716370385,46.6666661372242,2020-07-06T09:00:31Z,1922
10.1760795506474,46.6667437519014,2020-07-06T10:01:29Z,1922
10.176137571564,46.6666464486326,2020-07-06T11:00:42Z,1922
10.1758204199787,46.6668292238045,2020-07-06T12:00:12Z,1909
10.176089438784,46.6666540959219,2020-07-06T13:00:46Z,1922
10.1735064217455,46.6645326157435,2020-07-06T14:00:11Z,1840
10.1740365480502,46.6641355860348,2020-07-06T15:00:42Z,1840
10.1742363294393,46.6643042041383,2020-07-06T16:00:12Z,1845
10.1739458231685,46.6670114731437,2020-07-06T17:01:17Z,1906
10.1748972879706,46.6683329890519,2020-07-06T18:00:12Z,1957
10.1737175952037,46.6702504476871,2020-07-06T19:00:46Z,1979
10.1709187859051,46.6692553621523,2020-07-06T20:00:40Z,1913
10.1695831696802,46.6691332407683,2020-07-06T21:00:42Z,1894
10.1692993012327,46.6690324679158,2020-07-06T22:00:13Z,1883
10.1718288762139,46.6613451166333,2020-07-06T23:00:41Z,1767
10.1724038892756,46.6598821290644,2020-07-07T00:00:11Z,1749
10.1722274386343,46.6612537588134,2020-07-07T01:00:42Z,1767
10.1719215847302,46.6603569951992,2020-07-07T02:00:42Z,1752
10.1725531893482,46.660403707796704,2020-07-07T03:00:15Z,1757
10.1712540232504,46.6602346418419,2020-07-07T04:00:41Z,1748
10.1686100501706,46.6642755975952,2020-07-07T05:01:00Z,1763
10.1712938762539,46.6659998468762,2020-07-07T06:00:42Z,1861
10.1713581651459,46.6660064141325,2020-07-07T07:00:12Z,1861
10.1724629176867,46.6663301220869,2020-07-07T08:01:00Z,1867
10.1751386270264,46.6670253263223,2020-07-07T09:01:12Z,1920
10.1757614047306,46.6671027466703,2020-07-07T10:00:42Z,1932
10.1761243858087,46.6668441629711,2020-07-07T11:00:42Z,1922
10.1769934368566,46.6670470737345,2020-07-07T12:00:42Z,1955
10.1772720139103,46.6670096920473,2020-07-07T13:00:35Z,1969
10.1775403640056,46.6666969494993,2020-07-07T14:00:42Z,1952
10.1781670075376,46.6651253639537,2020-07-07T15:00:16Z,1951
10.178326902096,46.6652814108603,2020-07-07T16:00:36Z,1977
10.1815685932877,46.6666238693232,2020-07-07T17:00:42Z,2097
10.1818709184703,46.6667884577141,2020-07-07T18:00:16Z,2115
10.1879043705199,46.665663696257504,2020-07-07T19:00:27Z,2075
10.1885934083554,46.6653396409082,2020-07-07T20:00:41Z,2062
10.1884293572882,46.6645184510043,2020-07-07T21:00:09Z,2057
10.1883620551128,46.6645036292811,2020-07-07T22:00:40Z,2057
10.1876023363371,46.6651112575019,2020-07-07T23:00:35Z,2088
10.1861964619362,46.6648428332995,2020-07-08T00:00:14Z,2109
10.1861665279934,46.6648516850841,2020-07-08T01:00:42Z,2109
10.1854568095331,46.6651486188594,2020-07-08T02:00:42Z,2113
10.1841113351313,46.6642030053411,2020-07-08T03:00:14Z,2105
10.1837517500136,46.6627130097475,2020-07-08T04:01:01Z,2108
10.18358654931,46.6622768972179,2020-07-08T05:00:14Z,2108
10.1834958670556,46.6621288837368,2020-07-08T06:00:42Z,2101
10.1837074762938,46.6639834696148,2020-07-08T07:00:16Z,2099
10.1812027176226,46.6672012477696,2020-07-08T08:01:30Z,2114
10.1810474847393,46.6675949635442,2020-07-08T09:00:35Z,2108
10.1811084653466,46.6675614726056,2020-07-08T10:00:42Z,2093
10.1810180990995,46.6674637417238,2020-07-08T11:00:17Z,2093
10.1809152904066,46.6676334341744,2020-07-08T12:00:14Z,2108
10.18104155445,46.6675969210347,2020-07-08T13:00:42Z,2108
10.1811226348014,46.6674961145874,2020-07-08T14:00:42Z,2093
10.1811246791574,46.668322371413,2020-07-08T15:00:08Z,2123
10.1855917565606,46.6673566415241,2020-07-08T16:00:11Z,2140
10.1859552761677,46.6670937062869,2020-07-08T17:00:42Z,2135
10.1883132873627,46.6658414556683,2020-07-08T18:00:07Z,2067
10.1875924971003,46.6653490199186,2020-07-08T19:00:42Z,2090
10.1883975394416,46.6651821031197,2020-07-08T20:00:42Z,2061
10.1880380391525,46.6646671290175,2020-07-08T21:00:15Z,2075
10.1880997128695,46.6646724926953,2020-07-08T22:00:42Z,2075
10.1878827566822,46.6644992869869,2020-07-08T23:00:42Z,2074
10.1862223801983,46.6637923474251,2020-07-09T00:00:11Z,2107
10.185661934513,46.6637592339764,2020-07-09T01:00:42Z,2111
10.185644154788,46.66380829955,2020-07-09T02:00:16Z,2111
10.183945126564,46.6639616282831,2020-07-09T03:00:13Z,2099
10.1795593357986,46.6673309798288,2020-07-09T05:01:18Z,2044
10.1785703593493,46.6688112334237,2020-07-09T06:00:42Z,2080
10.1786020070633,46.6688316469686,2020-07-09T07:00:12Z,2080
10.1794884781249,46.6678182206406,2020-07-09T08:01:06Z,2064
10.1798543799079,46.6672531845727,2020-07-09T09:00:22Z,2044
10.1787994902601,46.6687407912306,2020-07-09T10:00:42Z,2070
10.1788383846711,46.6687444118343,2020-07-09T11:00:31Z,2070
10.1787734534131,46.6688162368155,2020-07-09T12:00:19Z,2080
10.1788113543521,46.6687677295006,2020-07-09T13:01:16Z,2098
10.1786946701345,46.669336932419,2020-07-09T14:00:41Z,2080
10.1786103037734,46.6699098794899,2020-07-09T15:00:08Z,2104
10.178643560531,46.669317789087,2020-07-09T16:00:42Z,2080
10.1807740976732,46.6702503022077,2020-07-09T17:00:07Z,2137
10.1848254249707,46.6679705435118,2020-07-09T18:00:13Z,2141
10.1855866504977,46.666843002415,2020-07-09T19:00:21Z,2138
10.1887387401814,46.6650787638772,2020-07-09T20:00:41Z,2061
10.1887998245742,46.6654525558266,2020-07-09T21:00:11Z,2049
10.1888946166318,46.6648226342154,2020-07-09T22:00:42Z,2045
10.1885261044585,46.6650903055965,2020-07-09T23:00:11Z,2061
10.1843252742868,46.6641457838094,2020-07-10T00:00:42Z,2105
10.1723742095627,46.6600461945799,2020-07-10T01:00:44Z,1757
10.1720251145615,46.6598003068202,2020-07-10T02:00:42Z,1745
10.1737992587657,46.6613442024033,2020-07-10T03:00:13Z,1800
10.1731780861833,46.6639003639363,2020-07-10T04:00:42Z,1823
10.1722509772615,46.6655103580176,2020-07-10T05:00:41Z,1855
10.172040578693,46.6665959287947,2020-07-10T06:00:46Z,1878
10.1757900885893,46.6674604709768,2020-07-10T07:01:06Z,1932
10.1769528817664,46.6670450247291,2020-07-10T08:00:42Z,1955
10.1769607971742,46.6670362415814,2020-07-10T09:00:42Z,1955
10.177112780773,46.6669665640294,2020-07-10T10:00:12Z,1952
10.1767188096631,46.6670090978608,2020-07-10T11:00:59Z,1955
10.1760788890405,46.6666616899014,2020-07-10T12:00:41Z,1922
10.1760848229478,46.6666473906102,2020-07-10T13:00:09Z,1922
10.1761082303321,46.6666201270106,2020-07-10T14:00:42Z,1922
10.1758850377773,46.6670588778001,2020-07-10T15:00:21Z,1943
10.176081202111,46.6672790761298,2020-07-10T16:00:42Z,1943
10.1768813555213,46.6678389870213,2020-07-10T17:00:53Z,1974
10.1771319117734,46.6677604499171,2020-07-10T18:00:36Z,1987
10.1769627924272,46.6680476558003,2020-07-10T19:00:16Z,1974
10.1677478838855,46.667727758493,2020-07-10T20:01:10Z,1850
10.1676298525863,46.6677995961826,2020-07-10T21:00:19Z,1850
10.1608821833093,46.6689897154009,2020-07-10T22:00:42Z,1636
10.1591621435802,46.6697213162679,2020-07-10T23:00:42Z,1630
10.1686343400842,46.6624358017968,2020-07-11T00:00:38Z,1753
10.1729979068534,46.6601510803064,2020-07-11T01:00:16Z,1764
10.1741058459495,46.6610887790501,2020-07-11T02:00:42Z,1795
10.1741651816106,46.6611555982548,2020-07-11T03:00:14Z,1808
10.1751894232881,46.6623348835653,2020-07-11T04:00:42Z,1833
10.1752860133843,46.6623204871984,2020-07-11T05:01:00Z,1842
10.1756080945722,46.6632500059697,2020-07-11T06:00:13Z,1849
10.1753321620701,46.6638871880543,2020-07-11T07:00:42Z,1859
10.1750799575287,46.6648127536437,2020-07-11T08:00:12Z,1864
10.1750166591014,46.6649200315791,2020-07-11T09:00:14Z,1864
10.1750423738472,46.6649485783202,2020-07-11T10:00:46Z,1864
10.1746916046243,46.6644327563569,2020-07-11T11:00:20Z,1855
10.1745293979889,46.6649059074236,2020-07-11T12:00:42Z,1854
10.1748857607788,46.6664741259518,2020-07-11T13:00:09Z,1897
10.1745333310162,46.6661635306242,2020-07-11T14:00:42Z,1871
10.1746236668483,46.6660699666742,2020-07-11T15:00:07Z,1871
10.1742435273679,46.6668052748328,2020-07-11T16:00:42Z,1889
10.174231645265,46.6677842410479,2020-07-11T17:00:42Z,1932
10.174515498993,46.6685761689566,2020-07-11T18:00:08Z,1949
10.1751297164763,46.6689444000915,2020-07-11T19:00:09Z,1970
10.1787470072806,46.6673171448234,2020-07-11T20:00:41Z,2000
10.1795454108347,46.6662556125886,2020-07-11T21:00:40Z,2020
10.1795114565454,46.6663089842645,2020-07-11T22:00:14Z,2020
10.1797939956628,46.6664492509265,2020-07-11T23:00:42Z,2030
10.1854851366581,46.6650611009078,2020-07-12T00:00:08Z,2113
10.1861351914005,46.6648321967391,2020-07-12T01:00:09Z,2109
10.1861536715801,46.6648158138126,2020-07-12T02:00:41Z,2109
10.1858803733258,46.6648185692506,2020-07-12T03:00:06Z,2109
10.1853335621771,46.6654525971055,2020-07-12T04:00:42Z,2122
10.1819241449938,46.6683126594238,2020-07-12T05:01:18Z,2142
10.1810041777159,46.669843209743,2020-07-12T06:00:21Z,2137
10.1799409991571,46.6709375530851,2020-07-12T07:01:06Z,2140
10.1774329569623,46.6697233052095,2020-07-12T08:01:33Z,2068
10.1755579903734,46.6708549900564,2020-07-12T09:00:24Z,2067
10.1756015107845,46.6708282884456,2020-07-12T10:00:42Z,2067
10.1757093224906,46.6705242978469,2020-07-12T11:00:11Z,2067
10.175863621957,46.6705351126677,2020-07-12T12:00:42Z,2083
10.1758530716501,46.67057356053,2020-07-12T13:00:15Z,2083
10.1763446490198,46.6702910796155,2020-07-12T14:00:42Z,2053
10.1773541674694,46.6699292845531,2020-07-12T15:00:15Z,2068
10.1792168690411,46.6689610187245,2020-07-12T16:00:42Z,2098
10.1792854547597,46.6690474195218,2020-07-12T17:00:15Z,2098
10.1845364725395,46.667837501414,2020-07-12T18:00:15Z,2144
10.188138921699,46.6659658543398,2020-07-12T19:00:42Z,2080
10.1890771623264,46.665787897413,2020-07-12T20:00:15Z,2049
10.1882298777237,46.6644618782868,2020-07-12T21:00:29Z,2057
10.1883211757048,46.6643587200445,2020-07-12T22:00:42Z,2057
10.1874030491446,46.6644014741708,2020-07-12T23:00:14Z,2088
10.1868346569682,46.6641796695832,2020-07-13T00:00:42Z,2100
10.187103738194,46.6645599028807,2020-07-13T01:00:13Z,2088
10.1866814869632,46.6650479239707,2020-07-13T02:00:42Z,2100
10.1851591921757,46.6655646476131,2020-07-13T03:00:12Z,2125
10.1804922665545,46.6668051502633,2020-07-13T04:00:42Z,2054
10.1803861482332,46.6671816341215,2020-07-13T05:00:47Z,2069
10.1793391251727,46.6677162974908,2020-07-13T06:00:20Z,2042
10.1775243701448,46.6725266606615,2020-07-13T07:02:16Z,2140
10.1788601554926,46.6690889779105,2020-07-13T08:00:36Z,2098
10.1789056544755,46.6691048249226,2020-07-13T09:00:16Z,2098
10.1789837948326,46.6691500166245,2020-07-13T10:00:36Z,2098
10.1788868647264,46.6691017684611,2020-07-13T11:00:17Z,2098
10.1793137988842,46.6689413870786,2020-07-13T12:00:17Z,2098
10.1792544478615,46.6689239357202,2020-07-13T13:00:41Z,2098
10.179290712213,46.6689263710806,2020-07-13T14:01:00Z,2098
10.1793490688965,46.6689534035436,2020-07-13T15:00:13Z,2098
10.1818766496294,46.6682851236968,2020-07-13T16:00:20Z,2142
10.1828261543192,46.6683112846431,2020-07-13T17:00:42Z,2147
10.1849836848227,46.6669504139535,2020-07-13T18:00:12Z,2143
10.185863877626,46.6667093552727,2020-07-13T19:00:42Z,2130
10.1881853155034,46.6655463124724,2020-07-13T20:00:11Z,2075
10.1887624384019,46.6649166550114,2020-07-13T21:00:12Z,2061
10.1887334075333,46.6649900039351,2020-07-13T22:01:06Z,2061
10.1870238855269,46.6642077392737,2020-07-13T23:00:41Z,2100
10.186083574813,46.6638556391579,2020-07-14T00:00:42Z,2107
10.1859721861908,46.6639335374509,2020-07-14T01:00:16Z,2107
10.1834773710593,46.6640264833061,2020-07-14T02:00:45Z,2089
10.1796700033979,46.6659121192422,2020-07-14T03:00:42Z,2020
10.1794204617588,46.6661291817201,2020-07-14T04:00:19Z,2020
10.1788979030147,46.6655846827623,2020-07-14T05:00:41Z,1994
10.1791441760098,46.6656114314297,2020-07-14T06:00:09Z,1994
10.1781386858346,46.665854684615,2020-07-14T07:00:32Z,1961
10.1784079906297,46.6651065517472,2020-07-14T08:00:42Z,1965
10.1784313436058,46.6636907569153,2020-07-14T09:00:42Z,1920
10.1787686008476,46.663668964782,2020-07-14T10:00:42Z,1920
10.1794770751627,46.6640225344572,2020-07-14T11:00:25Z,1951
10.1793306779118,46.6639844503812,2020-07-14T12:00:42Z,1935
10.1795087200876,46.6640552970668,2020-07-14T13:00:19Z,1968
10.1793666199549,46.663874868881,2020-07-14T14:01:13Z,1935
10.1795126621433,46.6639552598986,2020-07-14T15:00:15Z,1951
10.1763245022533,46.6666248988196,2020-07-14T16:00:42Z,1922
10.1769944279692,46.6670745168949,2020-07-14T17:00:12Z,1955
10.1770010264818,46.6675619219659,2020-07-14T18:01:36Z,1955
10.1760812124164,46.668902079885,2020-07-14T19:00:12Z,2002
10.1755072164089,46.6689052515796,2020-07-14T20:01:00Z,1984
10.1785637005676,46.6672130507779,2020-07-14T21:00:42Z,2000
10.1786105135547,46.6672078929105,2020-07-14T22:00:42Z,2000
10.1790628330981,46.6672417550595,2020-07-14T23:00:33Z,2021
10.179460027787,46.6662333821147,2020-07-15T00:00:42Z,2020
10.1795160738015,46.6662910042308,2020-07-15T01:00:42Z,2020
10.1798243274575,46.6665030134727,2020-07-15T02:00:11Z,2030
10.1795968395418,46.6662571597395,2020-07-15T03:00:42Z,2020
10.1795895943346,46.6662739489788,2020-07-15T04:00:12Z,2020
10.1791719115251,46.6663613439504,2020-07-15T05:01:07Z,2001
10.1786813188454,46.6658752135213,2020-07-15T06:00:12Z,1980
10.1788535399275,46.6620611114846,2020-07-15T07:03:01Z,1933
10.1804096573341,46.6604050120541,2020-07-15T08:00:42Z,1976
10.1804831710293,46.6604311539115,2020-07-15T09:00:40Z,1976
10.1807505188705,46.6605414556712,2020-07-15T10:00:11Z,2011
10.1805708990873,46.6610460950227,2020-07-15T11:00:42Z,2011
10.1806173889817,46.6610708614843,2020-07-15T12:00:11Z,2011
10.1803583652751,46.6620141391076,2020-07-15T13:00:13Z,1983
10.1797542374854,46.6633211856715,2020-07-15T14:00:41Z,1947
10.1798046689493,46.6633261518191,2020-07-15T15:00:15Z,1947
10.1797883060344,46.6650204262114,2020-07-15T16:00:16Z,1992
10.1793957067211,46.6656529069613,2020-07-15T17:00:42Z,2009
10.1795915468441,46.6658968600206,2020-07-15T18:00:10Z,2020
10.1792484486172,46.6673399439957,2020-07-15T19:01:02Z,2021
10.1789155000974,46.6675773223397,2020-07-15T20:00:24Z,2042
10.1788482311443,46.6676118523515,2020-07-15T21:00:42Z,2042
10.178916463109,46.6675183733811,2020-07-15T22:00:15Z,2021
10.1795378824977,46.6669996695616,2020-07-15T23:00:42Z,2044
10.1800327102875,46.6668004255312,2020-07-16T00:00:42Z,2054
10.180068296031,46.6666282336595,2020-07-16T01:00:10Z,2054
10.1794782130233,46.6670306683504,2020-07-16T02:00:42Z,2044
10.1794745902601,46.6670637481945,2020-07-16T03:00:12Z,2044
10.1810140627344,46.6659778229496,2020-07-16T04:01:06Z,2060
10.1844560021921,46.6654911953326,2020-07-16T05:00:36Z,2124
10.1833379775696,46.6622869275055,2020-07-16T06:00:14Z,2099
10.1797166624889,46.6633397501033,2020-07-16T07:00:42Z,1947
10.1797400671547,46.6633124853029,2020-07-16T08:00:13Z,1947
10.1800470351987,46.6640577098852,2020-07-16T09:00:42Z,1985
10.1768773052748,46.6631748504015,2020-07-16T10:00:42Z,1871
10.1741568416666,46.665742592578,2020-07-16T11:00:17Z,1861
10.1741858515989,46.6657494764855,2020-07-16T12:00:42Z,1861
10.1760673494666,46.6665616137208,2020-07-16T13:00:43Z,1922
10.1761992238585,46.6666147949207,2020-07-16T14:00:17Z,1922
10.1760670212005,46.6665853758472,2020-07-16T15:00:42Z,1922
10.175366771697,46.6666497476501,2020-07-16T16:00:16Z,1909
10.174709033528,46.6684002253946,2020-07-16T17:00:43Z,1957
10.1748267317128,46.6684447140236,2020-07-16T18:00:42Z,1957
10.1780339340369,46.6679689298182,2020-07-16T19:00:42Z,2003
10.1788571441378,46.6676490270516,2020-07-16T20:00:43Z,2042
10.1789135125501,46.6676335157229,2020-07-16T21:00:42Z,2042
10.1789787941108,46.6676675212792,2020-07-16T22:00:22Z,2042
10.1785399720916,46.6673751581407,2020-07-16T23:00:36Z,2000
10.1786827198158,46.667285897725,2020-07-17T00:00:42Z,2000
10.1786688688924,46.6672040703374,2020-07-17T01:01:40Z,2000
10.1786820479693,46.6672408627984,2020-07-17T02:00:16Z,2000
10.17980159799,46.6668098150672,2020-07-17T03:00:43Z,2030
10.1838123195538,46.6667125814457,2020-07-17T04:01:25Z,2146
10.1832540638422,46.6681227953994,2020-07-17T05:01:41Z,2151
10.181089298893,46.6704939521935,2020-07-17T06:00:20Z,2137
10.1800864194628,46.6711148362994,2020-07-17T07:00:43Z,2130
10.1784742344472,46.6721094656898,2020-07-17T08:00:10Z,2139
10.17763217954,46.6724324720207,2020-07-17T09:00:41Z,2137
10.1779454001737,46.6724361185304,2020-07-17T10:00:55Z,2137
10.1786587268656,46.6693230714699,2020-07-17T11:00:42Z,2080
10.1792798431249,46.6689947570018,2020-07-17T12:00:15Z,2098
10.1790510335736,46.6689303576348,2020-07-17T13:00:25Z,2098
10.1791970854109,46.6688996637396,2020-07-17T14:00:42Z,2098
10.1794823706033,46.6704419246923,2020-07-17T15:00:14Z,2136
10.1808038948153,46.671524075208,2020-07-17T16:00:42Z,2120
10.1824345688075,46.6711301294082,2020-07-17T17:00:15Z,2088
10.1852981864588,46.670356080383,2020-07-17T18:00:15Z,2090
10.1896286949824,46.6656295479393,2020-07-17T19:00:42Z,2035
10.1891192229605,46.6651404075102,2020-07-17T20:00:13Z,2045
10.1887528999472,46.6649578618648,2020-07-17T21:00:14Z,2061
10.1885152620301,46.6652759426674,2020-07-17T22:00:41Z,2062
10.1886722659955,46.6655594518413,2020-07-17T23:00:21Z,2062
10.188312346353,46.6646239233132,2020-07-18T00:00:13Z,2057
10.1882457539816,46.6646356132417,2020-07-18T01:00:42Z,2061
10.1881831194485,46.6661076116548,2020-07-18T02:00:13Z,2080
10.1873939153022,46.6648385472981,2020-07-18T03:00:18Z,2088
10.1864303831124,46.6654578696962,2020-07-18T04:01:01Z,2114
10.1859531547638,46.6682474059888,2020-07-18T05:00:17Z,2135
10.186313553811,46.6684134070565,2020-07-18T06:00:18Z,2135
10.1860009666369,46.6681771243112,2020-07-18T07:00:42Z,2135
10.1851860397926,46.6684768675862,2020-07-18T08:00:13Z,2137
10.1810745115636,46.6675778174319,2020-07-18T09:00:42Z,2108
10.1809732814945,46.667529956928,2020-07-18T10:00:18Z,2093
10.181068581301,46.6675797749102,2020-07-18T11:00:14Z,2108
10.1810032982354,46.6675581130869,2020-07-18T12:01:07Z,2093
10.1810421856109,46.6674753420092,2020-07-18T13:00:13Z,2093
10.1815755752999,46.6670257822994,2020-07-18T14:00:43Z,2114
10.1816988447546,46.6669316258835,2020-07-18T15:00:14Z,2097
10.1844129081222,46.6682331198915,2020-07-18T16:00:42Z,2140
10.1844511729069,46.6683521494631,2020-07-18T17:00:17Z,2140
10.186063755204,46.6671556256819,2020-07-18T18:00:37Z,2135
10.1872215791028,46.6670780326926,2020-07-18T19:00:15Z,2117
10.1882465784774,46.6653224355647,2020-07-18T20:00:42Z,2062
10.1881086572087,46.6648084005878,2020-07-18T21:00:13Z,2075
10.1879847138356,46.6648698737294,2020-07-18T22:00:42Z,2075
10.1879227420698,46.6648512392519,2020-07-18T23:00:15Z,2075
10.1872718759779,46.6645969897439,2020-07-19T00:00:18Z,2088
10.18626888266,46.6638541440428,2020-07-19T01:00:59Z,2107
10.186281037164,46.663807963711,2020-07-19T02:00:42Z,2107
10.1864023666446,46.6638131820649,2020-07-19T03:00:15Z,2107
10.1853483351535,46.6650558429735,2020-07-19T04:00:42Z,2113
10.1838174806523,46.6656720530252,2020-07-19T05:00:18Z,2119
10.1836061540031,46.6655700134783,2020-07-19T06:00:42Z,2119
10.1832020468254,46.6660530533668,2020-07-19T07:00:15Z,2124
10.1801940084664,46.6684597006822,2020-07-19T08:00:37Z,2108
10.1793803960325,46.6690469498499,2020-07-19T09:00:42Z,2113
10.1792903921597,46.6689871626662,2020-07-19T10:00:42Z,2098
10.1792857748262,46.6689804569265,2020-07-19T11:00:09Z,2098
10.179351732169,46.6690718443349,2020-07-19T12:00:42Z,2098
10.175945387627,46.6705904214443,2020-07-19T13:00:16Z,2083
10.1759252767219,46.6706762506974,2020-07-19T14:00:42Z,2083
10.1744422622814,46.6718462487228,2020-07-19T15:00:42Z,2088
10.1744017112486,46.6717948218814,2020-07-19T16:00:59Z,2088
10.1744201728399,46.671827819933,2020-07-19T17:00:10Z,2088
10.1821331560396,46.6707708216385,2020-07-19T18:00:10Z,2120
10.1874759157327,46.6675464635093,2020-07-19T19:01:12Z,2117
10.1861481438814,46.6652691763076,2020-07-19T20:00:42Z,2114
10.1814970124999,46.6658935697811,2020-07-19T21:00:22Z,2077
10.1788828288212,46.6670974886897,2020-07-19T22:01:31Z,2021
10.1785554600007,46.6672270831543,2020-07-19T23:00:42Z,2000
10.1786998727453,46.6675867399142,2020-07-20T00:00:10Z,2020
10.1792230539347,46.6672197548238,2020-07-20T01:01:36Z,2021
10.1795922222549,46.6662627973138,2020-07-20T02:00:41Z,2020
10.1796011375834,46.6662999681963,2020-07-20T03:00:15Z,2020
10.1786114228701,46.6662232935034,2020-07-20T04:01:38Z,1980
10.1782751760401,46.6660071373691,2020-07-20T05:00:41Z,1980
10.1782890261714,46.6660766226662,2020-07-20T06:00:08Z,1980
10.1778528707331,46.6660878221958,2020-07-20T07:01:06Z,1961
10.1795007998503,46.6641443175638,2020-07-20T08:00:56Z,1968
10.1794948686911,46.664022840952,2020-07-20T09:00:42Z,1951
10.1784501588364,46.6637369814317,2020-07-20T10:00:42Z,1920
10.1790935796663,46.6633293442673,2020-07-20T11:00:26Z,1930
10.1785767414343,46.6637507734782,2020-07-20T12:00:42Z,1920
10.1785276222898,46.6637741782829,2020-07-20T13:00:42Z,1920
10.1780588418681,46.6639164902365,2020-07-20T14:00:10Z,1908
10.1781092769484,46.6639523142798,2020-07-20T15:00:25Z,1908
10.1777835616023,46.6637409136179,2020-07-20T16:00:41Z,1908
10.1740622626145,46.6637506285933,2020-07-20T17:00:11Z,1830
10.173769854525,46.6636506538291,2020-07-20T18:00:16Z,1830
10.1727861435936,46.6630412186076,2020-07-20T19:00:41Z,1800
10.1695494547331,46.6628477810633,2020-07-20T20:00:42Z,1768
10.1715614211814,46.6628208324168,2020-07-20T21:00:08Z,1769
10.1711601997606,46.6629356756148,2020-07-20T22:00:48Z,1785
10.1714682400851,46.6610670409104,2020-07-20T23:00:42Z,1753
10.1715140706048,46.6611085154739,2020-07-21T00:00:11Z,1758
10.1737326839553,46.660744910981,2020-07-21T01:01:42Z,1786
10.1735668160486,46.6625162958166,2020-07-21T02:00:20Z,1817
10.1734543966595,46.6625482276214,2020-07-21T03:00:42Z,1805
10.1775455743096,46.6648726643898,2020-07-21T04:01:09Z,1933
10.1786395020988,46.666696406185,2020-07-21T05:00:13Z,1986
10.1781453354301,46.6671381577076,2020-07-21T06:00:43Z,1983
10.1776336859448,46.667383052333,2020-07-21T07:01:10Z,1983
10.1787295909441,46.6688420104878,2020-07-21T08:00:08Z,2080
10.1786837705912,46.6688869550989,2020-07-21T09:00:36Z,2080
10.1786824555215,46.6688709354899,2020-07-21T10:00:42Z,2080
10.1786847640599,46.6688958865494,2020-07-21T11:00:14Z,2080
10.1787246523679,46.6688960964219,2020-07-21T12:00:42Z,2080
10.1799768250739,46.6695629482825,2020-07-21T13:00:15Z,2135
10.1812664254734,46.6681686407446,2020-07-21T14:00:16Z,2135
10.1814575518696,46.6670297504489,2020-07-21T15:00:42Z,2114
10.1815930506488,46.6671177262495,2020-07-21T16:00:41Z,2114
10.1840922454936,46.6669071848996,2020-07-21T17:00:15Z,2146
10.1866656182303,46.6664715495511,2020-07-21T18:01:11Z,2120
10.1872526006753,46.6654868931727,2020-07-21T19:00:13Z,2090
10.1888444392932,46.6659222974088,2020-07-21T20:00:34Z,2055
10.1858136882199,46.6644044644202,2020-07-21T21:00:13Z,2109
10.1859152320524,46.6643051283231,2020-07-21T22:00:44Z,2107
10.1852929873501,46.6651666771245,2020-07-21T23:00:14Z,2113
10.1854215526371,46.6652106523511,2020-07-22T00:00:42Z,2113
10.1841813938022,46.6654964355166,2020-07-22T01:00:42Z,2124
10.1842140359134,46.6655010934493,2020-07-22T02:00:09Z,2124
10.18410294531,46.6654873501629,2020-07-22T03:00:42Z,2124
10.1844779354993,46.6644296920336,2020-07-22T04:00:40Z,2105
10.182251393767,46.6639876883367,2020-07-22T05:01:00Z,2051
10.1797331414262,46.6633487166291,2020-07-22T06:00:42Z,1947
10.1790290396925,46.6638401873109,2020-07-22T07:00:49Z,1935
10.1761458133434,46.6665460178747,2020-07-22T08:00:42Z,1922
10.1761583429384,46.6666179949522,2020-07-22T09:00:11Z,1922
10.1760614155493,46.666569741652,2020-07-22T10:00:42Z,1922
10.1760525122107,46.6664893697426,2020-07-22T11:00:55Z,1922
10.1760861410153,46.666546158805,2020-07-22T12:00:42Z,1922
10.1762021876478,46.6663885690812,2020-07-22T13:00:10Z,1906
10.1760930647639,46.6666271870046,2020-07-22T14:00:42Z,1922
10.1761052660738,46.666735269241,2020-07-22T15:00:42Z,1922
10.17600174304,46.6666624525251,2020-07-22T16:00:42Z,1922
10.1757966832659,46.667824451202,2020-07-22T17:00:42Z,1952
10.1745000010176,46.6685699678772,2020-07-22T18:00:15Z,1949
10.1717790118148,46.6687361341238,2020-07-22T19:00:41Z,1921
10.169505126748,46.6644463355756,2020-07-22T20:00:32Z,1792
10.1672576832757,46.6644397793881,2020-07-22T21:00:08Z,1749
10.1679268407389,46.6626897084435,2020-07-22T22:01:06Z,1737
10.1680109027302,46.6628749079839,2020-07-22T23:00:16Z,1743
10.1689353617945,46.6622017961028,2020-07-23T00:01:03Z,1756
10.1715040554566,46.6627780314622,2020-07-23T01:01:30Z,1769
10.171459510269,46.6641658895906,2020-07-23T02:00:42Z,1826
10.1712329932041,46.6643485735201,2020-07-23T03:00:13Z,1826
10.1722275987125,46.6647353456721,2020-07-23T04:01:45Z,1845
10.1743223164505,46.6674632629788,2020-07-23T05:01:06Z,1910
10.1744986993526,46.6674801665536,2020-07-23T06:00:14Z,1910
10.175966475836,46.6680204333669,2020-07-23T07:00:41Z,1963
10.1760802071158,46.6665666293957,2020-07-23T08:01:30Z,1922
10.1761570249524,46.6665155726486,2020-07-23T09:00:42Z,1922
10.1760788890405,46.6665629486086,2020-07-23T10:00:15Z,1922
10.1760383364761,46.6665362152196,2020-07-23T11:00:42Z,1922
10.1760637234623,46.6665638372915,2020-07-23T12:00:15Z,1922
10.1760709754642,46.6665964181096,2020-07-23T13:00:42Z,1922
10.1763192237707,46.6664744190055,2020-07-23T14:00:14Z,1922
10.1761563630425,46.6665631092168,2020-07-23T15:00:25Z,1922
10.1761570249524,46.6666760275322,2020-07-23T16:00:42Z,1922
10.1728866224082,46.6645807040103,2020-07-23T17:00:15Z,1834
10.1727423596767,46.6623018064665,2020-07-23T18:00:17Z,1790
10.1708097639566,46.6630564207899,2020-07-23T19:01:06Z,1783
10.16700596282,46.6657436372479,2020-07-23T20:01:36Z,1763
10.1615897993378,46.6701500205101,2020-07-23T21:00:43Z,1667
10.1610734770111,46.6701598041829,2020-07-23T22:00:42Z,1655
10.1614677525948,46.6702478484286,2020-07-23T23:00:31Z,1667
10.1622296248942,46.6709048271671,2020-07-24T00:00:42Z,1672
10.1607701906706,46.6699553623591,2020-07-24T01:01:43Z,1655
10.1608469808609,46.6699475234203,2020-07-24T02:00:42Z,1655
10.1612795962615,46.6698522078048,2020-07-24T03:00:17Z,1659
10.1671904618969,46.6641965912908,2020-07-24T04:00:41Z,1749
10.1658179644658,46.6664593631678,2020-07-24T05:00:42Z,1756
10.1692416331113,46.6651554845405,2020-07-24T06:00:18Z,1785
10.1712289061415,46.666213602067,2020-07-24T07:00:42Z,1861
10.1712199806973,46.666651612443,2020-07-24T08:00:17Z,1872
10.1724675043987,46.6669971492531,2020-07-24T09:00:42Z,1899
10.1724147504169,46.6670166038874,2020-07-24T10:00:15Z,1899
10.1723959558977,46.6670320584532,2020-07-24T11:00:16Z,1899
10.1730441156002,46.6673345982521,2020-07-24T12:01:12Z,1903
10.1730602664746,46.667422866059,2020-07-24T13:00:08Z,1903
10.1734572066861,46.6675305586882,2020-07-24T14:00:08Z,1903
10.1742003270009,46.6677400600898,2020-07-24T15:00:36Z,1932
10.1742738469138,46.6677723788605,2020-07-24T16:00:16Z,1932
10.1742965896898,46.6681135452418,2020-07-24T17:00:42Z,1932
10.1750327865503,46.6688714637327,2020-07-24T18:00:24Z,1970
10.1785429518544,46.6676179368329,2020-07-24T19:00:43Z,2020
10.1791044524292,46.6678389857167,2020-07-24T20:00:39Z,2042
10.1790529575271,46.6675597424267,2020-07-24T21:00:16Z,2021
10.1788620823719,46.6676381396194,2020-07-24T22:01:29Z,2042
10.1795477559366,46.6668174471523,2020-07-24T23:01:00Z,2030
10.1794066453465,46.6665348686981,2020-07-25T00:00:42Z,2030
10.1793776277838,46.6664724441691,2020-07-25T01:01:00Z,2030
10.1855362584113,46.6651357741192,2020-07-25T02:00:17Z,2113
10.1856041577186,46.6650660553819,2020-07-25T03:00:42Z,2113
10.1844224240604,46.663664251754,2020-07-25T04:01:12Z,2107
10.1843479034803,46.6635242722597,2020-07-25T05:00:17Z,2107
10.1869007421034,46.6633092895934,2020-07-25T06:00:43Z,2085
10.1869163034336,46.6614218337457,2020-07-25T07:00:41Z,2031
10.1811364888835,46.6675470852367,2020-07-25T08:01:00Z,2093
10.1806077107854,46.667626914972,2020-07-25T09:00:12Z,2108
10.1805424279903,46.6675990817415,2020-07-25T10:00:42Z,2087
10.1806139580747,46.6675703387634,2020-07-25T11:00:12Z,2093
10.1806205681372,46.6676134167401,2020-07-25T12:00:12Z,2108
10.1805351844424,46.6676405571542,2020-07-25T13:00:42Z,2087
10.1798558113332,46.6688674990235,2020-07-25T14:00:13Z,2113
10.1792000346233,46.6688153735752,2020-07-25T15:01:30Z,2098
10.1791113457938,46.6688518268977,2020-07-25T16:00:42Z,2098
10.1824985434917,46.6690200359796,2020-07-25T17:00:13Z,2142
10.1859793804492,46.6672657515003,2020-07-25T18:00:13Z,2135
10.187641015381,46.6655520977558,2020-07-25T19:01:29Z,2075
10.1890296446465,46.6655567186978,2020-07-25T20:00:38Z,2049
10.1882172509639,46.6653701715527,2020-07-25T21:00:08Z,2062
10.1880401650595,46.6651292926956,2020-07-25T22:00:42Z,2075
10.185862593714,46.6648923215034,2020-07-25T23:00:09Z,2109
10.1855102412397,46.6653716691972,2020-07-26T00:00:42Z,2122
10.1855953131384,46.6654176545907,2020-07-26T01:00:09Z,2122
10.185952891839,46.6647432116135,2020-07-26T02:00:42Z,2109
10.1843758586024,46.665378784565704,2020-07-26T03:00:42Z,2124
10.1843698509304,46.6646772381757,2020-07-26T04:00:40Z,2112
10.1815279731325,46.6651283983876,2020-07-26T05:00:12Z,2041
10.1806276266239,46.6650171159139,2020-07-26T06:01:13Z,2023
10.1760844895438,46.6665168819102,2020-07-26T07:02:18Z,1922
10.1760907568467,46.6665343500752,2020-07-26T08:01:06Z,1922
10.1761266937381,46.666585234901,2020-07-26T09:00:42Z,1922
10.1761105382542,46.6665586806888,2020-07-26T10:00:16Z,1922
10.1760907568467,46.6665405214144,2020-07-26T11:00:42Z,1922
10.1761339456288,46.6665499310446,2020-07-26T12:00:16Z,1922
10.1760802071158,46.666541944048,2020-07-26T13:00:37Z,1922
10.1745062957082,46.6662053602466,2020-07-26T14:00:16Z,1871
10.1734002311261,46.665446004494,2020-07-26T15:00:08Z,1858
10.1735703389941,46.6657663428741,2020-07-26T16:00:42Z,1858
10.1735465963356,46.6659099389535,2020-07-26T17:00:08Z,1868
10.1724260320617,46.6655112396823,2020-07-26T18:00:42Z,1857
10.1717591643062,46.664242914321,2020-07-26T19:00:33Z,1831
10.169932229346,46.6625888599888,2020-07-26T20:00:48Z,1768
10.1693995448858,46.662034297367,2020-07-26T21:00:44Z,1759
10.1688563193573,46.6615428723958,2020-07-26T22:00:42Z,1749
10.168955543084,46.6615296809394,2020-07-26T23:00:09Z,1749
10.1711091513214,46.6623117408095,2020-07-27T00:00:36Z,1766
10.1728205588851,46.6599894645214,2020-07-27T01:00:15Z,1757
10.1740316666689,46.6612952965868,2020-07-27T02:00:23Z,1800
10.1742423217445,46.6613399997633,2020-07-27T03:00:45Z,1808
10.1773777652478,46.664404483444,2020-07-27T04:00:55Z,1915
10.1770922902394,46.6653235563946,2020-07-27T05:00:08Z,1940
10.1770945983142,46.6652312513341,2020-07-27T06:00:42Z,1940
10.17724361831,46.6656161393794,2020-07-27T07:00:36Z,1940
10.1768173812038,46.6669385274841,2020-07-27T08:01:05Z,1936
10.1769047503425,46.6670279880012,2020-07-27T09:00:42Z,1955
10.1768882674503,46.666969655184,2020-07-27T10:00:15Z,1936
10.1769842043518,46.6670089780071,2020-07-27T11:00:42Z,1955
10.1769759629487,46.6670847228071,2020-07-27T12:00:10Z,1955
10.1764089074751,46.6669405857923,2020-07-27T13:00:18Z,1922
10.1760729551247,46.6666636465611,2020-07-27T14:01:06Z,1922
10.1760746014549,46.6666003658306,2020-07-27T15:00:44Z,1922
10.1757205216972,46.666797391950404,2020-07-27T16:00:20Z,1909
10.1745122036691,46.6684497202087,2020-07-27T17:00:42Z,1949
10.174499677881,46.6684024256487,2020-07-27T18:00:10Z,1949
10.1775746817617,46.6678231836003,2020-07-27T19:00:45Z,1987
10.1881513667495,46.6655688302861,2020-07-27T20:00:41Z,2075
10.1882805270097,46.6652505471364,2020-07-27T21:00:14Z,2062
10.1880833555516,46.6651695540723,2020-07-27T22:00:42Z,2075
10.18760092251,46.6646632643416,2020-07-27T23:00:14Z,2088
10.1872899521697,46.6643143383722,2020-07-28T00:00:42Z,2088
10.1861999816203,46.6638038521181,2020-07-28T01:00:42Z,2107
10.1862154502004,46.663785377504,2020-07-28T02:00:42Z,2107
10.1858739563224,46.6639741804599,2020-07-28T03:00:11Z,2107
10.1846866427844,46.6645490501322,2020-07-28T04:01:12Z,2109
10.1798302195288,46.6656988086661,2020-07-28T05:00:13Z,2009
10.1789156980665,46.665455387511,2020-07-28T06:01:09Z,1994
10.1786546111373,46.6655847161191,2020-07-28T07:00:38Z,1977
10.1769621142269,46.6670399217486,2020-07-28T08:00:44Z,1955
10.1769654134154,46.6670614606859,2020-07-28T09:00:42Z,1955
10.1769828873236,46.6670299828154,2020-07-28T10:00:09Z,1955
10.1769185989992,46.6670727891097,2020-07-28T11:00:42Z,1955
10.1769690385831,46.6670777503581,2020-07-28T12:00:41Z,1955
10.1761079021701,46.6666809172103,2020-07-28T13:00:40Z,1922
10.1760643800087,46.6665903690276,2020-07-28T14:00:11Z,1922
10.1760650365485,46.6664132479344,2020-07-28T15:00:12Z,1922
10.1753690768828,46.6674090639655,2020-07-28T16:01:13Z,1932
10.174484179932,46.6684764480622,2020-07-28T17:00:22Z,1949
10.1719865971053,46.6651120960253,2020-07-28T18:00:42Z,1845
10.1721563599534,46.665419166952,2020-07-28T19:00:42Z,1855
10.163536087866,46.6661842698106,2020-07-28T20:00:09Z,1706
10.1611707971936,46.6689182430421,2020-07-28T21:01:26Z,1647
10.1614760024513,46.6702770138821,2020-07-28T22:01:12Z,1667
10.1610843983041,46.6702456918449,2020-07-28T23:00:50Z,1655
10.1613846497469,46.6707195650404,2020-07-29T00:01:39Z,1668
10.1613936310705,46.6700655632497,2020-07-29T01:00:45Z,1667
10.1605538828104,46.67000610488,2020-07-29T02:00:42Z,1655
10.161375081909,46.6691182756098,2020-07-29T03:00:42Z,1647
10.1671453221311,46.6636508956992,2020-07-29T04:00:34Z,1739
10.1720842306406,46.6581073847,2020-07-29T05:00:59Z,1715
10.1712930098612,46.65892373984,2020-07-29T06:00:41Z,1734
10.1716170306459,46.6597230844857,2020-07-29T07:00:41Z,1741
10.1756351337827,46.6663740226073,2020-07-29T08:00:41Z,1892
10.1761909820837,46.6665547711647,2020-07-29T09:00:42Z,1922
10.1760943828212,46.6666000111262,2020-07-29T10:00:15Z,1922
10.1760749297003,46.666588946391,2020-07-29T11:00:42Z,1922
10.1760930647639,46.6666271870046,2020-07-29T12:00:42Z,1922
10.1761949359118,46.6665472995563,2020-07-29T13:00:33Z,1922
10.1761243858087,46.666689880503,2020-07-29T14:00:12Z,1922
10.1759967944053,46.6665190671145,2020-07-29T15:01:15Z,1922
10.1754327078397,46.6666855898995,2020-07-29T16:00:10Z,1909
10.1727709794066,46.663060623053,2020-07-29T17:00:42Z,1800
10.1727904211122,46.6630901935401,2020-07-29T18:00:10Z,1800
10.1720476248923,46.6638875159406,2020-07-29T19:01:32Z,1811
10.1743753801604,46.6685246762394,2020-07-29T20:00:40Z,1949
10.1770867540661,46.6680479056076,2020-07-29T21:00:42Z,1987
10.1790872334086,46.6673715280855,2020-07-29T22:00:42Z,2021
10.180665927246,46.6658273158619,2020-07-29T23:00:14Z,2060
10.1877990967238,46.6648210691941,2020-07-30T00:00:20Z,2075
10.1878271199986,46.6650103337042,2020-07-30T01:00:42Z,2075
10.1876899113326,46.6645413262281,2020-07-30T02:00:12Z,2074
10.1873259112294,46.664383729655,2020-07-30T03:00:42Z,2088
10.1846911792376,46.6641546456947,2020-07-30T04:00:22Z,2109
10.1799406389768,46.6654206726563,2020-07-30T05:00:42Z,2009
10.1797784338717,46.665332247504,2020-07-30T06:00:41Z,2009
10.1783763962739,46.6663388768584,2020-07-30T07:00:11Z,1980
10.1768757359917,46.6670087606086,2020-07-30T08:00:42Z,1955
10.1760327309004,46.6665884656279,2020-07-30T09:00:42Z,1922
10.1759859162339,46.6665257376847,2020-07-30T10:00:14Z,1922
10.1732864845207,46.6655730021879,2020-07-30T11:00:42Z,1858
10.1732462752035,46.6654484516864,2020-07-30T12:00:12Z,1858
10.1732528615158,46.6655285556371,2020-07-30T13:00:42Z,1858
10.1732759341333,46.6656669968575,2020-07-30T14:00:42Z,1858
10.1728892185443,46.6658161578541,2020-07-30T15:00:13Z,1867
10.1738387249805,46.6648303036419,2020-07-30T16:00:56Z,1851
10.1759226214735,46.6672377901747,2020-07-30T17:00:17Z,1943
10.1747238674905,46.6683490501188,2020-07-30T18:00:41Z,1957
10.1764435360616,46.6681171160698,2020-07-30T19:00:42Z,1974
10.1772492888052,46.6679582926801,2020-07-30T20:00:13Z,1987
10.1772047670117,46.6677600720264,2020-07-30T21:00:14Z,1987
10.1786016294085,46.6675162973891,2020-07-30T22:00:41Z,2000
10.1801012962057,46.6669917338168,2020-07-30T23:00:17Z,2069
10.1804856569792,46.6666633355796,2020-07-31T00:00:42Z,2054
10.1804329153006,46.6666334236664,2020-07-31T01:00:14Z,2054
10.1855514248089,46.6651472265062,2020-07-31T02:00:42Z,2113
10.1847249891306,46.6655073504001,2020-07-31T03:00:30Z,2125
10.1825898482472,46.6657706004702,2020-07-31T04:00:42Z,2091
10.1795226440022,46.6658033656497,2020-07-31T05:00:17Z,2009
10.1784129558141,46.6655523284676,2020-07-31T06:00:42Z,1977
10.1773365774333,46.6654188540807,2020-07-31T07:00:24Z,1940
10.1784765168822,46.6637241874524,2020-07-31T08:00:42Z,1920
10.1761069122892,46.6665855896217,2020-07-31T09:00:42Z,1922
10.1761032863174,46.6666371839166,2020-07-31T10:00:14Z,1922
10.1761016347497,46.6665276794565,2020-07-31T11:00:45Z,1922
10.1763676910904,46.6665355671204,2020-07-31T12:00:17Z,1922
10.1761725185661,46.6666390339542,2020-07-31T13:00:42Z,1922
10.176101306572,46.6666501826193,2020-07-31T14:00:42Z,1922
10.1760271253453,46.6665419749988,2020-07-31T15:00:21Z,1922
10.1760907568467,46.6666269200137,2020-07-31T16:00:42Z,1922
10.1739801152959,46.6663048624916,2020-07-31T17:00:15Z,1868
10.1716335412022,46.6643491326769,2020-07-31T18:01:12Z,1826
10.1711575129625,46.6640391897399,2020-07-31T19:00:08Z,1807
10.1614266465619,46.6685644033762,2020-07-31T20:00:36Z,1636
10.1622998678503,46.6708847549963,2020-07-31T21:01:00Z,1680
10.1614658132344,46.6702052961473,2020-07-31T22:00:42Z,1667
10.1659627733669,46.6657523214881,2020-07-31T23:00:42Z,1754
10.1659515990972,46.6658074558224,2020-08-01T00:00:33Z,1754
10.1696154114196,46.662747874986,2020-08-01T01:00:16Z,1768
10.1718888531093,46.661660634232,2020-08-01T02:00:35Z,1767
10.1734362741309,46.6622631248474,2020-08-01T03:01:09Z,1798
10.1759196415151,46.6652177001892,2020-08-01T04:01:00Z,1896
10.1771252690863,46.6656808914436,2020-08-01T05:00:37Z,1940
10.1769964102026,46.6671479171139,2020-08-01T06:01:04Z,1955
10.1769087016857,46.6670822270195,2020-08-01T07:01:42Z,1955
10.1767290216825,46.6668339665798,2020-08-01T08:01:12Z,1936
10.176079217276,46.666570043195,2020-08-01T09:00:41Z,1922
10.1761187800571,46.6665940190607,2020-08-01T10:00:15Z,1922
10.1761177901639,46.6665542335599,2020-08-01T11:00:42Z,1922
10.1761115281393,46.6666663508925,2020-08-01T12:00:14Z,1922
10.1761266937381,46.666677804869,2020-08-01T13:00:42Z,1922
10.1759875671862,46.6666537561809,2020-08-01T14:00:14Z,1922
10.1760907568467,46.6666269200137,2020-08-01T15:00:42Z,1922
10.1771279319562,46.6665460388874,2020-08-01T16:00:12Z,1952
10.1781819224502,46.6668638124086,2020-08-01T17:00:16Z,1968
10.1781753443054,46.6671848277892,2020-08-01T18:00:41Z,1983
10.1794705763601,46.6663368703969,2020-08-01T19:00:42Z,2020
10.1884698777356,46.6657414404435,2020-08-01T20:00:11Z,2062
10.1882526185131,46.6657030781551,2020-08-01T21:00:42Z,2062
10.1873623840185,46.6654228962413,2020-08-01T22:00:25Z,2090
10.1866263449843,46.6645981233583,2020-08-01T23:00:21Z,2100
10.1863738384638,46.6646217911303,2020-08-02T00:00:45Z,2107
10.1880054358935,46.6661117334356,2020-08-02T01:00:12Z,2080
10.184926074688,46.6653031745814,2020-08-02T02:00:12Z,2125
10.1840482082659,46.665532152377,2020-08-02T03:00:42Z,2119
10.1815352145641,46.6654880628572,2020-08-02T04:00:12Z,2057
10.1789078709968,46.6670439712169,2020-08-02T05:00:18Z,2021
10.1769558549358,46.6670718129428,2020-08-02T06:02:12Z,1955
10.1768866117021,46.6670761432732,2020-08-02T07:00:42Z,1955
10.1769611231622,46.6670001362148,2020-08-02T08:00:42Z,1955
10.1769690385831,46.6670407229372,2020-08-02T09:00:14Z,1955
10.1760788890405,46.6665876339658,2020-08-02T10:00:42Z,1922
10.1761069122892,46.6665732469432,2020-08-02T11:00:42Z,1922
10.1760614155493,46.6665512276316,2020-08-02T12:00:15Z,1922
10.1761220778804,46.6665600155696,2020-08-02T13:00:41Z,1922
10.1760564714332,46.6665867984923,2020-08-02T14:00:15Z,1922
10.1757251373613,46.6664338183309,2020-08-02T15:00:43Z,1909
10.1745020128398,46.6661316936536,2020-08-02T16:00:42Z,1871
10.1720238469621,46.6650987762804,2020-08-02T17:00:15Z,1845
10.1716440568786,46.6651931911411,2020-08-02T18:00:42Z,1839
10.1705683326543,46.664759095788,2020-08-02T19:00:21Z,1831
10.1705686749284,46.6645501886897,2020-08-02T20:00:42Z,1819
10.1705808925297,46.6642509679201,2020-08-02T21:00:42Z,1819
10.1697683729212,46.6628414245486,2020-08-02T22:00:38Z,1768
10.1628098203372,46.6658611440556,2020-08-02T23:00:42Z,1666
10.1614170453562,46.6700321310662,2020-08-03T00:02:59Z,1667
10.1628378793226,46.6684961295577,2020-08-03T01:02:21Z,1681
10.1720722654996,46.659691167532,2020-08-03T02:00:42Z,1745
10.1721955704116,46.6596278999031,2020-08-03T03:00:42Z,1745
10.1736703736851,46.6609166623962,2020-08-03T04:00:15Z,1786
10.1729470373276,46.6626260967474,2020-08-03T05:00:16Z,1805
10.1729747452789,46.6624133233316,2020-08-03T06:00:42Z,1805
10.1733544402494,46.6644109702301,2020-08-03T07:00:16Z,1837
10.1745768513327,46.6661121509895,2020-08-03T08:00:36Z,1871
10.1761695486709,46.6665690481177,2020-08-03T09:00:15Z,1922
10.1761316377021,46.6665620067423,2020-08-03T10:00:34Z,1922
10.1760782274389,46.666517915089,2020-08-03T11:00:41Z,1922
10.1760884489305,46.6665402544421,2020-08-03T12:00:10Z,1922
10.1763835116218,46.6663390424753,2020-08-03T13:00:42Z,1906
10.1768355076182,46.6664337052847,2020-08-03T14:00:11Z,1936
10.1770788099821,46.6665077297799,2020-08-03T15:01:12Z,1952
10.1777061953368,46.666826353305,2020-08-03T16:00:36Z,1968
10.1783408288289,46.6667640783705,2020-08-03T17:00:31Z,1986
10.1782953312473,46.6668469711507,2020-08-03T18:01:36Z,1986
10.1786748294975,46.6676217456266,2020-08-03T19:00:42Z,2020
10.1782313912665,46.667316504087196,2020-08-03T20:00:14Z,2000
10.1781084251363,46.667312842204304,2020-08-03T21:00:41Z,1983
10.1779247946425,46.6675287256474,2020-08-03T22:00:09Z,1983
10.1774273140251,46.6677267751308,2020-08-03T23:00:10Z,1987
10.1762453962288,46.668471488222,2020-08-04T00:01:10Z,1981
10.1755893100374,46.6688627441588,2020-08-04T01:00:42Z,1984
10.1746539663792,46.6689316168435,2020-08-04T02:00:42Z,1962
10.1744320828097,46.6688556675046,2020-08-04T03:00:42Z,1962
10.1745451661104,46.6688934511269,2020-08-04T04:00:10Z,1962
10.1740690935948,46.6684415959259,2020-08-04T05:00:12Z,1944
10.174578477939,46.6680174824062,2020-08-04T06:02:12Z,1932
10.1736609444536,46.6681853810859,2020-08-04T07:00:11Z,1944
10.1734615050206,46.6672031012325,2020-08-04T08:00:59Z,1903
10.1734423949953,46.6667239387411,2020-08-04T09:00:42Z,1882
10.1732980008866,46.6665494058681,2020-08-04T10:00:11Z,1882
10.1733471247067,46.6665074893162,2020-08-04T11:00:12Z,1882
10.1743899111136,46.6665101392811,2020-08-04T12:01:30Z,1889
10.1729808571512,46.6661582597186,2020-08-04T13:00:12Z,1867
10.1729406259988,46.6663299195089,2020-08-04T14:00:42Z,1867
10.1733009588533,46.6667366477274,2020-08-04T15:00:58Z,1882
10.1742514258768,46.6677592027054,2020-08-04T16:00:42Z,1932
10.1743724279437,46.667664782055,2020-08-04T17:00:15Z,1932
10.1740140331439,46.6687384825617,2020-08-04T18:00:53Z,1944
10.1743582187047,46.6695629593765,2020-08-04T19:00:42Z,1974
10.1734746426114,46.6688999321116,2020-08-04T20:00:44Z,1949
10.1734350817593,46.6688450984907,2020-08-04T21:00:40Z,1949
10.1733427669651,46.6688590897264,2020-08-04T22:00:14Z,1949
10.174428777833,46.6693524986244,2020-08-04T23:00:14Z,1974
10.1752658791761,46.6691946714823,2020-08-05T00:01:59Z,1984
10.1751458709218,46.6689524437077,2020-08-05T01:00:42Z,1970
10.175134332027,46.6689079091848,2020-08-05T02:00:16Z,1970
10.175031140633,46.6687619532554,2020-08-05T03:00:43Z,1970
10.1755233714358,46.6689379790586,2020-08-05T04:00:16Z,1984
10.176844449787,46.6688837945665,2020-08-05T05:00:33Z,2021
10.1774560047365,46.6681215203795,2020-08-05T06:00:42Z,1987
10.1792530320393,46.6669393608816,2020-08-05T07:00:23Z,2008
10.1786447057805,46.6652917644525,2020-08-05T08:00:42Z,1977
10.1782533337601,46.6636260429807,2020-08-05T09:00:16Z,1920
10.1759763604013,46.6666409900415,2020-08-05T10:00:18Z,1922
10.1761151541016,46.6665900713274,2020-08-05T11:00:42Z,1922
10.1761164721343,46.6665320387494,2020-08-05T12:00:08Z,1922
10.1761230677825,46.6666923711945,2020-08-05T13:00:36Z,1922
10.1761075686157,46.6665874360216,2020-08-05T14:00:21Z,1922
10.1760541635175,46.6666914441825,2020-08-05T15:00:42Z,1922
10.1758982242539,46.6671141854518,2020-08-05T16:00:30Z,1943
10.1724553766481,46.6654820207218,2020-08-05T17:00:16Z,1857
10.1723432875587,46.6654901953195,2020-08-05T18:00:41Z,1857
10.1777886458453,46.6676734064446,2020-08-05T19:01:10Z,2003
10.1846410030081,46.6659392833099,2020-08-05T20:00:44Z,2138
10.1884684570592,46.6653181315529,2020-08-05T21:00:42Z,2062
10.1862625571228,46.6635713189396,2020-08-05T22:00:16Z,2107
10.1857673972256,46.6636956343792,2020-08-05T23:00:36Z,2111
10.1855597839977,46.6639369396124,2020-08-06T00:00:15Z,2111
10.1885726128604,46.6651953022521,2020-08-06T01:00:14Z,2061
10.1863772507408,46.6652172320941,2020-08-06T02:02:05Z,2109
10.1860287238158,46.6648189873815,2020-08-06T03:00:42Z,2109
10.1848929055457,46.6663148944301,2020-08-06T04:00:14Z,2137
10.1798040618321,46.6695191442606,2020-08-06T05:00:15Z,2129
10.1774408735855,46.6698194317132,2020-08-06T06:01:43Z,2068
10.1766898381636,46.6700013486087,2020-08-06T07:00:15Z,2072
10.1766219118877,46.6692379822014,2020-08-06T08:00:58Z,2021
10.1744086343375,46.6717956263475,2020-08-06T09:00:42Z,2088
10.1744284160401,46.6718014458349,2020-08-06T10:00:27Z,2088
10.1786587268656,46.6693230714699,2020-08-06T11:00:42Z,2080
10.1786326895344,46.6693553214631,2020-08-06T12:00:44Z,2104
10.1786795037598,46.6693810166586,2020-08-06T13:00:15Z,2104
10.178741805757,46.66931417711,2020-08-06T14:00:23Z,2080
10.1787127881297,46.6691777022607,2020-08-06T15:01:12Z,2080
10.1788997224849,46.6691376376059,2020-08-06T16:00:42Z,2098
10.1793088615349,46.6689831312961,2020-08-06T17:00:16Z,2098
10.1794911782582,46.6693189519077,2020-08-06T18:01:12Z,2113
10.1770336938726,46.6691093503254,2020-08-06T19:00:36Z,2041
10.1744373435156,46.6697528474388,2020-08-06T20:00:14Z,1974
10.1739227056647,46.6690267585337,2020-08-06T21:00:42Z,1957
10.1740555818325,46.6688358546834,2020-08-06T22:00:16Z,1957
10.174559012022801,46.669049331267,2020-08-06T23:00:36Z,1962
10.1776775433127,46.6678077657748,2020-08-07T00:00:42Z,2003
10.1786817263707,46.6672831393049,2020-08-07T01:00:18Z,2000
10.1786243643924,46.6672526933804,2020-08-07T02:00:46Z,2000
10.1785779009227,46.6676352068995,2020-08-07T03:00:42Z,2020
10.1791966319285,46.6664056447772,2020-08-07T04:00:16Z,2008
10.1787637214606,46.6655188963099,2020-08-07T05:00:36Z,1977
10.178850097842,46.6654204568367,2020-08-07T06:00:20Z,1994
10.1779059178707,46.6653102336116,2020-08-07T07:00:44Z,1960
10.1769782710727,46.6670356199426,2020-08-07T08:01:12Z,1955
10.1770451932561,46.6670618863612,2020-08-07T09:00:09Z,1969
10.1770521176617,46.6670565163274,2020-08-07T10:00:10Z,1969
10.1769406891359,46.6671159003402,2020-08-07T11:00:42Z,1955
10.1760564714332,46.6665682844445,2020-08-07T12:00:15Z,1922
10.1750865381669,46.6664973794612,2020-08-07T13:00:42Z,1897
10.1746549852045,46.6660709463756,2020-08-07T14:00:19Z,1871
10.1737629010467,46.664779203024104,2020-08-07T15:00:42Z,1851
10.1738769634609,46.6648320813327,2020-08-07T16:00:16Z,1851
10.1737012718294,46.664119669808,2020-08-07T17:00:32Z,1840
10.1715926619696,46.6642844430836,2020-08-07T18:01:00Z,1826
10.1706953291854,46.6638110758504,2020-08-07T19:00:15Z,1803
10.1610913370108,46.6687089043024,2020-08-07T20:00:42Z,1630
10.1608662851673,46.6695441818912,2020-08-07T21:00:47Z,1646
10.1611846036274,46.6699514037007,2020-08-07T22:00:41Z,1667
10.1621376656721,46.670746931928,2020-08-07T23:00:42Z,1672
10.1614983204832,46.6706975054387,2020-08-08T00:01:12Z,1668
10.159214548643,46.6697564902407,2020-08-08T01:00:36Z,1630
10.161714025469,46.6704782909323,2020-08-08T02:00:30Z,1677
10.1659431710622,46.6647590897784,2020-08-08T04:00:41Z,1746
10.1656848586946,46.667884521624,2020-08-08T05:00:10Z,1772
10.1653581624479,46.6677135287607,2020-08-08T06:00:42Z,1772
10.1652470463303,46.6676380555581,2020-08-08T07:00:10Z,1772
10.1651227152433,46.6679269241555,2020-08-08T08:00:41Z,1758
10.164869439504301,46.668035107312,2020-08-08T09:00:09Z,1758
10.1650188715127,46.6674952359031,2020-08-08T10:00:10Z,1750
10.1649948417607,46.6674219178122,2020-08-08T11:00:42Z,1750
10.1648576513391,46.6674218876945,2020-08-08T12:00:11Z,1750
10.1649984782828,46.6673332944485,2020-08-08T13:00:42Z,1750
10.165031111999,46.6673873301501,2020-08-08T14:00:42Z,1750
10.164615999929,46.6674882100103,2020-08-08T15:00:11Z,1735
10.1646954571327,46.667444522634,2020-08-08T16:00:10Z,1750
10.1647538080211,46.6675024209267,2020-08-08T17:00:42Z,1750
10.1648549889856,46.6677107539677,2020-08-08T18:00:15Z,1758
10.1661371156784,46.6662697737296,2020-08-08T19:00:42Z,1762
10.1611051654023,46.6686549688709,2020-08-08T20:00:42Z,1630
10.1609564325665,46.6688140543242,2020-08-08T21:00:42Z,1636
10.1612278129794,46.6686947561927,2020-08-08T22:01:02Z,1636
10.1613096873819,46.6695841417873,2020-08-08T23:00:43Z,1659
10.1628144303149,46.6657937901809,2020-08-09T00:01:43Z,1663
10.1672146480667,46.6631281905497,2020-08-09T01:01:30Z,1727
10.1679386511732,46.6629264594367,2020-08-09T02:00:42Z,1743
10.1731672639362,46.6623456850899,2020-08-09T03:00:48Z,1805
10.1742406343221,46.6632608622875,2020-08-09T04:00:58Z,1831
10.1749846883014,46.6640840921875,2020-08-09T05:00:42Z,1855
10.1763082600573,46.659945714167,2020-08-09T06:00:12Z,1828
10.176314193137,46.6598758681534,2020-08-09T07:00:13Z,1823
10.1766283579319,46.6604870742284,2020-08-09T08:00:41Z,1844
10.1785088335521,46.6637526023602,2020-08-09T09:00:12Z,1920
10.1795439875186,46.6640056074282,2020-08-09T10:00:42Z,1951
10.1793296836197,46.6639199805499,2020-08-09T11:00:14Z,1935
10.1794642182816,46.6640668917099,2020-08-09T12:00:43Z,1968
10.1761444953461,46.6666287356655,2020-08-09T13:00:17Z,1922
10.1760225141874,46.6666895408547,2020-08-09T14:00:30Z,1922
10.1760825150313,46.6666409522969,2020-08-09T15:00:47Z,1922
10.1761352636387,46.6666276677052,2020-08-09T16:00:22Z,1922
10.1761362535565,46.6666365966344,2020-08-09T17:00:42Z,1922
10.1757337104703,46.6669267460937,2020-08-09T18:00:58Z,1909
10.1708931446649,46.6637026377579,2020-08-09T19:00:18Z,1803
10.1704250730501,46.6626433216683,2020-08-09T20:00:41Z,1768
10.1684100841928,46.6604702149926,2020-08-09T21:00:42Z,1716
10.1683899616227,46.660586904739,2020-08-09T22:00:13Z,1730
10.1628813895538,46.6658385846301,2020-08-09T23:02:30Z,1666
10.1612743832166,46.669627661244,2020-08-10T00:01:00Z,1659
10.1613175713018,46.6698345558503,2020-08-10T01:00:42Z,1659
10.166324380491,46.6640512322977,2020-08-10T02:00:10Z,1733
10.1671008848683,46.663174947925,2020-08-10T03:00:41Z,1727
10.168853199689,46.6627318240573,2020-08-10T04:00:13Z,1763
10.1717634388213,46.6642054880623,2020-08-10T05:01:08Z,1831
10.1737197302623,46.6641650035154,2020-08-10T06:00:42Z,1840
10.1737385229526,46.6641680649641,2020-08-10T07:00:09Z,1840
10.1745395981743,46.6659279843691,2020-08-10T08:00:43Z,1871
10.1761273499641,46.6665994239206,2020-08-10T09:00:47Z,1922
10.1761583429384,46.6666488515814,2020-08-10T10:00:19Z,1922
10.1761006448832,46.666666861883,2020-08-10T11:00:42Z,1922
10.1761224060058,46.6666226520559,2020-08-10T12:00:24Z,1922
10.1761527371277,46.6665961894208,2020-08-10T13:00:41Z,1922
10.1760907568467,46.6666269200137,2020-08-10T14:00:43Z,1922
10.1770705686984,46.6666019889578,2020-08-10T15:00:42Z,1952
10.1771971764734,46.6668440987802,2020-08-10T16:00:18Z,1952
10.1776785157957,46.6672180983436,2020-08-10T17:01:00Z,1983
10.1780217002528,46.6670586047605,2020-08-10T18:00:42Z,1983
10.1844268973901,46.6647808127407,2020-08-10T19:00:13Z,2112
10.1886589358489,46.6664103750515,2020-08-10T20:00:18Z,2074
10.1886498706498,46.6657005570443,2020-08-10T21:00:42Z,2062
10.1885684059904,46.6655350955014,2020-08-10T22:00:12Z,2062
10.1876569687989,46.6646591694127,2020-08-10T23:00:42Z,2075
10.1868251155176,46.6642702467653,2020-08-11T00:01:30Z,2100
10.1861706529754,46.6638886159286,2020-08-11T01:00:13Z,2107
10.186306447329,46.6638355772596,2020-08-11T02:00:42Z,2107
10.1863087573503,46.6638420148763,2020-08-11T03:00:37Z,2107
10.1838057081818,46.6639921999442,2020-08-11T04:00:27Z,2099
10.1815177396527,46.6652912035229,2020-08-11T05:00:45Z,2057
10.1801714294056,46.6661077122438,2020-08-11T06:00:43Z,2041
10.1780902346937,46.6660588892333,2020-08-11T07:00:17Z,1961
10.1769621142269,46.6670275792716,2020-08-11T08:00:42Z,1955
10.1769017773928,46.6670073712146,2020-08-11T09:00:31Z,1955
10.1770188127075,46.6669265949092,2020-08-11T10:00:21Z,1936
10.1762799956043,46.6665932945748,2020-08-11T11:00:42Z,1922
10.1760831766518,46.6666674722281,2020-08-11T12:00:21Z,1922
10.1749863149108,46.6664214150662,2020-08-11T13:00:42Z,1897
10.1736785497755,46.6631983859026,2020-08-11T14:00:14Z,1822
10.1729805438769,46.6658055810825,2020-08-11T15:00:50Z,1858
10.1732317195811,46.6670371904491,2020-08-11T16:00:41Z,1903
10.1732363341727,46.6670438960064,2020-08-11T17:00:14Z,1903
10.172152023511,46.6663328952232,2020-08-11T18:00:42Z,1865
10.1700272822789,46.6651134030534,2020-08-11T19:00:15Z,1819
10.1620292076822,46.6706479574325,2020-08-11T20:00:45Z,1672
10.1618844760536,46.6705712268061,2020-08-11T21:01:06Z,1672
10.1616946159382,46.6702697356846,2020-08-11T22:01:03Z,1667
10.1617022605893,46.6706241191525,2020-08-11T23:01:31Z,1668
10.1618725866451,46.6706491973851,2020-08-12T00:00:42Z,1672
10.1618785313536,46.6707521470631,2020-08-12T01:00:17Z,1672
10.1616631918011,46.6707933128116,2020-08-12T02:00:36Z,1668
10.1614344034133,46.6691357377928,2020-08-12T03:03:42Z,1647
10.1636267792931,46.6644182558738,2020-08-12T04:00:25Z,1659
10.1707536356573,46.6643441589065,2020-08-12T05:01:17Z,1819
10.1733863874229,46.6651728558756,2020-08-12T06:00:17Z,1850
10.1733857364274,46.6651093114493,2020-08-12T07:00:31Z,1850
10.1741894793388,46.6656546813535,2020-08-12T08:01:42Z,1861
10.1760775709622,46.666596295888,2020-08-12T09:00:16Z,1922
10.1761046043657,46.6665668086238,2020-08-12T10:00:36Z,1922
10.1762239491345,46.6665973833318,2020-08-12T11:00:15Z,1922
10.1761102100981,46.6666935268621,2020-08-12T12:00:42Z,1922
10.176069985638,46.6665874892331,2020-08-12T13:00:42Z,1922
10.1761224060058,46.6666226520559,2020-08-12T14:00:44Z,1922
10.1761336175324,46.6666909485208,2020-08-12T15:00:43Z,1922
10.1758804186549,46.6665955058456,2020-08-12T16:00:42Z,1922
10.1740888743016,46.6686140326448,2020-08-12T17:01:06Z,1949
10.174113603376,46.6686398166318,2020-08-12T18:00:42Z,1949
10.17470177149,46.6692377686093,2020-08-12T19:00:14Z,1970
10.1768840022373,46.6683030064225,2020-08-12T20:00:42Z,1996
10.1771919245326,46.6680759530186,2020-08-12T21:01:12Z,1987
10.1771414847213,46.6681018489511,2020-08-12T22:00:42Z,1987
10.1774982027504,46.6680973147354,2020-08-12T23:00:42Z,1987
10.1786451407189,46.6674155467833,2020-08-13T00:00:42Z,2000
10.1786906674757,46.6676905776158,2020-08-13T01:00:20Z,2020
10.1786969211207,46.6678006200924,2020-08-13T02:01:06Z,2020
10.179506519803,46.6662643278882,2020-08-13T03:00:42Z,2020
10.1795862910088,46.6661660137444,2020-08-13T04:00:17Z,2020
10.1801420932306,46.6659456236743,2020-08-13T05:01:21Z,2041
10.1787956887104,46.665410641411,2020-08-13T06:00:34Z,1994
10.1785711867775,46.6652162490963,2020-08-13T07:00:30Z,1965
10.1769964102026,46.6670800332901,2020-08-13T08:01:00Z,1955
10.1768948656123,46.6671299870451,2020-08-13T09:00:19Z,1955
10.1767840773421,46.6668518048287,2020-08-13T10:00:58Z,1936
10.1769551898799,46.6671131752558,2020-08-13T11:00:11Z,1955
10.1769410151758,46.6670427673947,2020-08-13T12:00:42Z,1955
10.1771915839447,46.6672110736064,2020-08-13T13:00:12Z,1969
10.1773089449522,46.6672237865999,2020-08-13T14:00:15Z,1969
10.1744004513239,46.6676133689013,2020-08-13T15:00:36Z,1932
10.1741812006141,46.6678780184859,2020-08-13T16:01:12Z,1932
10.1735468777976,46.66796587548,2020-08-13T17:00:42Z,1926
10.1735204922643,46.6681699946674,2020-08-13T18:00:13Z,1944
10.1766914609329,46.6681484719517,2020-08-13T19:00:42Z,1974
10.1784028338405,46.667535593693,2020-08-13T20:01:05Z,2000
10.178626672869,46.6672406181477,2020-08-13T21:00:42Z,2000
10.1786068899561,46.6672779997509,2020-08-13T22:00:17Z,2000
10.1790545927901,46.6672372740286,2020-08-13T23:01:00Z,2021
10.1793364620396,46.6672090836935,2020-08-14T00:01:02Z,2021
10.179392508936,46.6672481916351,2020-08-14T01:00:42Z,2044
10.1793608626026,46.6672524608655,2020-08-14T02:00:14Z,2021
10.1795187743034,46.6670882568878,2020-08-14T03:00:42Z,2044
10.1798582816375,46.6663385597791,2020-08-14T04:00:20Z,2020
10.1805148574511,46.6646531857502,2020-08-14T05:00:42Z,2007
10.1791263487121,46.6652902387513,2020-08-14T06:01:12Z,1994
10.1768885936234,46.6670261185718,2020-08-14T07:00:42Z,1955
10.1769363989505,46.6670977743431,2020-08-14T08:00:42Z,1955
10.1770003612461,46.667078731161,2020-08-14T09:00:31Z,1955
10.1770003612461,46.667060217425004,2020-08-14T10:00:21Z,1955
10.1761105382542,46.6665586806888,2020-08-14T11:00:11Z,1922
10.1760953726822,46.6665472266995,2020-08-14T12:00:41Z,1922
10.1760324025471,46.66655051446,2020-08-14T13:00:42Z,1922
10.1758243723078,46.6664514822141,2020-08-14T14:00:22Z,1909
10.1727863325353,46.666448696571,2020-08-14T15:00:42Z,1881
10.1738512934911,46.6633347750885,2020-08-14T16:00:41Z,1822
10.172762736384,46.663019108025,2020-08-14T17:00:39Z,1800
10.1714541800195,46.6646757128735,2020-08-14T18:00:42Z,1839
10.1718238296629,46.6691265834377,2020-08-14T19:00:11Z,1931
10.1741231542332,46.6691354927202,2020-08-14T20:00:42Z,1962
10.1743707546696,46.6690178311629,2020-08-14T21:00:42Z,1962
10.174310091511,46.6690213829619,2020-08-14T22:00:38Z,1962
10.1753911637637,46.6691368901755,2020-08-14T23:00:42Z,1984
10.1765094791764,46.6686343068727,2020-08-15T00:01:13Z,1996
10.1776541362184,46.6677362913624,2020-08-15T01:00:14Z,2003
10.1776603932524,46.6676735430899,2020-08-15T02:00:42Z,2003
10.1778489861245,46.6680206844242,2020-08-15T03:00:35Z,2003
10.1783491207586,46.6682002543632,2020-08-15T04:00:15Z,2048
10.1783620042047,46.6686989537428,2020-08-15T05:00:42Z,2048
10.1782990306904,46.668615846934,2020-08-15T06:00:15Z,2048
10.1780177981067,46.6687878045045,2020-08-15T07:00:24Z,2061
10.1787071775399,46.6688782048388,2020-08-15T08:00:41Z,2080
10.1787233373455,46.6689171022527,2020-08-15T09:00:13Z,2080
10.1787556571091,46.6689393591019,2020-08-15T10:00:16Z,2080
10.1787071775399,46.6688658630378,2020-08-15T11:00:42Z,2080
10.1790263121265,46.6689045758209,2020-08-15T12:00:43Z,2098
10.178784323966,46.6687231670194,2020-08-15T13:00:16Z,2048
10.1788568532097,46.6687774055933,2020-08-15T14:00:42Z,2098
10.1787866325233,46.6687481181378,2020-08-15T15:00:15Z,2070
10.1785805867288,46.6693457585618,2020-08-15T16:00:21Z,2104
10.1786142212527,46.6693346687306,2020-08-15T17:00:41Z,2080
10.1872924949413,46.6667882557224,2020-08-15T18:00:13Z,2105
10.188612722568,46.6659730557618,2020-08-15T19:00:12Z,2067
10.1885749234668,46.6652140827101,2020-08-15T20:00:41Z,2061
10.1887539073112,46.6650099881508,2020-08-15T21:00:13Z,2061
10.1888846080633,46.6656765816864,2020-08-15T22:00:12Z,2049
10.187648434419,46.6648574152115,2020-08-15T23:00:42Z,2075
10.1879417093098,46.6643121730363,2020-08-16T00:00:42Z,2074
10.1878879737451,46.6643103630402,2020-08-16T01:00:13Z,2074
10.1867855420065,46.6641969058213,2020-08-16T02:00:42Z,2100
10.1845018709141,46.6636884361892,2020-08-16T03:00:13Z,2107
10.1835043931241,46.6639229396475,2020-08-16T04:00:42Z,2099
10.1822792256827,46.6649967642461,2020-08-16T05:01:30Z,2059
10.1760409679218,46.6665250754869,2020-08-16T06:00:23Z,1922
10.1760933929629,46.666547883027,2020-08-16T07:00:43Z,1922
10.1761052607038,46.6665316272426,2020-08-16T08:00:42Z,1922
10.1761105382542,46.666577194697,2020-08-16T09:00:43Z,1922
10.176081853416,46.6664971775908,2020-08-16T10:00:18Z,1922
10.1760835048773,46.6666622238995,2020-08-16T11:00:42Z,1922
10.1761128461774,46.6666823741719,2020-08-16T12:00:13Z,1922
10.1760544918164,46.6666368253029,2020-08-16T13:00:15Z,1922
10.175988881051,46.6664908235563,2020-08-16T14:01:14Z,1922
10.176109548372,46.6666361503456,2020-08-16T15:00:13Z,1922
10.1745359707516,46.6660906648533,2020-08-16T16:00:13Z,1871
10.1729960220975,46.6660709714964,2020-08-16T17:00:41Z,1867
10.1726181438083,46.6677260533251,2020-08-16T18:00:13Z,1916
10.173684336601,46.6686764934811,2020-08-16T19:00:39Z,1944
10.1763541936279,46.6684602846894,2020-08-16T20:00:41Z,1981
10.1748171632264,46.6691647427831,2020-08-16T21:00:42Z,1970
10.1741488706002,46.6691208398343,2020-08-16T22:00:14Z,1962
10.1741848044961,46.6691902408219,2020-08-16T23:01:30Z,1962
10.1744426236643,46.6694836939338,2020-08-17T00:01:00Z,1974
10.1752991793903,46.6689419868569,2020-08-17T01:00:14Z,1984
10.175410286405,46.6689125384119,2020-08-17T02:01:06Z,1984
10.1753703932633,46.6689431823435,2020-08-17T03:00:14Z,1984
10.1760581326586,46.6687389595303,2020-08-17T04:00:22Z,1981
10.1770142236346,46.668123256698,2020-08-17T05:01:34Z,1974
10.1782356360896,46.6663966239635,2020-08-17T06:00:25Z,1980
10.1775871400364,46.6657599546814,2020-08-17T07:00:42Z,1940
10.1761599889505,46.6665485430078,2020-08-17T08:00:42Z,1922
10.1760103178278,46.6665937894868,2020-08-17T09:00:10Z,1922
10.1760838331012,46.6665026924656,2020-08-17T10:00:42Z,1922
10.1761174620268,46.6665656529585,2020-08-17T11:00:09Z,1922
10.1763502175091,46.6665423602151,2020-08-17T12:01:09Z,1922
10.176065041555,46.6665551754085,2020-08-17T13:00:42Z,1922
10.1767867118372,46.6664148334383,2020-08-17T14:00:48Z,1936
10.1763047279046,46.667297912542,2020-08-17T15:00:19Z,1943
10.1742049420688,46.6677776216565,2020-08-17T16:00:42Z,1932
10.1735534652967,46.6680953517535,2020-08-17T17:00:45Z,1926
10.1717790118148,46.6687423051906,2020-08-17T18:01:01Z,1921
10.1689761647231,46.6692974178759,2020-08-17T19:00:42Z,1883
10.1674626671668,46.6710749288601,2020-08-17T20:02:42Z,1826
10.1670933769808,46.6717973338888,2020-08-17T21:00:42Z,1788
10.1673106596815,46.67196532383,2020-08-17T22:00:13Z,1788
10.1620397623222,46.6706095084673,2020-08-17T23:00:42Z,1672
10.1611094084516,46.6687224712739,2020-08-18T00:01:08Z,1630
10.1666693145845,46.6631681149579,2020-08-18T01:00:25Z,1707
10.1676709506881,46.6630126933573,2020-08-18T02:00:41Z,1743
10.1678701011654,46.6628894296347,2020-08-18T03:00:17Z,1743
10.1727571619693,46.6623307918659,2020-08-18T04:00:19Z,1790
10.172421529568,46.6635606020984,2020-08-18T05:01:26Z,1817
10.1736814926497,46.6641632273755,2020-08-18T06:01:00Z,1840
10.1737665448757,46.6641660207325,2020-08-18T07:00:42Z,1840
10.1738697223123,46.6641021276711,2020-08-18T08:00:09Z,1840
10.1742112691155,46.6644009152029,2020-08-18T09:00:42Z,1845
10.1747627934547,46.6659891035011,2020-08-18T10:00:09Z,1879
10.1760617438291,46.6665274656061,2020-08-18T11:00:13Z,1922
10.1760927365634,46.6665707218258,2020-08-18T12:00:41Z,1922
10.1760258072151,46.6665259515636,2020-08-18T13:00:09Z,1922
10.1760825150313,46.6666347809778,2020-08-18T14:00:59Z,1922
10.1761075740065,46.6666923369271,2020-08-18T15:00:42Z,1922
10.1763930789164,46.6668532409137,2020-08-18T16:00:11Z,1922
10.1745075974841,46.6678814416081,2020-08-18T17:00:42Z,1932
10.1740123926506,46.6682895644162,2020-08-18T18:00:39Z,1944
10.1736467486401,46.6688308249854,2020-08-18T19:00:11Z,1957
10.1739471013502,46.6690763086084,2020-08-18T20:00:42Z,1957
10.1739662287413,46.6688334440344,2020-08-18T21:00:42Z,1957
10.1740390824886,46.6689256383047,2020-08-18T22:00:42Z,1957
10.1750426751114,46.669195268532,2020-08-18T23:00:42Z,1970
10.1757709722575,46.6691288631699,2020-08-19T00:00:42Z,1984
10.1755477688719,46.6692220253237,2020-08-19T01:00:17Z,1984
10.1756562387139,46.6692716148128,2020-08-19T02:00:36Z,1984
10.1757050322987,46.668691897365,2020-08-19T03:00:10Z,1968
10.1764441991151,46.668396655241,2020-08-19T04:00:19Z,1996
10.1764504516957,46.667648912942,2020-08-19T05:00:42Z,1974
10.1765658064167,46.6654344848267,2020-08-19T06:00:10Z,1920
10.1764293190082,46.6653190565036,2020-08-19T07:00:42Z,1900
10.1763238323418,46.6659627456757,2020-08-19T08:00:10Z,1906
10.1760551533265,46.6666016317798,2020-08-19T09:00:12Z,1922
10.1761105382542,46.6665710233623,2020-08-19T10:01:06Z,1922
10.1762094393565,46.6666371460841,2020-08-19T11:00:24Z,1922
10.176064713283001,46.6666838501945,2020-08-19T12:00:43Z,1922
10.1760429522824,46.6665861197945,2020-08-19T13:00:18Z,1922
10.1760037180605,46.666532210646,2020-08-19T14:01:30Z,1922
10.176016580218,46.6666729835343,2020-08-19T15:00:42Z,1922
10.1753746813415,46.6674370419483,2020-08-19T16:00:20Z,1932
10.1727157451766,46.6671837130494,2020-08-19T17:00:41Z,1899
10.1739283218594,46.668203128424,2020-08-19T18:01:14Z,1944
10.1783972239091,46.6674335627282,2020-08-19T19:00:18Z,2000
10.1799644833109,46.6670296693488,2020-08-19T20:00:41Z,2069
10.1799308472539,46.6669913956377,2020-08-19T21:00:07Z,2044
10.1800593790787,46.6664367822498,2020-08-19T22:00:21Z,2054
10.180545641941,46.6665653767041,2020-08-19T23:00:42Z,2054
10.1804401589403,46.6665055525099,2020-08-20T00:00:26Z,2054
10.1806260896823,46.6665244370738,2020-08-20T01:01:38Z,2077
10.1809537639906,46.6664698150438,2020-08-20T02:00:42Z,2077
10.1809030162555,46.6665256431143,2020-08-20T03:00:10Z,2077
10.1817501603377,46.6652731469858,2020-08-20T04:01:32Z,2073
10.17906998296,46.6654476874871,2020-08-20T05:01:06Z,1994
10.1760670212005,46.6665545191004,2020-08-20T06:00:40Z,1922
10.1762018597265,46.6665357578042,2020-08-20T07:00:42Z,1922
10.1760825150313,46.6665730677086,2020-08-20T08:00:42Z,1922
10.1760380081364,46.6666093479589,2020-08-20T09:00:42Z,1922
10.1759496512563,46.6665171289326,2020-08-20T10:00:15Z,1922
10.1761313095999,46.6666474822387,2020-08-20T11:00:44Z,1922
10.1760518556028,46.6666726632086,2020-08-20T12:00:11Z,1922
10.1760726217972,46.6665639941958,2020-08-20T13:00:42Z,1922
10.1761022964433,46.6666467689385,2020-08-20T14:00:52Z,1922
10.1761339456288,46.6666548435913,2020-08-20T15:00:43Z,1922
10.1706482932144,46.6666488505815,2020-08-20T16:00:15Z,1864
10.1732947276326,46.6656762286341,2020-08-20T17:01:31Z,1858
10.1729818655391,46.6656488049258,2020-08-20T18:00:42Z,1858
10.1759612028758,46.6686598528506,2020-08-20T19:00:16Z,1981
10.1790259278875,46.6675892304282,2020-08-20T20:01:06Z,2042
10.1796410231227,46.6664050920775,2020-08-20T21:00:42Z,2030
10.179662795877,46.666459620991,2020-08-20T22:00:18Z,2030
10.1823886327702,46.6647467295462,2020-08-20T23:01:12Z,2078
10.1871158895496,46.6643224070542,2020-08-21T00:00:39Z,2088
10.1882037997795,46.6656533565273,2020-08-21T01:00:19Z,2075
10.1872480677618,46.6642407313228,2020-08-21T02:01:06Z,2088
10.1863466239488,46.6637379781712,2020-08-21T03:00:16Z,2107
10.1861386157082,46.6636883333497,2020-08-21T04:00:53Z,2107
10.1836771446891,46.6640593072888,2020-08-21T05:00:42Z,2098
10.1814504636896,46.6648875786366,2020-08-21T06:00:25Z,2041
10.1797926045748,46.665223688837,2020-08-21T07:00:42Z,2009
10.1777374989172,46.6663274720229,2020-08-21T08:00:12Z,1961
10.1769680475082,46.6670688209487,2020-08-21T09:00:21Z,1955
10.1769884946838,46.6670826451269,2020-08-21T10:00:41Z,1955
10.1760264686096,46.6666635548775,2020-08-21T11:00:16Z,1922
10.1761105382542,46.6666389079656,2020-08-21T12:00:43Z,1922
10.1759885525873,46.6665145853821,2020-08-21T13:00:12Z,1922
10.1760933929629,46.6666095961798,2020-08-21T14:00:43Z,1922
10.1761382334004,46.6666791398784,2020-08-21T15:00:42Z,1922
10.1761715285983,46.6665869058172,2020-08-21T16:00:44Z,1922
10.1716869384826,46.6644425964754,2020-08-21T17:00:12Z,1826
10.1702891912552,46.6636159034335,2020-08-21T18:00:42Z,1797
10.1702099001791,46.6695302839137,2020-08-21T19:00:42Z,1909
10.1736685022209,46.6690890046995,2020-08-21T20:00:17Z,1957
10.174563295224,46.6692649337159,2020-08-21T21:00:42Z,1962
10.1746991320429,46.6691563622488,2020-08-21T22:00:15Z,1970
10.1785053723301,46.6676735323757,2020-08-21T23:00:42Z,2020
10.179148891667399,46.667383073242,2020-08-22T00:01:11Z,2021
10.1790641476946,46.6672762905261,2020-08-22T01:00:26Z,2021
10.1792474543893,46.6672384475025,2020-08-22T02:01:06Z,2021
10.178318763129,46.6674553320028,2020-08-22T03:00:40Z,2000
10.1787400817723,46.667217605253,2020-08-22T04:00:08Z,2000
10.1775726792965,46.6673424929311,2020-08-22T05:01:12Z,1969
10.176554631316,46.6674582117525,2020-08-22T06:00:50Z,1955
10.1770092543774,46.6669369469323,2020-08-22T07:00:42Z,1936
10.1769149737786,46.667081184403,2020-08-22T08:00:42Z,1955
10.1769182729016,46.6670780384235,2020-08-22T09:00:12Z,1955
10.1760976806016,46.6666462349481,2020-08-22T10:00:55Z,1922
10.176209773571,46.6666380575653,2020-08-22T11:00:42Z,1922
10.1761444953461,46.6666349069834,2020-08-22T12:00:12Z,1922
10.1753792981217,46.6671783896871,2020-08-22T13:00:24Z,1932
10.1742583485311,46.6680130219719,2020-08-22T14:00:41Z,1932
10.1738013961289,46.6679292379619,2020-08-22T15:00:35Z,1926
10.1741528684873,46.6674101380139,2020-08-22T16:00:24Z,1910
10.1743938510572,46.6679652423069,2020-08-22T17:00:41Z,1932
10.1749315724148,46.6684533318221,2020-08-22T18:00:32Z,1957
10.1750350943025,46.6689396121401,2020-08-22T19:00:42Z,1970
10.1742157903748,46.6694865155545,2020-08-22T20:01:27Z,1974
10.1732985915928,46.6687913789951,2020-08-22T21:00:42Z,1949
10.1733312300765,46.6688083838804,2020-08-22T22:00:13Z,1949
10.1739081931033,46.6690541742635,2020-08-22T23:00:44Z,1957
10.1760383507724,46.6686776028392,2020-08-23T00:00:14Z,1981
10.1787101002459,46.6677016470421,2020-08-23T01:01:29Z,2020
10.1786807615648,46.6676938414073,2020-08-23T02:00:42Z,2020
10.1789012970905,46.6673403000781,2020-08-23T03:00:12Z,2021
10.1794870921694,46.6668210034241,2020-08-23T04:00:16Z,2030
10.1810625005726,46.6656008234946,2020-08-23T05:00:43Z,2041
10.1792990672464,46.6648403548605,2020-08-23T06:00:42Z,1979
10.1770306242058,46.6645467766221,2020-08-23T07:00:42Z,1915
10.1760778992014,46.6665848764094,2020-08-23T08:00:12Z,1922
10.176105922411,46.6665890033969,2020-08-23T09:00:42Z,1922
10.1760673494666,46.666549271047,2020-08-23T10:00:11Z,1922
10.1760811969584,46.6665817296104,2020-08-23T11:00:42Z,1922
10.1760742732079,46.6666241279772,2020-08-23T12:00:17Z,1922
10.1760683392914,46.6666631125617,2020-08-23T13:00:43Z,1922
10.1699851716167,46.6679526230612,2020-08-23T16:01:12Z,1879
10.1696811854994,46.6680117337051,2020-08-23T17:01:21Z,1873
10.1716721756252,46.6689626707711,2020-08-23T18:00:56Z,1922
10.1738528131855,46.6686157827108,2020-08-23T19:00:11Z,1944
10.173990957988,46.668513650375,2020-08-23T20:00:42Z,1944
10.1735712552608,46.668527630233,2020-08-23T21:00:42Z,1944
10.1734090492957,46.6684700507623,2020-08-23T22:00:42Z,1937
10.1735056434886,46.6686284659194,2020-08-23T23:00:15Z,1944
10.1742448018368,46.6695797974889,2020-08-24T00:00:41Z,1974
10.1752279630289,46.6695270425876,2020-08-24T01:00:42Z,1985
10.175179171589,46.669298341016,2020-08-24T02:01:12Z,1970
10.1753242352104,46.6693883216289,2020-08-24T03:00:20Z,2004
10.1755286466266,46.6693291288716,2020-08-24T04:01:12Z,1984
10.176810480444,46.6683200579642,2020-08-24T05:00:42Z,1996
10.1779442757682,46.6683975727918,2020-08-24T06:00:23Z,2030
10.1780342800876,46.6684203365906,2020-08-24T07:00:42Z,2030
10.1777764769274,46.6687748509152,2020-08-24T08:00:42Z,2061
10.1805529764341,46.6676346846629,2020-08-24T09:00:42Z,2087
10.1805015470822,46.6676639933349,2020-08-24T10:00:12Z,2087
10.1805823128323,46.6676054636666,2020-08-24T11:00:42Z,2108
10.1806284910221,46.6677033714622,2020-08-24T12:00:17Z,2108
10.1806647542221,46.6676749517158,2020-08-24T13:00:42Z,2108
10.1805552853295,46.667622609722,2020-08-24T14:00:11Z,2108
10.180641348399,46.667794780606,2020-08-24T15:00:23Z,2108
10.1805747525958,46.6678434912707,2020-08-24T16:00:41Z,2108
10.1827922012336,46.6682906046866,2020-08-24T17:00:12Z,2147
10.1870552360906,46.6660776178383,2020-08-24T18:00:12Z,2096
10.1885760486115,46.6657845773717,2020-08-24T19:00:42Z,2062
10.1885631919547,46.6657795631147,2020-08-24T20:00:11Z,2062
10.1881909431582,46.665617485774,2020-08-24T21:00:42Z,2075
10.1875328351033,46.6653985364663,2020-08-24T22:00:34Z,2090
10.1858721368337,46.6648572866932,2020-08-24T23:00:42Z,2109
10.1859199459869,46.6648240255213,2020-08-25T00:00:17Z,2109
10.1853681212091,46.6651727402077,2020-08-25T01:00:41Z,2113
10.1842163455316,46.6654890175143,2020-08-25T02:00:41Z,2124
10.1842826310516,46.6656738842306,2020-08-25T03:00:13Z,2124
10.1840073287794,46.6655538689839,2020-08-25T04:00:13Z,2119
10.1813717492518,46.666025408892,2020-08-25T05:02:06Z,2077
10.1806276266239,46.6649554018518,2020-08-25T06:00:19Z,2023
10.1806427923161,46.664985369312,2020-08-25T07:00:42Z,2023
10.1799330361512,46.6649983888486,2020-08-25T08:00:16Z,1992
10.1774872393313,46.665308464453,2020-08-25T09:00:08Z,1940
10.1792522227608,46.6639506726951,2020-08-25T10:01:35Z,1935
10.1793026557937,46.6639247800907,2020-08-25T11:00:20Z,1935
10.1794470639193,46.6639820423209,2020-08-25T12:00:42Z,1951
10.1794209598851,46.6636008593927,2020-08-25T13:00:22Z,1951
10.17943552118,46.6639992254097,2020-08-25T14:00:44Z,1951
10.1794687996519,46.6638761405583,2020-08-25T15:00:17Z,1951
10.1783681041209,46.6651186797303,2020-08-25T16:01:54Z,1965
10.1783552470552,46.6650951498765,2020-08-25T17:00:32Z,1965
10.1796990210723,46.665968372128,2020-08-25T18:00:13Z,2020
10.1853231428504,46.6641898812924,2020-08-25T19:00:42Z,2109
10.1887677711854,46.6651473565723,2020-08-25T20:00:42Z,2061
10.1884785269274,46.6660553913017,2020-08-25T21:00:15Z,2067
10.1880155713468,46.6656959292186,2020-08-25T22:00:42Z,2075
10.1873004981939,46.6642758867612,2020-08-25T23:00:42Z,2088
10.1850033479673,46.6647109441633,2020-08-26T00:00:19Z,2114
10.184651078464,46.6648384954677,2020-08-26T01:00:42Z,2112
10.1849052868223,46.6652143782384,2020-08-26T02:00:16Z,2114
10.1844448414545,46.6657376165495,2020-08-26T03:00:29Z,2124
10.1839526682172,46.665901040404,2020-08-26T04:01:49Z,2135
10.1806584140629,46.6667256511621,2020-08-26T05:01:05Z,2077
10.178921431994,46.6678036953854,2020-08-26T06:00:13Z,2042
10.1781058171375,46.6682805155489,2020-08-26T07:00:42Z,2030
10.1769136820132,46.6687560485498,2020-08-26T08:00:09Z,2021
10.1765813276709,46.6667366306066,2020-08-26T09:00:42Z,1936
10.1760851511679,46.6665989431876,2020-08-26T10:00:08Z,1922
10.1760482295753,46.6666872295365,2020-08-26T11:00:17Z,1922
10.1760755912879,46.6666278086829,2020-08-26T12:00:39Z,1922
10.1760637234623,46.6666502359236,2020-08-26T13:00:44Z,1922
10.1760835048773,46.6666683952209,2020-08-26T14:01:06Z,1922
10.1761293297765,46.6666234530236,2020-08-26T15:00:13Z,1922
10.1760966907371,46.6666311346948,2020-08-26T16:01:06Z,1922
10.1757478909465,46.6680462506623,2020-08-26T17:01:07Z,1952
10.1773020365431,46.6679758617152,2020-08-26T18:00:42Z,1987
10.1854007637887,46.6651835689109,2020-08-26T19:00:42Z,2113
10.1885774701478,46.6662819411493,2020-08-26T20:00:15Z,2067
10.1887797401529,46.6655507285421,2020-08-26T21:00:15Z,2062
10.1884730782332,46.6653248357772,2020-08-26T22:00:41Z,2062
10.1869442404524,46.6649416776642,2020-08-26T23:00:36Z,2100
10.187059243455,46.664929438531,2020-08-27T00:00:16Z,2088
10.1862657630617,46.664869338848,2020-08-27T01:00:09Z,2109
10.1861971633134,46.6648261467502,2020-08-27T02:00:41Z,2109
10.1861793844057,46.6648566996874,2020-08-27T03:00:08Z,2109
10.1855819706387,46.6644058414443,2020-08-27T04:00:09Z,2109
10.1806402132277,46.6657864291083,2020-08-27T05:01:27Z,2041
10.1797649007906,46.6651155759967,2020-08-27T06:00:42Z,1992
10.1797833699634,46.6651115372279,2020-08-27T07:00:42Z,1992
10.179450722149,46.6648252888406,2020-08-27T08:00:16Z,1992
10.1768813431402,46.6670737652625,2020-08-27T09:00:08Z,1955
10.1769014512541,46.6670064491053,2020-08-27T10:00:41Z,1955
10.1761504291986,46.6666267790287,2020-08-27T11:00:07Z,1922
10.1760917467037,46.6666420202743,2020-08-27T12:00:18Z,1922
10.1761636207488,46.666743790253,2020-08-27T13:01:26Z,1922
10.1761158103857,46.6665302046146,2020-08-27T14:00:23Z,1922
10.1760917467037,46.6666605342392,2020-08-27T15:00:42Z,1922
10.1760907568467,46.6666269200137,2020-08-27T16:00:42Z,1922
10.1731664020543,46.6681757032314,2020-08-27T17:00:08Z,1937
10.1751999444473,46.6681714493591,2020-08-27T18:01:08Z,1957
10.1787724008905,46.6674558477632,2020-08-27T19:00:22Z,2000
10.179214813715,46.667178246937,2020-08-27T20:00:42Z,2021
10.1792642549122,46.667143421867,2020-08-27T21:00:09Z,2021
10.1797393014884,46.6668396244064,2020-08-27T22:00:45Z,2030
10.1800956418259,46.6663836774233,2020-08-27T23:00:42Z,2041
10.1803837513395,46.6664778768241,2020-08-28T00:00:17Z,2054
10.1804520202261,46.6665880356003,2020-08-28T01:01:12Z,2054
10.1804879658295,46.6666265754443,2020-08-28T02:00:36Z,2054
10.1795731145089,46.6663637258635,2020-08-28T03:00:14Z,2020
10.1795975149763,46.6664256165026,2020-08-28T04:00:42Z,2030
10.181160371831,46.6651149441741,2020-08-28T05:00:42Z,2041
10.1811072663216,46.6647323587058,2020-08-28T06:00:59Z,2023
10.1799445395232,46.6644751753343,2020-08-28T07:01:36Z,1968
10.1794177275584,46.6639865756376,2020-08-28T08:00:09Z,1951
10.1762361183437,46.6640086352083,2020-08-28T09:00:12Z,1871
10.1763369949872,46.6639445085728,2020-08-28T10:00:43Z,1871
10.1762038084488,46.6639555321558,2020-08-28T11:00:15Z,1871
10.1762459854509,46.6623576600772,2020-08-28T12:00:16Z,1853
10.175789729379,46.6608871643276,2020-08-28T13:00:39Z,1818
10.1757145691367,46.6611526511432,2020-08-28T14:00:42Z,1827
10.1759733495159,46.6613809842674,2020-08-28T15:00:15Z,1841
10.1772111972305,46.6613604046569,2020-08-28T16:00:19Z,1877
10.1776980808722,46.6611452803686,2020-08-28T17:00:42Z,1895
10.1765983860435,46.6619523744884,2020-08-28T18:00:36Z,1863
10.1727949861808,46.6642015669645,2020-08-28T19:00:21Z,1834
10.1734316222183,46.6634166364132,2020-08-28T20:01:44Z,1811
10.1712330704916,46.6627933637834,2020-08-28T21:00:42Z,1769
10.1710329508845,46.6630311459213,2020-08-28T22:00:42Z,1783
10.1714101586456,46.6617074072593,2020-08-28T23:00:18Z,1761
10.1723902448284,46.6623746831216,2020-08-29T00:01:12Z,1790
10.1727947231924,46.6627997614725,2020-08-29T01:00:42Z,1790
10.1727465870281,46.662801229329,2020-08-29T02:00:42Z,1790
10.1729684733871,46.6626859059121,2020-08-29T03:00:17Z,1805
10.1736578011899,46.6624492417158,2020-08-29T04:01:46Z,1817
10.1732419961728,46.6649859786812,2020-08-29T05:01:06Z,1850
10.1736349616856,46.6653665154518,2020-08-29T06:01:04Z,1858
10.174093873887,46.6655669069202,2020-08-29T07:00:41Z,1861
10.174354643169,46.6662142456571,2020-08-29T08:00:13Z,1871
10.1758744714648,46.6645115951127,2020-08-29T09:00:42Z,1885
10.176979521766,46.6643054655872,2020-08-29T10:00:12Z,1900
10.1773259627586,46.6632665359859,2020-08-29T11:00:16Z,1884
10.1766874024714,46.6623858570479,2020-08-29T12:00:41Z,1866
10.1765024564416,46.6622278085886,2020-08-29T13:00:17Z,1863
10.177243540047,46.6626786310409,2020-08-29T14:00:45Z,1882
10.1772171606077,46.6625803749527,2020-08-29T15:00:16Z,1882
10.1749642413278,46.6649465844748,2020-08-29T16:01:30Z,1864
10.1742745125965,46.6673360648898,2020-08-29T17:01:01Z,1910
10.1716863572151,46.6689405092884,2020-08-29T18:00:42Z,1922
10.171959980024,46.6694879381637,2020-08-29T19:00:46Z,1938
10.1719945866289,46.6696585695445,2020-08-29T20:00:44Z,1938
10.171912821637,46.6696526236743,2020-08-29T21:00:20Z,1938
10.1719118375266,46.669446220541,2020-08-29T22:01:12Z,1938
10.1736272856241,46.669319612522,2020-08-29T23:00:11Z,1957
10.1751330128102,46.6690831897991,2020-08-30T00:00:42Z,1970
10.175647996396,46.669297989334,2020-08-30T01:01:02Z,1984
10.1753618207583,46.6693512389959,2020-08-30T02:00:44Z,2004
10.1753037931452,46.669485577286,2020-08-30T03:00:19Z,2004
10.1757597617197,46.6689371426139,2020-08-30T04:00:42Z,1984
10.1744578085747,46.6682794433946,2020-08-30T05:00:58Z,1949
10.1733869808637,46.667822167491,2020-08-30T06:00:42Z,1922
10.1733708294216,46.6675364219785,2020-08-30T07:00:42Z,1903
10.173378737574,46.6675646674658,2020-08-30T08:00:13Z,1903
10.1744489297528,46.666551364647,2020-08-30T09:00:15Z,1889
10.1753535839812,46.6663105560549,2020-08-30T10:00:41Z,1892
10.1760103042915,46.6655755571917,2020-08-30T11:00:42Z,1900
10.1758843701844,46.6657425714601,2020-08-30T12:00:16Z,1900
10.174628613942,46.6659418250314,2020-08-30T13:01:36Z,1871
10.174047711889,46.6660922967458,2020-08-30T14:00:13Z,1868
10.1734137208954,46.6665266649603,2020-08-30T15:00:15Z,1882
10.1731592081501,46.6664028497765,2020-08-30T16:00:41Z,1882
10.1730995338057,46.6664400172809,2020-08-30T17:00:17Z,1882
10.1740094316684,46.6679110182911,2020-08-30T18:00:38Z,1926
10.1749632184319,46.6692883275907,2020-08-30T19:00:42Z,1970
10.173351976991,46.6697364479523,2020-08-30T20:00:42Z,1958
10.1735293513173,46.66985484879,2020-08-30T21:00:14Z,1967
10.1733648353206,46.6696859254524,2020-08-30T22:01:33Z,1958
10.1738326834905,46.6693619188914,2020-08-30T23:00:20Z,1967
10.1733569464519,46.6688986383475,2020-08-31T00:01:20Z,1949
10.1734212373725,46.668837322288,2020-08-31T01:00:42Z,1949
10.1734054206964,46.66874380194,2020-08-31T02:00:11Z,1937
10.1734502473613,46.6688997498002,2020-08-31T03:00:12Z,1949
10.1733394735109,46.6688560615921,2020-08-31T04:01:33Z,1949
10.1750252102109,46.6680418941471,2020-08-31T05:00:12Z,1941
10.1762134121323,46.6679626355266,2020-08-31T06:00:42Z,1963
10.176598147553,46.6672525504724,2020-08-31T07:00:42Z,1955
10.1769386812647,46.6659625473426,2020-08-31T08:00:12Z,1924
10.1770289952016,46.6654616909868,2020-08-31T09:00:17Z,1940
10.1773391940582,46.6647226990884,2020-08-31T10:00:41Z,1933
10.1773273285225,46.6647698104032,2020-08-31T11:00:08Z,1933
10.1763205269292,46.6651512844782,2020-08-31T12:00:10Z,1896
10.1763726111813,46.6651793729856,2020-08-31T13:00:42Z,1896
10.1764682181621,46.6651869152452,2020-08-31T14:00:09Z,1915
10.17656382544,46.6652746866267,2020-08-31T15:00:09Z,1920
10.1772812146592,46.6660418926906,2020-08-31T16:01:00Z,1942
10.1785989433211,46.6666943587039,2020-08-31T17:00:28Z,1986
10.1787450494325,46.6677312592286,2020-08-31T18:00:42Z,2020
10.1788643909135,46.6676260645806,2020-08-31T19:00:42Z,2042
10.1789029635571,46.6676411099442,2020-08-31T20:00:42Z,2042
10.1787549263452,46.6675737204814,2020-08-31T21:00:10Z,2000
10.1789454804245,46.6673709805023,2020-08-31T22:01:34Z,2021
10.1784364674314,46.6676417510673,2020-08-31T23:00:42Z,2020
10.1789600046953,46.6676150947952,2020-09-01T00:00:42Z,2042
10.1790671617479,46.6677165406824,2020-09-01T01:00:37Z,2042
10.1788436140767,46.6676236602308,2020-09-01T02:00:42Z,2042
10.1790964677232,46.6673787675616,2020-09-01T03:00:10Z,2021
10.1797683197264,46.6668897064784,2020-09-01T04:01:26Z,2030
10.1794164839921,46.6658157618455,2020-09-01T05:01:05Z,2020
10.1795605400661,46.6656376121926,2020-09-01T06:00:42Z,2009
10.1796376824341,46.6656615327335,2020-09-01T07:00:42Z,2009
10.1781162723134,46.6659649323557,2020-09-01T08:00:13Z,1961
10.1773833899935,46.6653026120189,2020-09-01T09:00:12Z,1940
10.1768206209933,46.664201540802,2020-09-01T10:00:41Z,1900
10.1768931473857,46.6642434465218,2020-09-01T11:01:00Z,1900
10.1760521839076,46.6665625024014,2020-09-01T12:00:14Z,1922
10.176081853416,46.6664971775908,2020-09-01T13:01:05Z,1922
10.1761514191376,46.6665616520026,2020-09-01T14:00:42Z,1922
10.1749678535503,46.6663822510702,2020-09-01T15:00:42Z,1879
10.172782678804,46.6671174127274,2020-09-01T16:01:34Z,1899
10.1730909109451,46.6679527305596,2020-09-01T17:00:12Z,1922
10.1755108430432,46.6688783420089,2020-09-01T18:01:01Z,1984
10.179065462288,46.6670763227843,2020-09-01T19:01:01Z,2021
10.1798513947286,46.6669610381999,2020-09-01T20:01:06Z,2030
10.1799272249288,46.6669812773682,2020-09-01T21:00:14Z,2030
10.1815102380094,46.6662574238147,2020-09-01T22:01:47Z,2077
10.1844811018193,46.6656968529335,2020-09-01T23:00:42Z,2124
10.1856269530011,46.6653331586438,2020-09-02T00:00:42Z,2122
10.1847355359796,46.6653701599255,2020-09-02T01:00:16Z,2125
10.1846669400061,46.6653454797382,2020-09-02T02:00:09Z,2124
10.1854090005483,46.665052282215,2020-09-02T03:00:40Z,2113
10.1856225456973,46.6647966761958,2020-09-02T04:00:11Z,2113
10.1830066141136,46.663934959945,2020-09-02T05:01:45Z,2089
10.1815047203713,46.6637866217458,2020-09-02T06:00:42Z,2024
10.1799177510912,46.6633947812682,2020-09-02T07:00:15Z,1947
10.1799246769432,46.6634017515023,2020-09-02T08:00:42Z,1947
10.1800215991025,46.6634129728236,2020-09-02T09:00:42Z,1971
10.1800647862308,46.6634470669164,2020-09-02T10:00:14Z,1971
10.1794292703024,46.6640434518433,2020-09-02T11:00:42Z,1968
10.1794147443146,46.6639659703899,2020-09-02T12:00:42Z,1951
10.1794414523703,46.6639787556202,2020-09-02T13:00:42Z,1951
10.1781192031221,46.664991993251,2020-09-02T14:00:14Z,1951
10.1782883558871,46.6654699978988,2020-09-02T15:00:14Z,1977
10.1783832695291,46.6651054475974,2020-09-02T16:01:00Z,1965
10.179675896923,46.6652560229478,2020-09-02T17:00:17Z,2009
10.1851690416033,46.6654009422113,2020-09-02T18:00:17Z,2125
10.188878979119,46.665568380421,2020-09-02T19:00:41Z,2049
10.1889880517175,46.6653112404484,2020-09-02T20:00:13Z,2049
10.1883247244704,46.6653737912808,2020-09-02T21:00:42Z,2062
10.1878858869138,46.6651431759766,2020-09-02T22:00:13Z,2075
10.1861359885201,46.6653955878643,2020-09-02T23:01:04Z,2114
10.1853641105912,46.6647729270618,2020-09-03T00:00:42Z,2113
10.1854517956484,46.6646349659127,2020-09-03T01:00:14Z,2113
10.1854959874538,46.6647396966147,2020-09-03T02:00:42Z,2113
10.1846748708261,46.6652934936548,2020-09-03T03:00:14Z,2125
10.1846363011239,46.6654821008452,2020-09-03T04:00:15Z,2124
10.1836711289384,46.6659671914022,2020-09-03T05:01:01Z,2135
10.1795052057404,46.6664334418088,2020-09-03T06:01:06Z,2030
10.1780951744188,46.6661097178133,2020-09-03T07:00:15Z,1961
10.1780220008483,46.6661461944584,2020-09-03T08:00:20Z,1961
10.1769528687393,46.6663415095381,2020-09-03T09:00:42Z,1924
10.1769469355018,46.6663928366922,2020-09-03T10:00:15Z,1924
10.176200869719,46.666563856937,2020-09-03T11:00:17Z,1922
10.1760403160449,46.6666404715906,2020-09-03T12:00:41Z,1922
10.1761573529891,46.6666214086781,2020-09-03T13:00:42Z,1922
10.176109548372,46.6666238077191,2020-09-03T14:00:16Z,1922
10.1761032863174,46.6667606102693,2020-09-03T15:00:36Z,1922
10.1764590121177,46.6665866999788,2020-09-03T16:01:18Z,1936
10.1767920155121,46.668114274334,2020-09-03T17:00:42Z,1974
10.1782729425442,46.6675990134298,2020-09-03T18:00:09Z,2020
10.179572193226,46.667335994905,2020-09-03T19:00:41Z,2044
10.1800739089133,46.6669524254099,2020-09-03T20:00:42Z,2054
10.1800036917227,46.6669107937582,2020-09-03T21:00:12Z,2054
10.1814129971176,46.6663069915308,2020-09-03T22:01:30Z,2077
10.1840258053695,46.6656300564994,2020-09-03T23:00:14Z,2119
10.1841098740987,46.665537519926,2020-09-04T00:00:47Z,2124
10.184986434508,46.6655085108314,2020-09-04T01:01:12Z,2125
10.1845166673806,46.6654938066507,2020-09-04T02:00:12Z,2124
10.1841276576668,46.665506966224,2020-09-04T03:00:42Z,2124
10.184152062311,46.6655133138341,2020-09-04T04:00:10Z,2124
10.1842719257311,46.6645706953242,2020-09-04T05:00:10Z,2105
10.178122921443,46.6671866930414,2020-09-04T06:00:41Z,1983
10.1773910151249,46.6664715961693,2020-09-04T07:00:10Z,1952
10.176921898125,46.6671128418617,2020-09-04T08:00:12Z,1955
10.1769423322506,46.666990906409,2020-09-04T09:00:42Z,1955
10.1768704550818,46.6669570207595,2020-09-04T10:00:10Z,1936
10.1770135447673,46.6669859287525,2020-09-04T11:00:34Z,1936
10.1760891105739,46.6666963722069,2020-09-04T12:00:42Z,1922
10.1760630619205,46.6665866882865,2020-09-04T13:00:16Z,1922
10.1726673200776,46.6664375556165,2020-09-04T14:00:42Z,1881
10.173403878617,46.665215459463,2020-09-04T15:00:14Z,1850
10.1731288996314,46.6657381301425,2020-09-04T16:00:41Z,1858
10.1729548285786,46.6656782909591,2020-09-04T17:00:42Z,1858
10.1740684268541,46.6689951537203,2020-09-04T18:00:09Z,1957
10.1772047823146,46.6681179947023,2020-09-04T19:01:31Z,1987
10.1797003727453,46.6664410531242,2020-09-04T20:00:10Z,2030
10.1796865207077,46.6664949927906,2020-09-04T21:00:16Z,2030
10.1849330039952,46.6653965430506,2020-09-04T22:03:01Z,2125
10.188446475045,46.6657440210003,2020-09-04T23:00:18Z,2062
10.1881154049811,46.6654562388565,2020-09-05T00:00:42Z,2075
10.1856218465826,46.6643628549996,2020-09-05T01:00:42Z,2109
10.1852378561476,46.6647045322132,2020-09-05T02:00:11Z,2114
10.185298825915,46.6646957278776,2020-09-05T03:00:42Z,2113
10.1854758971407,46.6649242664382,2020-09-05T04:00:10Z,2113
10.1837038577322,46.6640906056333,2020-09-05T05:00:46Z,2098
10.1805728943263,46.664963175913,2020-09-05T06:00:42Z,2023
10.1806124609372,46.6649933198909,2020-09-05T07:00:14Z,2023
10.1810390456873,46.6648196624526,2020-09-05T08:00:15Z,2023
10.180274517292,46.6642171676793,2020-09-05T09:00:42Z,1985
10.1785197040931,46.6637397673726,2020-09-05T10:00:12Z,1920
10.1785183889249,46.6638101428733,2020-09-05T11:00:14Z,1920
10.1783776080602,46.6636087110479,2020-09-05T12:01:12Z,1920
10.1795110286573,46.663888929634,2020-09-05T13:00:13Z,1951
10.1785872899478,46.6637616945846,2020-09-05T14:00:42Z,1920
10.1785800430438,46.6637352785297,2020-09-05T15:00:43Z,1920
10.1786225588641,46.6636502887836,2020-09-05T16:01:50Z,1920
10.178166313755,46.6639633208896,2020-09-05T17:00:26Z,1908
10.1782850546665,46.6657446872801,2020-09-05T18:01:00Z,1977
10.1796825414548,46.6659347235042,2020-09-05T19:01:15Z,2020
10.1796499012476,46.6658992074858,2020-09-05T20:00:42Z,2020
10.1804354967781,46.6660607056743,2020-09-05T21:00:12Z,2041
10.1813047881613,46.6654560888177,2020-09-05T22:00:43Z,2057
10.1809992124809,46.6659364384347,2020-09-05T23:00:42Z,2060
10.1810147437404,46.6661586212498,2020-09-06T00:00:11Z,2060
10.1820066707739,46.6656863332966,2020-09-06T01:01:00Z,2073
10.1822149420685,46.6650272311864,2020-09-06T02:00:37Z,2059
10.1820969223529,46.6649386293064,2020-09-06T03:00:18Z,2059
10.1820738309641,46.6648927647635,2020-09-06T04:01:12Z,2059
10.1815886368202,46.6654580932785,2020-09-06T05:00:15Z,2057
10.1800459266447,46.6672136501848,2020-09-06T06:01:14Z,2069
10.174865637116,46.6682323495062,2020-09-06T07:00:42Z,1957
10.1769667304634,46.6670404558743,2020-09-06T08:00:42Z,1955
10.1769410151758,46.6670365961543,2020-09-06T09:00:11Z,1955
10.17690442421,46.6671011209743,2020-09-06T10:00:15Z,1955
10.1769185989992,46.6670851315935,2020-09-06T11:00:42Z,1955
10.1769103449098,46.6669078639908,2020-09-06T12:00:11Z,1936
10.1769054026024,46.666789153713,2020-09-06T13:00:42Z,1936
10.1773669416557,46.6664044566014,2020-09-06T14:00:21Z,1952
10.1773550924666,46.6668650329889,2020-09-06T15:00:42Z,1952
10.1766034273199,46.6676622206496,2020-09-06T16:00:13Z,1974
10.1769440012471,46.6678718069873,2020-09-06T17:00:42Z,1974
10.1760584609552,46.6684560104967,2020-09-06T18:00:14Z,1981
10.1754709500524,46.6688102499451,2020-09-06T19:00:43Z,1984
10.1755006225614,46.6687757756586,2020-09-06T20:01:03Z,1984
10.1759707673512,46.6691185017128,2020-09-06T21:00:29Z,2002
10.1757854777993,46.6688792924925,2020-09-06T22:00:56Z,1984
10.1750868574421,46.6688310003275,2020-09-06T23:00:42Z,1970
10.1750924614605,46.6688466378565,2020-09-07T00:00:44Z,1970
10.1754861159783,46.6689142688231,2020-09-07T01:00:57Z,1984
10.1775015028384,46.6681497100688,2020-09-07T02:00:42Z,1987
10.1788713165445,46.6676515504254,2020-09-07T03:00:42Z,2042
10.1788762547429,46.6675604387758,2020-09-07T04:00:38Z,2021
10.1790025214281,46.6676288360686,2020-09-07T05:00:11Z,2042
10.1796307937576,46.6661235615852,2020-09-07T06:00:41Z,2020
10.1776708840794,46.6658392940329,2020-09-07T07:00:10Z,1961
10.1769103069822,46.6653403963768,2020-09-07T08:00:09Z,1920
10.1767896496364,46.6651765373546,2020-09-07T09:00:42Z,1915
10.176298445087,46.6655710111364,2020-09-07T10:00:10Z,1900
10.1754732592611,46.6661569146326,2020-09-07T11:00:42Z,1892
10.1731298638626,46.6664012124052,2020-09-07T12:00:42Z,1882
10.1731338283614,46.6663875700451,2020-09-07T13:00:12Z,1867
10.1731298638626,46.6664690974734,2020-09-07T14:00:42Z,1882
10.1725140385691,46.6660592224905,2020-09-07T15:00:09Z,1867
10.1728034191908,46.6679652708319,2020-09-07T16:00:42Z,1916
10.1753839113827,46.6685550881438,2020-09-07T17:00:12Z,1968
10.1775628159688,46.6680245732829,2020-09-07T18:00:17Z,1987
10.17889735271,46.6677118696396,2020-09-07T19:00:41Z,2042
10.1788666994561,46.6676942137297,2020-09-07T20:00:42Z,2042
10.1788469162871,46.6676698838777,2020-09-07T21:00:42Z,2042
10.1797112781985,46.6667984713112,2020-09-07T22:00:21Z,2030
10.1801816599362,46.6662041047618,2020-09-07T23:01:00Z,2041
10.1805314719473,46.666414743509,2020-09-08T00:00:41Z,2054
10.180500460971,46.6663344629222,2020-09-08T01:00:42Z,2041
10.1807061742777,46.6661308279996,2020-09-08T02:00:10Z,2060
10.1818180649853,46.6652713145333,2020-09-08T03:00:16Z,2073
10.18182961048,46.6651677341847,2020-09-08T04:01:06Z,2059
10.1817642720984,46.6647387893905,2020-09-08T05:00:33Z,2059
10.1789684098168,46.6646583577769,2020-09-08T06:00:42Z,1979
10.1774733903763,46.6652945215624,2020-09-08T07:00:09Z,1940
10.1761141642125,46.6665626284546,2020-09-08T08:00:40Z,1922
10.1761303196868,46.666595353978,2020-09-08T09:00:09Z,1922
10.1761998797143,46.6665672707331,2020-09-08T10:00:09Z,1922
10.1760706472076,46.6665831522543,2020-09-08T11:00:42Z,1922
10.1760696573793,46.6665495380217,2020-09-08T12:00:42Z,1922
10.1761570249524,46.6665896288677,2020-09-08T13:00:11Z,1922
10.1760755912879,46.6665475814388,2020-09-08T14:00:42Z,1922
10.1761118617212,46.6668462314726,2020-09-08T15:00:12Z,1922
10.1732159455433,46.6652280537046,2020-09-08T16:01:12Z,1858
10.1745860649156,46.6675758005446,2020-09-08T17:00:38Z,1932
10.1781094177925,46.6675007353694,2020-09-08T18:00:40Z,1983
10.1794191476004,46.666242754566,2020-09-08T19:00:42Z,2020
10.1794445423337,46.6662518610164,2020-09-08T20:00:08Z,2020
10.1813332309457,46.6665349012934,2020-09-08T21:00:40Z,2097
10.1837835295897,46.6657809665287,2020-09-08T22:00:42Z,2119
10.1843716264411,46.6656260050147,2020-09-08T23:00:09Z,2124
10.1840679936527,46.6654577406024,2020-09-09T00:00:42Z,2119
10.1840515186872,46.6655228324417,2020-09-09T01:00:42Z,2119
10.1855952220423,46.6650165463791,2020-09-09T02:00:11Z,2113
10.1858256344155,46.6647029192271,2020-09-09T03:00:42Z,2113
10.1847679274563,46.6638505834951,2020-09-09T04:00:42Z,2111
10.182632908686,46.6648111587658,2020-09-09T05:00:42Z,2078
10.180661262997,46.665086244091,2020-09-09T06:00:42Z,2023
10.180628939349,46.6650763409477,2020-09-09T07:00:16Z,2023
10.1777865791801,46.6654462867226,2020-09-09T08:00:09Z,1960
10.1776520941276,46.6658177205325,2020-09-09T09:00:42Z,1961
10.1774789984411,46.6656804375403,2020-09-09T10:00:18Z,1940
10.1794820118383,46.6642400020907,2020-09-09T11:00:43Z,1968
10.1796455283872,46.6640729063217,2020-09-09T12:00:42Z,1968
10.1794414523703,46.6639540692313,2020-09-09T13:00:42Z,1951
10.179493874167,46.6639336844415,2020-09-09T14:00:23Z,1951
10.179254851386,46.6639518690017,2020-09-09T15:00:42Z,1935
10.179416733141,46.6639838216062,2020-09-09T16:00:42Z,1951
10.1791227257148,46.6652924612429,2020-09-09T17:00:42Z,1994
10.1789194136391,46.6670638198204,2020-09-09T18:00:17Z,2021
10.1808851281807,46.6655441465055,2020-09-09T19:00:44Z,2041
10.1814891420821,46.6661985577081,2020-09-09T20:01:00Z,2077
10.1815161678443,46.6662184399605,2020-09-09T21:00:35Z,2077
10.1819483739511,46.6663751479108,2020-09-09T22:00:38Z,2092
10.1820690182344,46.6662242614405,2020-09-09T23:00:42Z,2092
10.1819796458319,46.6661231223662,2020-09-10T00:00:16Z,2092
10.1823696587999,46.6661435832495,2020-09-10T01:00:42Z,2110
10.183719246001,46.6657065229666,2020-09-10T02:00:16Z,2119
10.1838606698618,46.6657123154572,2020-09-10T03:00:09Z,2119
10.1838708331412,46.6656421037949,2020-09-10T04:00:41Z,2119
10.1838916947073,46.6661258374864,2020-09-10T05:00:16Z,2135
10.1793057414123,46.6661855415314,2020-09-10T06:00:42Z,2001
10.1769802532582,46.6673188416619,2020-09-10T07:00:42Z,1955
10.1757877832146,46.6680773182531,2020-09-10T08:00:09Z,1952
10.1769805791976,46.6670790857137,2020-09-10T09:00:42Z,1955
10.1769924457468,46.6670443155872,2020-09-10T10:00:42Z,1955
10.176947613499,46.6671413865411,2020-09-10T11:00:32Z,1955
10.1769024296652,46.6668734488474,2020-09-10T12:00:17Z,1936
10.1769340908394,46.6670419662032,2020-09-10T13:00:42Z,1955
10.1769631052943,46.6670550223767,2020-09-10T14:00:42Z,1955
10.176881016948,46.6671283845372,2020-09-10T15:00:11Z,1955
10.1775440069654,46.6672069289869,2020-09-10T16:00:49Z,1969
10.1771500516545,46.6679097743586,2020-09-10T17:00:42Z,1987
10.1783487470302,46.6670947115909,2020-09-10T18:00:35Z,2000
10.1786646020598,46.667562378198,2020-09-10T19:00:42Z,2000
10.1788690079998,46.6676389410783,2020-09-10T20:01:03Z,2042
10.1789184506547,46.6675609174419,2020-09-10T21:00:55Z,2021
10.1790272425341,46.6674386323161,2020-09-10T22:00:42Z,2021
10.1792144934743,46.6673933151309,2020-09-10T23:00:11Z,2021
10.1792619801943,46.6674393633998,2020-09-11T00:00:42Z,2021
10.1792596715696,46.6675254918739,2020-09-11T01:00:42Z,2021
10.1794723173956,46.6675571656276,2020-09-11T02:00:10Z,2044
10.1789913308528,46.6678505775184,2020-09-11T03:00:42Z,2042
10.1786619719115,46.6677956921586,2020-09-11T04:00:10Z,2020
10.1763739756578,46.6686512328359,2020-09-11T05:00:12Z,1981
10.1775917752273,46.6662109787381,2020-09-11T06:01:42Z,1942
10.1777008910382,46.6663364681949,2020-09-11T07:00:20Z,1961
10.1775953997383,46.6661346995931,2020-09-11T08:00:42Z,1942
10.1761128461774,46.6665280909495,2020-09-11T09:00:11Z,1922
10.1760927365634,46.6665892358655,2020-09-11T10:00:40Z,1922
10.1760261402393,46.6666317752186,2020-09-11T11:00:14Z,1922
10.1759229426637,46.6663315567944,2020-09-11T12:00:28Z,1906
10.176065041555,46.6665675180769,2020-09-11T13:00:42Z,1922
10.1758734950496,46.6664033931859,2020-09-11T14:00:24Z,1922
10.1751910467821,46.66706666117,2020-09-11T15:00:36Z,1920
10.1730112096306,46.6655084989361,2020-09-11T16:01:13Z,1858
10.171948024479,46.6651587622774,2020-09-11T17:00:41Z,1845
10.1720213193412,46.6691468162035,2020-09-11T18:00:59Z,1931
10.1744007537566,46.6693236873192,2020-09-11T19:01:31Z,1962
10.1747647425198,46.6691480911317,2020-09-11T20:00:35Z,1970
10.1751949955658,46.6689722377769,2020-09-11T21:00:42Z,1970
10.1750492717085,46.668868082574,2020-09-11T22:00:21Z,1970
10.1755217229052,46.6688654942359,2020-09-11T23:00:42Z,1984
10.17601758371,46.669162711477,2020-09-12T00:01:11Z,2002
10.1770613782318,46.6686127039449,2020-09-12T01:00:42Z,2012
10.17722622228,46.6686035821568,2020-09-12T02:00:15Z,2012
10.177125016434,46.6687531931761,2020-09-12T03:00:41Z,2012
10.177753393552,46.6685747058522,2020-09-12T04:00:42Z,2030
10.178848200995,46.6671798791985,2020-09-12T05:00:20Z,2021
10.179363032037,46.6649077047361,2020-09-12T06:00:42Z,1979
10.1793841288394,46.6648369737204,2020-09-12T07:00:11Z,1992
10.1792964386957,46.6648700179432,2020-09-12T08:00:42Z,1979
10.177134856366,46.6665283258269,2020-09-12T09:00:13Z,1952
10.1769248584053,46.6670100417791,2020-09-12T10:01:00Z,1955
10.1768740926298,46.6670967270871,2020-09-12T11:00:19Z,1955
10.1767883555052,46.6668082275268,2020-09-12T12:00:15Z,1936
10.1769604711845,46.6670970320833,2020-09-12T13:00:42Z,1955
10.1769901376225,46.6670070210764,2020-09-12T14:00:25Z,1955
10.1769103575528,46.667074479011,2020-09-12T15:00:57Z,1955
10.1767046346346,46.6671855394832,2020-09-12T16:00:32Z,1955
10.176409242987,46.6677005616736,2020-09-12T17:00:42Z,1963
10.1764666165067,46.6683789743927,2020-09-12T18:00:12Z,1996
10.1790433706406,46.6670517260325,2020-09-12T19:01:02Z,2021
10.1791976260719,46.6665997100783,2020-09-12T20:00:42Z,2008
10.1795091840386,46.6666913202543,2020-09-12T21:00:10Z,2030
10.1804493943018,46.6666485573506,2020-09-12T22:01:06Z,2054
10.1807074869334,46.666529465562,2020-09-12T23:00:12Z,2077
10.1805294799753,46.6665881931732,2020-09-13T00:00:41Z,2054
10.1809676176537,46.6663788482593,2020-09-13T01:00:42Z,2060
10.1808683822898,46.6663488469142,2020-09-13T02:00:10Z,2060
10.1809933318337,46.6664073919009,2020-09-13T03:01:11Z,2077
10.1817653262676,46.6653586561317,2020-09-13T04:00:18Z,2073
10.1821987779022,46.6649451379234,2020-09-13T05:00:42Z,2059
10.1814069606654,46.6650685574957,2020-09-13T06:01:14Z,2041
10.1796290862601,46.665217980543,2020-09-13T07:00:16Z,1992
10.1795130539155,46.6652953433404,2020-09-13T08:00:36Z,2009
10.1763004253481,46.6659838380211,2020-09-13T09:00:13Z,1906
10.1766245066068,46.6662646892387,2020-09-13T10:00:42Z,1924
10.1764764857253,46.6666292774339,2020-09-13T11:00:13Z,1936
10.1760980087889,46.6665854448981,2020-09-13T12:00:43Z,1922
10.1760333923226,46.6666211566355,2020-09-13T13:00:31Z,1922
10.1761164721343,46.6666307800063,2020-09-13T14:00:41Z,1922
10.1740243039746,46.6661627600417,2020-09-13T15:00:17Z,1868
10.1729162556232,46.6656570709308,2020-09-13T16:00:42Z,1858
10.1729495649175,46.6656265547873,2020-09-13T17:00:13Z,1858
10.1757225061212,46.6687097896812,2020-09-13T18:00:43Z,1968
10.1783306277353,46.6674637596911,2020-09-13T19:00:42Z,2000
10.1782240942968,46.6663274054856,2020-09-13T20:00:12Z,1980
10.178519812818,46.6663316762219,2020-09-13T21:00:42Z,1980
10.1785102571134,46.666366712573,2020-09-13T22:00:13Z,1980
10.1799040978421,46.6662997885559,2020-09-13T23:00:42Z,2020
10.1805340976746,46.6663357082764,2020-09-14T00:01:12Z,2041
10.1833089991415,46.6646179128003,2020-09-14T01:00:42Z,2088
10.1839462034307,46.6645382894879,2020-09-14T02:00:16Z,2098
10.183952823847,46.6646554162304,2020-09-14T03:00:41Z,2106
10.1843438308558,46.6648637637083,2020-09-14T04:00:42Z,2112
10.1833905185659,46.6653572835529,2020-09-14T05:00:16Z,2107
10.1821917405965,46.661619101567,2020-09-14T06:00:35Z,2070
10.1817141006624,46.6642534135565,2020-09-14T07:00:15Z,2028
10.1796592675692,46.6630131016637,2020-09-14T08:00:42Z,1947
10.1793247122006,46.6634618557936,2020-09-14T09:00:14Z,1935
10.1760917467037,46.6665494502591,2020-09-14T10:00:42Z,1922
10.1760426239544,46.6666654238802,2020-09-14T11:00:09Z,1922
10.175949975853,46.6663637830644,2020-09-14T12:01:16Z,1906
10.1760835048773,46.6666498812524,2020-09-14T13:00:42Z,1922
10.1759951521676,46.6668353606031,2020-09-14T14:00:09Z,1922
10.1759549281332,46.6667786927238,2020-09-14T15:01:12Z,1922
10.1769875035788,46.667061373192,2020-09-14T16:01:06Z,1955
10.1769107089624,46.6678591347023,2020-09-14T17:00:07Z,1974
10.1763317760019,46.6685890442523,2020-09-14T18:00:42Z,1981
10.1754238035156,46.6691538944655,2020-09-14T19:00:38Z,1984
10.1750898229304,46.6689935569108,2020-09-14T20:00:21Z,1970
10.1752065372863,46.6685107416933,2020-09-14T21:00:42Z,1957
10.1751587322135,46.6685193097916,2020-09-14T22:00:12Z,1957
10.1786059245775,46.6677072153625,2020-09-14T23:00:42Z,2020
10.1792405622583,46.6677375018575,2020-09-15T00:00:42Z,2042
10.1792415564849,46.6677649451945,2020-09-15T01:00:14Z,2042
10.179494409591,46.6677730657411,2020-09-15T02:00:21Z,2064
10.1799964472258,46.6668658724168,2020-09-15T03:01:36Z,2054
10.1803406061193,46.666702961339404,2020-09-15T04:00:08Z,2054
10.1807430692761,46.6658327215828,2020-09-15T05:00:36Z,2060
10.1822904592305,46.6652131672843,2020-09-15T06:01:06Z,2059
10.1777661698672,46.6661236220312,2020-09-15T07:00:20Z,1961
10.176992119838,46.6670742498246,2020-09-15T08:00:42Z,1955
10.1769584890551,46.6670236320287,2020-09-15T09:00:36Z,1955
10.1769396980979,46.6670390872291,2020-09-15T10:00:17Z,1955
10.1769542118648,46.6671659510489,2020-09-15T11:00:36Z,1955
10.1761395514093,46.6666766492006,2020-09-15T12:00:54Z,1922
10.1762021876478,46.6665983942475,2020-09-15T13:00:28Z,1922
10.1760093280775,46.6668563993213,2020-09-15T14:00:43Z,1922
10.1762143894658,46.6666632768424,2020-09-15T15:00:42Z,1922
10.1754656759603,46.6674625717374,2020-09-15T16:00:56Z,1932
10.1755477685384,46.6683951034257,2020-09-15T17:01:30Z,1968
10.1772080819336,46.6681703900978,2020-09-15T18:00:31Z,2012
10.1785670023138,46.6673765259639,2020-09-15T19:00:41Z,2000
10.1789088647504,46.6670467293126,2020-09-15T20:00:16Z,2021
10.1788831499069,46.6670613835789,2020-09-15T21:00:42Z,2021
10.1787311692492,46.6670755220789,2020-09-15T22:00:14Z,2000
10.1795721565368,46.6669225357898,2020-09-15T23:00:42Z,2030
10.1799005151842,46.6669376334962,2020-09-16T00:00:42Z,2030
10.1800089050204,46.6667280491481,2020-09-16T01:00:22Z,2054
10.1803636943754,46.6668228826718,2020-09-16T02:00:59Z,2054
10.1804249929385,46.6667594597331,2020-09-16T03:00:41Z,2054
10.1808116559,46.6660610575305,2020-09-16T04:00:10Z,2060
10.1819910159682,46.6642237600932,2020-09-16T05:00:42Z,2051
10.1826174124129,46.6597527332672,2020-09-16T06:00:42Z,2068
10.1806549521426,46.6568937796708,2020-09-16T07:00:11Z,1936
10.1795936952667,46.6586036999421,2020-09-16T08:01:04Z,1925
10.1794029203789,46.6596386116012,2020-09-16T09:00:42Z,1940
10.1794507214581,46.659883089609004,2020-09-16T10:00:15Z,1940
10.1791351641085,46.6638216537547,2020-09-16T11:00:34Z,1935
10.1794553036587,46.6639741820529,2020-09-16T12:01:12Z,1951
10.1794401382726,46.663938042059,2020-09-16T13:00:15Z,1951
10.1794108019244,46.6640228062241,2020-09-16T14:00:44Z,1951
10.1794111568829,46.6640607305355,2020-09-16T15:01:33Z,1968
10.1755207338131,46.6684616178955,2020-09-16T16:00:42Z,1968
10.177950877406,46.6686010993607,2020-09-16T17:00:11Z,2030
10.1767910362343,46.6687039383037,2020-09-16T18:00:42Z,1996
10.1771375341259,46.6686462058363,2020-09-16T19:00:42Z,2012
10.177187648704,46.6686502464625,2020-09-16T20:00:11Z,2012
10.1771325921802,46.6687311468221,2020-09-16T21:00:42Z,2012
10.1775311858569,46.6686644615629,2020-09-16T22:00:10Z,2012
10.1787799986762,46.6678410953336,2020-09-16T23:01:12Z,2020
10.179183200391,46.6677934520017,2020-09-17T00:00:42Z,2042
10.179188458247,46.6676970897004,2020-09-17T01:00:13Z,2042
10.1794155953792,46.6673125735228,2020-09-17T02:00:23Z,2044
10.1799522225839,46.6662551130057,2020-09-17T03:01:07Z,2020
10.1799159598716,46.6662033068297,2020-09-17T04:00:42Z,2020
10.1799973614224,46.6657763497414,2020-09-17T05:00:14Z,2025
10.177904947159,46.6658752231525,2020-09-17T06:00:41Z,1961
10.1776494230456,46.6650698318262,2020-09-17T07:00:17Z,1951
10.1774529417363,46.6650647050791,2020-09-17T08:00:44Z,1933
10.1782098482354,46.6646154686044,2020-09-17T09:00:15Z,1942
10.1783384182488,46.6643940776945,2020-09-17T10:00:15Z,1942
10.1782649000355,46.6643987911995,2020-09-17T11:00:23Z,1942
10.1782843342923,46.6642987932506,2020-09-17T12:01:29Z,1942
10.1786809399769,46.6645783395649,2020-09-17T13:00:15Z,1942
10.1791109277155,46.6656357567544,2020-09-17T14:00:22Z,1994
10.1793636717348,46.6646441876235,2020-09-17T15:00:41Z,1979
10.1798281905156,46.6649527550835,2020-09-17T16:01:16Z,1992
10.1790502323676,46.6659108736851,2020-09-17T17:00:42Z,2001
10.1787242437802,46.6669944957397,2020-09-17T18:02:07Z,2000
10.180307965287,46.6665995628366,2020-09-17T19:00:39Z,2054
10.1810529993346,46.6666170682298,2020-09-17T20:00:16Z,2077
10.1809405910819,46.6663342812273,2020-09-17T21:00:42Z,2060
10.183041147187,46.6658140352751,2020-09-17T22:00:42Z,2124
10.1877955929056,46.665366344401,2020-09-17T23:00:10Z,2075
10.1871423224425,46.6662710538067,2020-09-18T00:01:12Z,2096
10.185292289525,46.6650907930662,2020-09-18T01:00:10Z,2113
10.1852190727195,46.664868099406704,2020-09-18T02:00:42Z,2114
10.1852484027608,46.6648018506837,2020-09-18T03:00:08Z,2114
10.1854972944966,46.6647433794241,2020-09-18T04:01:06Z,2113
10.1832480560544,46.6626961269681,2020-09-18T05:00:09Z,2099
10.1813337554062,46.6648520294152,2020-09-18T06:00:42Z,2041
10.179506447613,46.6650794711011,2020-09-18T07:00:12Z,1992
10.1794375455397,46.6650970607645,2020-09-18T08:00:42Z,1992
10.1769274797877,46.6662583462371,2020-09-18T09:00:09Z,1924
10.1769482525569,46.6663286330491,2020-09-18T10:00:15Z,1924
10.1762229333639,46.664854368863,2020-09-18T11:01:08Z,1896
10.1768674332715,46.664202556717,2020-09-18T12:00:41Z,1900
10.1769277674557,46.664278301352,2020-09-18T13:00:10Z,1900
10.1761593328905,46.6665652104609,2020-09-18T14:00:31Z,1922
10.1761069122892,46.6665547329149,2020-09-18T15:01:12Z,1922
10.1762486810036,46.666832984917,2020-09-18T16:00:33Z,1922
10.1762793401544,46.6671468648991,2020-09-18T17:00:07Z,1943
10.177572697923,46.6675893342684,2020-09-18T18:00:42Z,1987
10.1766087170514,46.6686951674341,2020-09-18T19:00:44Z,1996
10.1772202890723,46.668667250024,2020-09-18T20:00:17Z,2012
10.1772216058464,46.6686339022755,2020-09-18T21:00:42Z,2012
10.177216664075,46.6686756464678,2020-09-18T22:00:24Z,2012
10.1764788199601,46.6688264665021,2020-09-18T23:00:52Z,2021
10.175816141395,46.6693474362267,2020-09-19T00:00:44Z,2004
10.1756512935779,46.669418265601,2020-09-19T01:00:14Z,2004
10.1756938237135,46.6693517795261,2020-09-19T02:00:42Z,2004
10.1758102070834,46.6694111038439,2020-09-19T03:00:15Z,2004
10.1757106392537,46.669509770789404,2020-09-19T04:00:15Z,2004
10.1766485980321,46.6679795335672,2020-09-19T05:00:42Z,1974
10.1773877322441,46.6671042005752,2020-09-19T06:01:06Z,1969
10.1770632765326,46.6652549595618,2020-09-19T07:00:12Z,1940
10.1771882086127,46.6646161592234,2020-09-19T08:00:18Z,1915
10.1772304046681,46.66463515626,2020-09-19T09:00:42Z,1933
10.1768645095276,46.666169064581,2020-09-19T10:00:12Z,1924
10.1766927569619,46.6668808995512,2020-09-19T11:00:23Z,1936
10.1769004602743,46.6670160334781,2020-09-19T12:01:36Z,1955
10.1768292479507,46.6669654699491,2020-09-19T13:00:16Z,1936
10.1769769540367,46.6670627960256,2020-09-19T14:00:42Z,1955
10.1770016782545,46.6670145276046,2020-09-19T15:00:42Z,1955
10.1770715740081,46.667172493286,2020-09-19T16:00:12Z,1969
10.1776231365781,46.6675078984601,2020-09-19T17:00:11Z,1983
10.1791390164263,46.667756600205,2020-09-19T18:02:12Z,2042
10.1795372436647,46.6674051208588,2020-09-19T19:00:42Z,2044
10.1797746082376,46.6673761835465,2020-09-19T20:00:42Z,2044
10.17973042374,46.6670060914311,2020-09-19T21:00:15Z,2044
10.1796205644392,46.6659901407716,2020-09-19T22:01:02Z,2020
10.1792071472229,46.6659167076231,2020-09-19T23:00:42Z,2001
10.179137505328,46.6640810905559,2020-09-20T00:00:51Z,1955
10.1705965005892,46.6584057181115,2020-09-20T01:00:14Z,1706
10.1718068880656,46.6545927335647,2020-09-20T02:02:23Z,1770
10.1709321198721,46.6547128117054,2020-09-20T03:01:15Z,1764
10.1719536371952,46.6589033405154,2020-09-20T04:01:04Z,1742
10.1759828959496,46.6595994497893,2020-09-20T05:01:12Z,1823
10.1776017733772,46.6595868817424,2020-09-20T06:00:42Z,1852
10.178544931411,46.6608545887119,2020-09-20T07:00:11Z,1900
10.1785331775656,46.6630616304621,2020-09-20T08:00:12Z,1912
10.1785628637622,46.663354228766,2020-09-20T09:00:42Z,1912
10.1784969428311,46.6635405423918,2020-09-20T10:00:11Z,1920
10.1788997986079,46.6635660278172,2020-09-20T11:00:14Z,1935
10.1790036467811,46.663689138751,2020-09-20T12:00:41Z,1935
10.1790666162678,46.6636981897314,2020-09-20T13:00:13Z,1935
10.1788206108471,46.6627035058585,2020-09-20T14:00:42Z,1932
10.1797917736979,46.6627595581227,2020-09-20T15:00:11Z,1952
10.1797730249411,46.6632131569912,2020-09-20T16:00:53Z,1947
10.1807097488499,46.6655114952851,2020-09-20T17:00:42Z,2041
10.1803464931652,46.6661579525753,2020-09-20T18:01:06Z,2041
10.1798681536178,46.6661871939997,2020-09-20T19:00:42Z,2020
10.1799591487503,46.6662065435197,2020-09-20T20:00:21Z,2020
10.1799416741615,46.6661886522021,2020-09-20T21:00:42Z,2020
10.1804694950561,46.666618269111,2020-09-20T22:00:16Z,2054
10.1808730001384,46.6664542909204,2020-09-20T23:00:11Z,2077
10.1808907910502,46.6662941410097,2020-09-21T00:00:47Z,2060
10.1809491461111,46.6662594606883,2020-09-21T01:00:09Z,2060
10.1807378660419,46.6667189811534,2020-09-21T02:00:42Z,2077
10.1808617715594,46.6662996006716,2020-09-21T03:00:41Z,2060
10.1809897105516,46.6662738486519,2020-09-21T04:00:16Z,2060
10.1819126809752,46.6654180371347,2020-09-21T05:00:42Z,2073
10.1821898539001,46.6647228298456,2020-09-21T06:00:42Z,2059
10.1813782555874,46.6648157480831,2020-09-21T07:00:14Z,2041
10.1798357928394,46.6652762964298,2020-09-21T08:00:44Z,2009
10.1775301210163,46.6661315503967,2020-09-21T09:00:14Z,1942
10.1767573826823,46.667005630647,2020-09-21T10:00:19Z,1955
10.1769851954507,46.6671104760481,2020-09-21T11:00:42Z,1955
10.1769782710727,46.6670356199426,2020-09-21T12:00:41Z,1955
10.1768668298423,46.667008614484,2020-09-21T13:00:15Z,1955
10.1762773668396,46.6673696774452,2020-09-21T14:00:16Z,1943
10.1763858037845,46.6654691786891,2020-09-21T15:00:42Z,1900
10.1772129314333,46.6644444610191,2020-09-21T16:00:42Z,1915
10.1777087879715,46.665679711252,2020-09-21T17:00:15Z,1960
10.1763917771186,46.6683861760773,2020-09-21T18:01:12Z,1981
10.1765645365308,46.6685472353949,2020-09-21T19:00:42Z,1996
10.1771081933316,46.6685952039905,2020-09-21T20:00:33Z,2012
10.1771022600388,46.6685848199886,2020-09-21T21:00:42Z,2012
10.177215672638,46.6686543732428,2020-09-21T22:00:25Z,2012
10.1769525818063,46.668654763181,2020-09-21T23:00:42Z,1996
10.1755813972539,46.6687604454036,2020-09-22T00:00:42Z,1984
10.175330830173,46.6688389816748,2020-09-22T01:00:59Z,1984
10.1751633477425,46.6683717393397,2020-09-22T02:00:42Z,1957
10.1751577436278,46.6683622735695,2020-09-22T03:00:13Z,1957
10.1752662117054,46.6684118631697,2020-09-22T04:00:42Z,1968
10.1754884240352,46.6682789135093,2020-09-22T05:00:13Z,1968
10.1762912147719,46.6676304706981,2020-09-22T06:00:42Z,1963
10.1760175699764,46.6669472789493,2020-09-22T07:00:15Z,1922
10.1749378643334,46.6652124171434,2020-09-22T08:00:42Z,1864
10.1749227046105,46.6645776626497,2020-09-22T09:00:17Z,1855
10.1747661092633,46.664634463176,2020-09-22T10:00:42Z,1864
10.1747225905321,46.6647475569163,2020-09-22T11:00:13Z,1864
10.1743615968942,46.6649191004649,2020-09-22T12:00:42Z,1854
10.1734140938081,46.664873674589,2020-09-22T13:00:14Z,1850
10.173984132009,46.6642547147283,2020-09-22T14:00:21Z,1840
10.1737536875703,46.6642103777852,2020-09-22T15:00:43Z,1840
10.1732061079452,46.6638736329055,2020-09-22T16:00:42Z,1823
10.1766320640586,46.6651441831653,2020-09-22T17:00:43Z,1915
10.1784213013871,46.6676673242436,2020-09-22T18:00:42Z,2020
10.1795286478552,46.6668936917504,2020-09-22T19:00:13Z,2030
10.1797982555745,46.6661279712413,2020-09-22T20:00:40Z,2020
10.1794620167991,46.6663314650538,2020-09-22T21:00:45Z,2020
10.1795272975216,46.6665876337095,2020-09-22T22:00:42Z,2030
10.1788406330721,46.6672512885791,2020-09-22T23:01:31Z,2021
10.1785505211488,46.6673552216978,2020-09-23T00:00:42Z,2000
10.1786293030802,46.6671800952423,2020-09-23T01:00:42Z,2000
10.1785373143209,46.6670592471622,2020-09-23T02:00:11Z,2000
10.178723600797,46.6672641835082,2020-09-23T03:00:58Z,2000
10.1786714990027,46.6672299435403,2020-09-23T04:00:17Z,2000
10.1785258265777,46.6680761369672,2020-09-23T05:00:42Z,2020
10.1776623967704,46.6684751298821,2020-09-23T06:00:42Z,2030
10.1783471603917,46.6687686403417,2020-09-23T07:00:09Z,2080
10.1783023320871,46.6689644475445,2020-09-23T08:00:41Z,2080
10.1787038755058,46.6688504933179,2020-09-23T09:00:08Z,2080
10.1787605956414,46.668903785663304,2020-09-23T10:00:41Z,2080
10.1787361951053,46.6688850917635,2020-09-23T11:00:09Z,2080
10.1787807004552,46.6689105200814,2020-09-23T12:00:42Z,2080
10.1787724598206,46.6688505018664,2020-09-23T13:00:10Z,2080
10.1785331013156,46.6686949606387,2020-09-23T14:00:09Z,2048
10.1775740515458,46.6690185262675,2020-09-23T15:01:10Z,2041
10.1767330177805,46.6692208743916,2020-09-23T16:00:20Z,2021
10.1764636539338,46.6688150128156,2020-09-23T17:00:42Z,2021
10.1763696870922,46.6683677491788,2020-09-23T18:01:30Z,1981
10.1752358776743,46.669049261208,2020-09-23T19:00:11Z,1970
10.1752546704645,46.6689350698292,2020-09-23T20:00:42Z,1984
10.1752909369287,46.6689992162925,2020-09-23T21:00:10Z,1984
10.1775344677398,46.6681367773433,2020-09-23T22:00:14Z,1987
10.1782225049627,46.6677359891758,2020-09-23T23:01:29Z,2020
10.1783388939929,46.668048320943,2020-09-24T00:00:42Z,2020
10.1783824062351,46.6680339650376,2020-09-24T01:00:10Z,2020
10.1782933957164,46.668032473806,2020-09-24T02:00:42Z,2020
10.1782301002586,46.6680780390758,2020-09-24T03:00:42Z,2020
10.1789418571297,46.6675089695458,2020-09-24T04:00:23Z,2021
10.1790855336792,46.666361041107,2020-09-24T05:01:07Z,2001
10.1777733980986,46.6657118858234,2020-09-24T06:00:42Z,1960
10.1768905506274,46.6661306493244,2020-09-24T07:00:13Z,1924
10.1768658266731,46.6661357177233,2020-09-24T08:00:14Z,1924
10.1770619456286,46.6646156400473,2020-09-24T09:00:42Z,1915
10.1770362314047,46.664630294587,2020-09-24T10:00:14Z,1915
10.1766449212959,46.6651491989461,2020-09-24T11:00:16Z,1915
10.1774317743235,46.662636075733,2020-09-24T12:01:16Z,1882
10.1763606980622,46.6616779963247,2020-09-24T13:00:15Z,1841
10.1750427258603,46.6619625863176,2020-09-24T14:01:44Z,1826
10.1754739224828,46.6598084860686,2020-09-24T15:00:38Z,1808
10.1754541436471,46.6598767391856,2020-09-24T16:00:42Z,1808
10.1745040790957,46.6607928600354,2020-09-24T17:00:42Z,1795
10.171531272943101,46.6601504004387,2020-09-24T18:01:33Z,1748
10.1722437933809,46.6576823882583,2020-09-24T19:00:42Z,1715
10.1703644472782,46.6587394969326,2020-09-24T20:00:36Z,1689
10.170563824015,46.6589688394496,2020-09-24T21:00:23Z,1722
10.1707741400029,46.6589323740008,2020-09-24T22:02:20Z,1722
10.1707655547561,46.6591923571485,2020-09-24T23:00:42Z,1722
10.172460941215,46.659399425929,2020-09-25T00:00:42Z,1749
10.1724318534805,46.6607996030356,2020-09-25T01:00:17Z,1767
10.1719907245007,46.6616177819989,2020-09-25T02:01:00Z,1767
10.1728066683181,46.6615554545193,2020-09-25T03:00:17Z,1777
10.1727832372148,46.6616135214928,2020-09-25T04:00:34Z,1777
10.1739152886099,46.6617543800721,2020-09-25T05:00:42Z,1810
10.1768911156658,46.6617694146632,2020-09-25T06:00:08Z,1863
10.1766007135868,46.6632177681044,2020-09-25T07:00:20Z,1871
10.1750964529255,46.6631493026119,2020-09-25T08:00:41Z,1839
10.1754851287898,46.6640918173486,2020-09-25T09:00:08Z,1869
10.1751218257021,46.6649172255956,2020-09-25T10:00:10Z,1864
10.1733527838663,46.6648692300234,2020-09-25T11:00:42Z,1850
10.1758147982509,46.6639563216497,2020-09-25T12:00:36Z,1859
10.1730755197122,46.6647991900941,2020-09-25T13:00:15Z,1850
10.1730705694336,46.6648532735026,2020-09-25T14:00:42Z,1850
10.1730352896427,46.6648042167593,2020-09-25T15:00:42Z,1850
10.1716358480542,46.6643000258713,2020-09-25T16:02:00Z,1826
10.1728426663648,46.6675933745814,2020-09-25T17:00:14Z,1916
10.168150125839,46.6675971673226,2020-09-25T18:01:03Z,1850
10.1660661028231,46.669164753377,2020-09-25T19:00:42Z,1805
10.1663364094894,46.6696659794902,2020-09-25T20:01:30Z,1808
10.1672416231866,46.6708649716634,2020-09-25T21:00:42Z,1826
10.1672462354688,46.6708655078748,2020-09-25T22:00:15Z,1826
10.1672508477552,46.6708845568198,2020-09-25T23:00:42Z,1826
10.1671407534453,46.6726518125932,2020-09-26T00:01:10Z,1779
10.1624125737073,46.6711314587233,2020-09-26T01:00:43Z,1670
10.1625230927655,46.6707977874246,2020-09-26T02:00:51Z,1680
10.1648703177186,46.6687167099075,2020-09-26T03:01:00Z,1766
10.1648307668043,46.6686125020668,2020-09-26T04:00:14Z,1766
10.1661460696142,46.6657885540964,2020-09-26T05:01:36Z,1754
10.1719496690315,46.6591515087608,2020-09-26T06:00:42Z,1742
10.1756057825994,46.6605528784221,2020-09-26T07:00:27Z,1818
10.1749283237862,46.6627727464059,2020-09-26T08:00:41Z,1833
10.1748712926944,46.6627432241811,2020-09-26T09:00:12Z,1833
10.1748452473991,46.6628124925451,2020-09-26T10:00:42Z,1833
10.1748198648231,46.6631119832526,2020-09-26T11:00:20Z,1839
10.1739049712743,46.6654656828302,2020-09-26T12:01:13Z,1858
10.1732294535069,46.6651238104119,2020-09-26T13:00:10Z,1850
10.1727583097714,46.6664630828612,2020-09-26T14:00:42Z,1881
10.1715641222069,46.6674020599909,2020-09-26T15:01:00Z,1885
10.1702403260198,46.6683498165033,2020-09-26T16:01:04Z,1894
10.1684767639059,46.6684222988297,2020-09-26T17:00:42Z,1868
10.173842538572,46.6813376660658,2020-09-26T18:00:58Z,2005
10.1727265265384,46.6831248848511,2020-09-26T19:01:12Z,2032
10.1733112485449,46.68258957234,2020-09-26T20:00:41Z,2031
10.173019740807,46.6820542636344,2020-09-26T21:00:42Z,2022
10.1729092781408,46.6819929383634,2020-09-26T22:00:08Z,2022
10.1730434914781,46.6821080901916,2020-09-26T23:00:42Z,2022
10.1748404567559,46.6784805173588,2020-09-27T00:00:12Z,1971
10.1656523120883,46.6692816569141,2020-09-27T01:00:16Z,1787
10.1667914411864,46.6647375058707,2020-09-27T02:00:41Z,1756
10.1691097126278,46.6587931983697,2020-09-27T03:00:12Z,1680
10.1711315668319,46.6542139666211,2020-09-27T04:00:23Z,1766
10.1727768101409,46.6517324459685,2020-09-27T05:01:00Z,1775
10.172435136895,46.6493406043256,2020-09-27T06:00:15Z,1768
10.1833225814097,46.6421818291007,2020-09-27T07:00:43Z,1823
10.1845656394065,46.6402830470313,2020-09-27T08:00:43Z,1811
10.18468394082,46.6425687825317,2020-09-27T09:00:16Z,1869
10.1848412720856,46.6391274028079,2020-09-27T10:00:42Z,1795
10.1831808330244,46.6421135280277,2020-09-27T11:00:17Z,1823
10.1835433693036,46.6425081919577,2020-09-27T12:00:42Z,1851
10.1854029210148,46.6383012560098,2020-09-27T13:00:42Z,1794
10.1846492019501,46.6392267417048,2020-09-27T14:00:42Z,1785
10.1846690864639,46.6425212690934,2020-09-27T15:00:42Z,1861
10.1844599235937,46.6434369849696,2020-09-27T16:00:13Z,1882
10.1841049970044,46.6431374659092,2020-09-27T17:00:42Z,1873
10.1840345042994,46.6434035143191,2020-09-27T18:00:42Z,1865
10.1840849112987,46.643297378967,2020-09-27T19:00:14Z,1865
10.1842045022119,46.6430820107217,2020-09-27T20:01:04Z,1873
10.1842730715317,46.643162206618,2020-09-27T21:00:42Z,1873
10.1843000831678,46.6430709929514,2020-09-27T22:00:42Z,1873
10.1808886290121,46.6461009052112,2020-09-27T23:00:13Z,1843
10.1719799558225,46.6497242787155,2020-09-28T00:01:41Z,1757
10.1725427582082,46.6523074499067,2020-09-28T01:01:06Z,1776
10.1719891175434,46.6510337595616,2020-09-28T02:00:42Z,1758
10.172005907607,46.6515003695981,2020-09-28T03:00:42Z,1760
10.1724656851213,46.6515121615804,2020-09-28T04:00:42Z,1775
10.1728556430216,46.6504834893972,2020-09-28T05:00:50Z,1771
10.1692795482475,46.6560940433937,2020-09-28T06:00:41Z,1733
10.1707606015676,46.6558019655848,2020-09-28T07:00:14Z,1729
10.1760504643679,46.6585907628329,2020-09-28T08:00:42Z,1810
10.1761559475867,46.6588296197969,2020-09-28T09:00:14Z,1817
10.1761635323035,46.6587026009546,2020-09-28T10:00:42Z,1810
10.1764110934863,46.6589675839821,2020-09-28T11:00:13Z,1817
10.1763250544927,46.658696645976,2020-09-28T12:00:42Z,1810
10.1763141786241,46.6587094679234,2020-09-28T13:00:12Z,1810
10.1752273431689,46.6602868447165,2020-09-28T14:00:35Z,1798
10.1737181400229,46.6620559698127,2020-09-28T15:00:53Z,1810
10.1732410923024,46.6625517028852,2020-09-28T16:00:41Z,1805
10.1738699524071,46.6688425727722,2020-09-28T17:00:12Z,1957
10.1747878261019,46.6687064461616,2020-09-28T18:02:07Z,1957
10.1751415859967,46.6688726030073,2020-09-28T19:00:42Z,1970
10.1751567518459,46.6689272537976,2020-09-28T20:00:18Z,1970
10.1744897736094,46.6691215377921,2020-09-28T21:00:42Z,1962
10.1744419684766,46.6691177630799,2020-09-28T22:00:13Z,1962
10.1760271393377,46.6683377770898,2020-09-28T23:00:48Z,1981
10.1767010199612,46.6679776699889,2020-09-29T00:01:10Z,1974
10.1768813555213,46.6678451581376,2020-09-29T01:00:12Z,1974
10.1769222369634,46.6678913269765,2020-09-29T02:00:43Z,1974
10.1768826726783,46.6677747838929,2020-09-29T03:00:42Z,1974
10.1769759761846,46.6678499444815,2020-09-29T04:00:13Z,1974
10.1769130044435,46.6678038624357,2020-09-29T05:00:42Z,1974
10.1768628905732,46.6678183357854,2020-09-29T06:00:15Z,1974
10.1759806519787,46.6680599833796,2020-09-29T07:00:22Z,1963
10.1749777366766,46.6675823758154,2020-09-29T08:01:05Z,1941
10.174493751889,46.6675280809768,2020-09-29T09:00:12Z,1910
10.1745471677263,46.6674610971432,2020-09-29T10:00:12Z,1910
10.1740071377557,46.6670838114436,2020-09-29T11:00:42Z,1906
10.174654645604,46.6669093171865,2020-09-29T12:00:15Z,1889
10.1756582119696,46.666648231736,2020-09-29T13:00:45Z,1909
10.1756835980948,46.6666696828043,2020-09-29T14:00:23Z,1909
10.1755540317636,46.6667340231353,2020-09-29T15:00:42Z,1909
10.1759981257733,46.6679791376698,2020-09-29T16:00:42Z,1963
10.1757267927811,46.6689809311288,2020-09-29T17:00:55Z,1984
10.1784480097009,46.6674826374314,2020-09-29T18:00:38Z,2000
10.1804296106095,46.666531660299,2020-09-29T19:00:41Z,2054
10.1793627469818,46.6658324617073,2020-09-29T20:00:42Z,2001
10.1790690211527,46.6657719922609,2020-09-29T21:00:42Z,1994
10.1793024042938,46.6656888325622,2020-09-29T22:00:11Z,1994
10.1791847356101,46.665724560432,2020-09-29T23:01:01Z,1994
10.179070976913,46.6657034687314,2020-09-30T00:00:20Z,1994
10.179628128733,46.665708911016,2020-09-30T01:00:20Z,2009
10.1810486469398,46.6655498530682,2020-09-30T02:00:41Z,2041
10.1796737387195,46.6660085846795,2020-09-30T03:00:17Z,2020
10.1794211011749,46.6659829202446,2020-09-30T04:00:42Z,2020
10.17951309007,46.6659988553811,2020-09-30T05:00:10Z,2020
10.1790647247289,46.6657353560913,2020-09-30T06:00:36Z,1994
10.179034072765,46.6658349505269,2020-09-30T07:00:33Z,2001
10.178783825211,46.6652972969206,2020-09-30T08:00:42Z,1977
10.1773286615138,46.6652856983455,2020-09-30T09:00:10Z,1940
10.1777858903274,46.6643336194361,2020-09-30T10:00:42Z,1929
10.1777848981664,46.6643246933616,2020-09-30T11:00:36Z,1929
10.1778116043412,46.6643189646759,2020-09-30T12:00:09Z,1929
10.1788111456473,46.6642134434012,2020-09-30T13:00:15Z,1955
10.1785661929151,46.6638818001103,2020-09-30T14:01:33Z,1920
10.1767286510977,46.6647842172684,2020-09-30T15:00:42Z,1915
10.1760986598482,46.6657356603057,2020-09-30T16:00:10Z,1900
10.1779376522493,46.6673918045928,2020-09-30T17:00:38Z,1983
10.1773274105726,46.6672999778408,2020-09-30T18:02:09Z,1969
10.17853167691,46.6662783929778,2020-09-30T19:00:14Z,1980
10.178512887562,46.666121051579,2020-09-30T20:00:46Z,1980
10.1785600218312,46.6661723603018,2020-09-30T21:00:27Z,1980
10.1786463991546,46.6662282049855,2020-09-30T22:01:42Z,1980
10.1786711202781,46.6665255267001,2020-09-30T23:00:53Z,1986
10.1806260434733,46.6658949868313,2020-10-01T00:00:42Z,2060
10.1814393403387,46.6662077878392,2020-10-01T01:00:13Z,2077
10.181488144773,46.6661649446964,2020-10-01T02:01:12Z,2077
10.1815402558698,46.6662238647687,2020-10-01T03:00:13Z,2077
10.1814848384181,46.6662112907125,2020-10-01T04:00:42Z,2077
10.1822447096956,46.6660171565032,2020-10-01T05:00:13Z,2092
10.1802917172526,46.6651474788734,2020-10-01T06:00:18Z,2007
10.1796343418167,46.6647883683514,2020-10-01T07:00:42Z,1992
10.1796531298224,46.6648037711578,2020-10-01T08:00:12Z,1992
10.1789182967422,46.6645000340642,2020-10-01T09:00:42Z,1955
10.1791332088034,46.6637790792658,2020-10-01T10:00:16Z,1935
10.1785908577435,46.6631053584382,2020-10-01T11:00:36Z,1912
10.1786287841774,46.6631987737501,2020-10-01T12:00:16Z,1912
10.1785048338971,46.6631368044057,2020-10-01T13:00:10Z,1912
10.1791275325078,46.6628686409898,2020-10-01T14:01:12Z,1930
10.1794773230582,46.6633323194965,2020-10-01T15:00:10Z,1947
10.1800657403855,46.6631104216256,2020-10-01T16:00:42Z,1971
10.1824252055144,46.6645649517715,2020-10-01T17:01:00Z,2073
10.1853737435968,46.6652068850681,2020-10-01T18:00:41Z,2113
10.1871874016719,46.6641825794638,2020-10-01T19:00:42Z,2088
10.1845758607521,46.6644621781357,2020-10-01T20:00:42Z,2105
10.1847967293326,46.6646279240929,2020-10-01T21:00:14Z,2109
10.1847779456505,46.6646680643937,2020-10-01T22:00:42Z,2114
10.1834969184618,46.6646484766178,2020-10-01T23:00:27Z,2094
10.1813180123726,46.6658939995685,2020-10-02T00:01:26Z,2077
10.1809540797901,46.6660510964679,2020-10-02T01:00:42Z,2060
10.1809391806156,46.6658924761121,2020-10-02T02:00:54Z,2060
10.1810862713295,46.6660805101789,2020-10-02T03:00:45Z,2060
10.1810279163991,46.6660473071753,2020-10-02T04:00:42Z,2060
10.1807668381489,46.6663926330619,2020-10-02T05:00:42Z,2060
10.1794078891184,46.6652919819287,2020-10-02T06:00:15Z,2009
10.1784330338795,46.6646704099616,2020-10-02T07:00:15Z,1965
10.1784353422226,46.6646336474407,2020-10-02T08:00:41Z,1965
10.1784389658422,46.6646499400566,2020-10-02T09:00:07Z,1965
10.1769501956268,46.6650258676069,2020-10-02T10:00:16Z,1915
10.1770659243554,46.6656757864563,2020-10-02T11:00:36Z,1940
10.1770095531622,46.6656912931767,2020-10-02T12:00:42Z,1920
10.1767454823171,46.6656395505647,2020-10-02T13:00:16Z,1920
10.1752579761393,46.6662474687546,2020-10-02T14:01:22Z,1892
10.17482806978,46.6661650541305,2020-10-02T15:00:55Z,1879
10.171037743681,46.6654888069635,2020-10-02T16:00:58Z,1843
10.1694821356602,46.6671105828886,2020-10-02T17:01:20Z,1859
10.1667641594301,46.6668097152626,2020-10-02T18:00:43Z,1789
10.1691413653651,46.6656534475652,2020-10-02T19:00:42Z,1799
10.1691703677739,46.665654161129,2020-10-02T20:00:42Z,1799
10.1714397693334,46.6631356034615,2020-10-02T21:00:23Z,1785
10.172027846698,46.6637582647117,2020-10-02T22:01:06Z,1811
10.1725780693697,46.664120900683,2020-10-02T23:00:54Z,1834
10.1728019075174,46.664233225033,2020-10-03T00:00:42Z,1834
10.1727656423726,46.6642184422678,2020-10-03T01:00:42Z,1834
10.1728170720493,46.6642261646057,2020-10-03T02:01:24Z,1834
10.1730310560639,46.6643726591446,2020-10-03T03:01:25Z,1837
10.1727975808612,46.6647334645774,2020-10-03T04:00:42Z,1848
10.1730184897802,46.6645721726743,2020-10-03T05:00:42Z,1837
10.1731869583165,46.6645608370624,2020-10-03T06:00:28Z,1837
10.1731500217763,46.6646120860887,2020-10-03T07:00:42Z,1837
10.1733883787881,46.6650302749169,2020-10-03T08:00:42Z,1850
10.1734381527441,46.6649778423636,2020-10-03T09:00:42Z,1850
10.1742369492471,46.6659537594932,2020-10-03T10:00:11Z,1871
10.1731664655924,46.6663181753002,2020-10-03T11:00:10Z,1867
10.1746239987916,46.6659906627618,2020-10-03T12:01:12Z,1871
10.1742936605196,46.6659453497148,2020-10-03T13:00:13Z,1871
10.1743892764205,46.6652987388585,2020-10-03T14:00:44Z,1861
10.1757030466612,46.6659031827525,2020-10-03T15:00:24Z,1892
10.1719275361393,46.6657929067477,2020-10-03T16:00:44Z,1855
10.1673643652785,46.668145284514,2020-10-03T17:01:12Z,1834
10.1662756667259,46.6700459776743,2020-10-03T18:00:12Z,1804
10.1669116635418,46.6720248957763,2020-10-03T19:00:42Z,1773
10.1670617169852,46.6719250198327,2020-10-03T20:00:13Z,1788
10.1657253002281,46.6741593429653,2020-10-03T21:00:12Z,1774
10.1650491859283,46.6767364408067,2020-10-03T22:02:12Z,1801
10.1648782362416,46.6793464725927,2020-10-03T23:00:42Z,1836
10.1629861514893,46.6789808156422,2020-10-04T00:00:13Z,1860
10.1646592436315,46.6737528570348,2020-10-04T01:00:36Z,1744
10.1650723602487,46.6739180020047,2020-10-04T02:00:42Z,1744
10.1650268623421,46.6738959767214,2020-10-04T03:00:10Z,1744
10.1650924941684,46.6738815344535,2020-10-04T04:00:42Z,1744
10.1650341362066,46.6738915169878,2020-10-04T05:00:10Z,1744
10.1649110083432,46.6697009224784,2020-10-04T06:00:11Z,1772
10.1672498924731,46.6686221987682,2020-10-04T07:00:42Z,1839
10.1706442760394,46.6674153879772,2020-10-04T08:00:42Z,1875
10.1706198842057,46.6674337204515,2020-10-04T09:00:10Z,1875
10.1713604344963,46.6668089454558,2020-10-04T10:00:11Z,1872
10.1715542506265,46.6672140158459,2020-10-04T11:00:42Z,1885
10.1751864313116,46.6669859002934,2020-10-04T12:00:11Z,1897
10.175264566782,46.6669817249491,2020-10-04T13:00:12Z,1909
10.1752708316199,46.666888120955,2020-10-04T14:00:41Z,1909
10.1756549174966,46.6676757927203,2020-10-04T15:00:12Z,1952
10.1758444884066,46.6677973687091,2020-10-04T16:00:12Z,1963
10.1742135062228,46.6680545532086,2020-10-04T17:02:05Z,1932
10.1729597100077,46.6681729133888,2020-10-04T18:00:30Z,1937
10.1709587265328,46.6686384600687,2020-10-04T19:00:42Z,1902
10.1711348110867,46.6686482733027,2020-10-04T20:00:50Z,1911
10.1708248885039,46.6683205652798,2020-10-04T21:00:12Z,1902
10.1705868610371,46.6681871947654,2020-10-04T22:00:41Z,1902
10.1701575809078,46.6683534517605,2020-10-04T23:00:42Z,1894
10.1705061704953,46.6679680152232,2020-10-05T00:00:13Z,1879
10.1685927747875,46.6687769258728,2020-10-05T01:00:42Z,1872
10.1697032700491,46.6683140358548,2020-10-05T02:00:42Z,1886
10.1702554910587,46.6683365866471,2020-10-05T03:00:42Z,1894
10.1701760342652,46.6683926185598,2020-10-05T04:00:15Z,1894
10.1701911992953,46.66844110011,2020-10-05T05:00:42Z,1894
10.1708704257679,46.6678488919623,2020-10-05T06:00:15Z,1888
10.17276950897,46.666636292702,2020-10-05T07:00:17Z,1881
10.172841705111,46.6666340750511,2020-10-05T08:00:42Z,1881
10.1726241063653,46.6666749868028,2020-10-05T09:00:23Z,1881
10.172603368242,46.6662406003625,2020-10-05T10:00:42Z,1867
10.1727698456424,46.6663780186578,2020-10-05T11:00:14Z,1867
10.1727260094704,46.6662618607834,2020-10-05T12:00:14Z,1867
10.1726329979869,46.6671935233016,2020-10-05T13:00:15Z,1899
10.1731703665216,46.6678905253761,2020-10-05T14:01:36Z,1922
10.1751504897425,46.6682124465933,2020-10-05T15:00:13Z,1957
10.1759308710194,46.6685258667239,2020-10-05T16:00:13Z,1981
10.1742952365656,46.670127809646,2020-10-05T17:01:56Z,1991
10.1735639455825,46.6705376776639,2020-10-05T18:01:30Z,2003
10.1735619727686,46.6705568350859,2020-10-05T19:00:22Z,2003
10.1736384546077,46.6706221259356,2020-10-05T20:00:42Z,2003
10.1739022283709,46.6702409777496,2020-10-05T21:00:14Z,1979
10.1710157158516,46.6693344733356,2020-10-05T22:00:42Z,1913
10.1679647472149,46.6726608884236,2020-10-05T23:00:41Z,1794
10.1682416521374,46.6730385813127,2020-10-06T00:00:10Z,1820
10.1671283206338,46.6720861259873,2020-10-06T01:00:42Z,1788
10.1670356466591,46.6719387615373,2020-10-06T02:00:42Z,1788
10.1658930891535,46.6706328877005,2020-10-06T03:00:17Z,1792
10.1664827959973,46.6676172966168,2020-10-06T04:01:02Z,1814
10.1725246161433,46.6652123292209,2020-10-06T05:00:36Z,1848
10.1721919495035,46.6657468428704,2020-10-06T06:00:15Z,1855
10.172251623792,46.6657528759432,2020-10-06T07:00:15Z,1855
10.1726831587962,46.6660497178315,2020-10-06T08:00:41Z,1867
10.1737559314728,46.6664446412203,2020-10-06T09:00:07Z,1885
10.1746216831855,46.6664717498035,2020-10-06T10:00:19Z,1889
10.176393358516,46.6633303897076,2020-10-06T11:01:18Z,1860
10.1761787321114,46.662058932804,2020-10-06T12:00:42Z,1847
10.1768871645841,46.6619805436851,2020-10-06T13:00:42Z,1863
10.1781613264248,46.6630732159353,2020-10-06T14:00:42Z,1898
10.1791935497096,46.6638795081156,2020-10-06T15:00:42Z,1935
10.1789608738646,46.6655999065586,2020-10-06T16:00:26Z,1994
10.178907136906,46.6656289490489,2020-10-06T17:00:41Z,1994
10.1785914021711,46.6673335075623,2020-10-06T18:00:42Z,2000
10.178053716838,46.6679747467238,2020-10-06T19:00:42Z,2003
10.1763063877578,46.668339261283,2020-10-06T20:00:47Z,1981
10.1757462433646,46.6685600242214,2020-10-06T21:00:42Z,1968
10.1757465724561,46.6685177451612,2020-10-06T22:00:35Z,1968
10.1758270176118,46.6685323518893,2020-10-06T23:01:00Z,1968
10.1758154780521,46.6685310148259,2020-10-07T00:00:42Z,1968
10.1756618424487,46.6686084350081,2020-10-07T01:00:21Z,1968
10.1754735876921,46.6688052638951,2020-10-07T02:01:07Z,1984
10.1769255361218,46.6679190379422,2020-10-07T03:00:20Z,1974
10.176321218753,46.6678869618371,2020-10-07T04:00:42Z,1963
10.1763799016354,46.6678964028779,2020-10-07T05:00:09Z,1963
10.1764019915215,46.6678346049575,2020-10-07T06:00:42Z,1963
10.1738254574394,46.6681259762534,2020-10-07T07:00:10Z,1926
10.174192750216,46.6672375521271,2020-10-07T08:00:42Z,1910
10.1734499682676,46.6671153677278,2020-10-07T09:00:36Z,1903
10.173427564833,46.6665282671041,2020-10-07T10:00:11Z,1882
10.173203046262,46.6665868927178,2020-10-07T11:00:15Z,1882
10.1741159361188,46.6670047268564,2020-10-07T12:00:41Z,1910
10.1760561185084,46.6642223067482,2020-10-07T13:00:43Z,1885
10.1758724924287,46.6643949970694,2020-10-07T14:00:42Z,1885
10.1761368927658,46.6647623915885,2020-10-07T15:00:11Z,1896
10.1771206383498,46.6651126088348,2020-10-07T16:00:37Z,1933
10.1778907524714,46.6652864370966,2020-10-07T17:00:42Z,1960
10.1780064667916,46.6652822060018,2020-10-07T18:00:42Z,1960
10.177988000663,46.6652800727719,2020-10-07T19:00:42Z,1960
10.1780298727983,46.665285799083,2020-10-07T20:00:12Z,1960
10.1780394291335,46.6651890495098,2020-10-07T21:00:13Z,1951
10.1777582326648,46.6655399765424,2020-10-07T22:01:42Z,1960
10.1782165481139,46.667083809943,2020-10-07T23:00:42Z,2000
10.1780655819149,46.6678659233219,2020-10-08T00:00:12Z,2003
10.1771794072587,46.6685717141984,2020-10-08T01:00:42Z,2012
10.17951309007,46.6659803415171,2020-10-08T02:00:42Z,2020
10.1795374903301,46.6660052045515,2020-10-08T03:00:15Z,2020
10.1795338676811,46.6659703998886,2020-10-08T04:00:42Z,2020
10.1794985993574,46.6659768913813,2020-10-08T05:00:09Z,2020
10.1796007813851,46.6659411261485,2020-10-08T06:00:36Z,2020
10.1793241756556,46.6655767336077,2020-10-08T07:00:16Z,1994
10.1789374061987,46.6645657377822,2020-10-08T08:00:09Z,1955
10.1787277510103,46.664505296294,2020-10-08T09:00:36Z,1942
10.1774542581662,46.6648091855021,2020-10-08T10:00:41Z,1933
10.1771977662833,46.6646181535896,2020-10-08T11:00:16Z,1915
10.1773147965109,46.6646361210695,2020-10-08T12:00:36Z,1933
10.1780400755841,46.6647650731377,2020-10-08T13:00:32Z,1951
10.178173262613,46.6648219341663,2020-10-08T14:00:36Z,1951
10.1787060397146,46.6650370066204,2020-10-08T15:00:13Z,1965
10.1784601696875,46.6668069924611,2020-10-08T16:00:46Z,1986
10.1770722395244,46.6676803675463,2020-10-08T17:01:12Z,1987
10.1769984058857,46.6685419381363,2020-10-08T18:01:12Z,1996
10.1788686868747,46.6679589165743,2020-10-08T19:00:42Z,2042
10.1795434215983,46.6659477065519,2020-10-08T20:00:42Z,2020
10.1795048501638,46.6659635171974,2020-10-08T21:00:15Z,2020
10.1794629756069,46.6659392766528,2020-10-08T22:00:42Z,2020
10.1804038520653,46.6658921788377,2020-10-08T23:01:07Z,2041
10.1813212659631,46.6654527099292,2020-10-09T00:01:06Z,2057
10.1821790539565,46.6653280933049,2020-10-09T01:00:48Z,2073
10.1833848286637,46.6646566623534,2020-10-09T02:00:42Z,2094
10.1818741679807,46.6660632981062,2020-10-09T03:00:11Z,2092
10.1817775557208,46.6660098041155,2020-10-09T04:00:41Z,2092
10.1816427982232,46.6661272930548,2020-10-09T05:00:14Z,2077
10.1803820330399,46.6651094561851,2020-10-09T06:00:19Z,2007
10.1797111643646,46.6650582194554,2020-10-09T07:00:42Z,1992
10.1800516935676,46.6647309053376,2020-10-09T08:00:10Z,2007
10.1795775848518,46.663797050155,2020-10-09T09:00:19Z,1951
10.1793803313302,46.6622534846568,2020-10-09T10:00:41Z,1955
10.1793569270108,46.6622560624952,2020-10-09T11:00:10Z,1933
10.1794667034876,46.6622784717161,2020-10-09T12:00:11Z,1952
10.1793594857739,46.660942771266,2020-10-09T13:00:42Z,1921
10.1794181904898,46.6614952931828,2020-10-09T14:00:42Z,1954
10.1784626669429,46.6636238432247,2020-10-09T15:00:16Z,1920
10.1784053599912,46.665191758155,2020-10-09T16:00:13Z,1965
10.1777589617872,46.6673252700423,2020-10-09T17:00:42Z,1983
10.1761461586254,46.6684353112142,2020-10-09T18:00:42Z,1981
10.175739319672,46.6685407088593,2020-10-09T19:00:42Z,1968
10.1757788830639,46.6685708572586,2020-10-09T20:00:27Z,1968
10.1756456872786,46.6686682731845,2020-10-09T21:00:40Z,1968
10.1754099564539,46.669010357022,2020-10-09T22:00:47Z,1984
10.1749892657663,46.6690771207209,2020-10-09T23:00:42Z,1970
10.1751129006653,46.6691258227545,2020-10-10T00:00:16Z,1970
10.1752507132242,46.6693251491671,2020-10-10T01:00:42Z,1970
10.1751541134658,46.6690062919222,2020-10-10T02:01:04Z,1970
10.1780049178051,46.6678077671553,2020-10-10T03:00:09Z,2003
10.1792718209207,46.6667449413554,2020-10-10T04:01:18Z,2008
10.1795876049722,46.6663301471804,2020-10-10T05:00:18Z,2020
10.179565193926,46.6662429145656,2020-10-10T06:00:42Z,2020
10.1801499311299,46.6648815813265,2020-10-10T07:00:10Z,2007
10.1801192820557,46.6649256328668,2020-10-10T08:00:42Z,2007
10.1793969857895,46.6647741030749,2020-10-10T09:00:10Z,1992
10.1793712718883,46.6646344707924,2020-10-10T10:00:10Z,1979
10.1794141048813,46.6645195506936,2020-10-10T11:00:42Z,1968
10.1794091680575,46.6645551182919,2020-10-10T12:00:10Z,1968
10.1786344505937,46.6643931074075,2020-10-10T13:00:42Z,1942
10.1779500762089,46.6648533933144,2020-10-10T14:00:42Z,1951
10.1788141562379,46.6650610040484,2020-10-10T15:00:09Z,1979
10.1799647211667,46.6656050646117,2020-10-10T16:00:35Z,2025
10.1813766820104,46.6658972710761,2020-10-10T17:00:42Z,2077
10.1814752877651,46.6662154706603,2020-10-10T18:00:43Z,2077
10.1814732931908,46.6661297311399,2020-10-10T19:00:13Z,2077
10.1814100055105,46.6661629539618,2020-10-10T20:00:42Z,2077
10.1807111554425,46.6666876800499,2020-10-10T21:00:13Z,2077
10.1780296633158,46.6683889469105,2020-10-10T22:01:13Z,2030
10.1783431884087,46.6683564873758,2020-10-10T23:00:47Z,2048
10.1783580321284,46.6683731931692,2020-10-11T00:00:13Z,2048
10.1783310011842,46.6684397076186,2020-10-11T01:00:42Z,2048
10.1783656281196,46.6685115988245,2020-10-11T02:00:14Z,2048
10.1770125943314,46.6690998550937,2020-10-11T03:00:17Z,2021
10.1759790094933,46.6691229819071,2020-10-11T04:00:41Z,2002
10.1740226097045,46.6684353289011,2020-10-11T05:00:13Z,1944
10.1739385387169,46.6681699309165,2020-10-11T06:00:42Z,1944
10.1738993114377,46.668078989918,2020-10-11T07:00:13Z,1926
10.1733586223578,46.6675949565354,2020-10-11T08:00:24Z,1922
10.1732244415317,46.6677019560028,2020-10-11T09:00:42Z,1922
10.1732386209428,46.6676859664882,2020-10-11T10:00:15Z,1922
10.1735254597508,46.667325999121,2020-10-11T11:00:42Z,1906
10.1738940580705,46.6670768855616,2020-10-11T12:00:14Z,1906
10.1738340496747,46.6672057006009,2020-10-11T13:00:42Z,1906
10.1731776451791,46.6672689594741,2020-10-11T14:00:19Z,1903
10.172903327302,46.667466397935,2020-10-11T15:00:42Z,1903
10.1715983514936,46.6685036212853,2020-10-11T16:00:14Z,1911
10.1691691010647,46.6686506345448,2020-10-11T17:01:06Z,1878
10.1691143804644,46.6685905150755,2020-10-11T18:00:47Z,1878
10.1691377909354,46.668600279915,2020-10-11T19:00:43Z,1878
10.167317780886,46.6725780247256,2020-10-11T20:00:15Z,1779
10.1669711175143,46.6735182041086,2020-10-11T21:00:52Z,1793
10.1669385565939,46.6726557617251,2020-10-11T22:01:02Z,1766
10.1639992847612,46.6710834885622,2020-10-11T23:00:46Z,1711
10.1656330693652,46.6680610159749,2020-10-12T00:00:47Z,1772
10.1656726207562,46.6680849971319,2020-10-12T01:00:42Z,1772
10.1656597620932,46.6681170080146,2020-10-12T02:00:15Z,1772
10.1685781451906,46.6666373126331,2020-10-12T03:00:15Z,1829
10.1684122520887,46.6671867350315,2020-10-12T04:01:00Z,1849
10.1706755445038,46.6681939438251,2020-10-12T05:00:42Z,1902
10.1706999366872,46.6682558375496,2020-10-12T06:00:15Z,1902
10.1729336810864,46.6670449821174,2020-10-12T07:00:15Z,1903
10.1730642312711,46.667131514539,2020-10-12T08:00:41Z,1903
10.1730375298051,46.6670508403044,2020-10-12T09:00:07Z,1903
10.1733052780071,46.6656377775361,2020-10-12T10:00:15Z,1858
10.1734371478502,46.6656847906494,2020-10-12T11:00:42Z,1858
10.173674186644,46.6657475133897,2020-10-12T12:00:16Z,1858
10.1745013483271,46.6665248148165,2020-10-12T13:01:01Z,1889
10.1758200882854,46.6669393944112,2020-10-12T14:00:42Z,1909
10.1771823512271,46.6673766278279,2020-10-12T15:00:42Z,1969
10.1790584725041,46.6658598136371,2020-10-12T16:00:42Z,2001
10.1790693417568,46.6657976028297,2020-10-12T17:00:42Z,1994
10.1791346214591,46.665757551424,2020-10-12T18:00:21Z,1994
10.1799064065565,46.6662630279402,2020-10-12T19:00:42Z,2020
10.1810223516349,46.6665006715058,2020-10-12T20:00:15Z,2077
10.1816163455302,46.6658747693689,2020-10-12T21:00:18Z,2077
10.1824058579988,46.6653129179485,2020-10-12T22:00:42Z,2091
10.1818143875984,46.6647613385989,2020-10-12T23:00:34Z,2059
10.1798829614328,46.6655559254403,2020-10-13T00:00:16Z,2009
10.1791517752836,46.6658856017614,2020-10-13T01:00:38Z,2001
10.1790808843444,46.6657680798977,2020-10-13T02:00:15Z,1994
10.1790973645434,46.6657523583561,2020-10-13T03:00:42Z,1994
10.1790993525386,46.6658134131832,2020-10-13T04:00:59Z,2001
10.1785493357406,46.6631745843359,2020-10-13T05:00:15Z,1912
10.1780076472506,46.6617806303322,2020-10-13T06:00:42Z,1898
10.1776707279855,46.66134047025,2020-10-13T07:00:15Z,1895
10.1685283847618,46.6553986046561,2020-10-13T08:00:19Z,1712
10.1754956828874,46.6463786001469,2020-10-13T09:00:42Z,1790
10.1738441855306,46.6475335562014,2020-10-13T10:00:55Z,1774
10.1727081016041,46.6482694002007,2020-10-13T11:00:13Z,1764
10.1854953316763,46.6412116847752,2020-10-13T12:00:42Z,1857
10.1865185160199,46.6413769891409,2020-10-13T13:00:46Z,1892
10.1864874928297,46.6411547708158,2020-10-13T14:00:42Z,1892
10.186103038645,46.6435055730668,2020-10-13T15:00:12Z,1906
10.1867948209233,46.6422774073225,2020-10-13T16:00:44Z,1900
10.1878792566665,46.6422126435764,2020-10-13T17:00:42Z,1927
10.1871990333392,46.6416594812013,2020-10-13T18:00:42Z,1911
10.1863293523841,46.6430945123198,2020-10-13T19:00:42Z,1898
10.1707661119199,46.6531630252477,2020-10-13T20:00:09Z,1754
10.1709235773036,46.654133414023804,2020-10-13T21:00:42Z,1766
10.1719913921349,46.6512622809641,2020-10-13T22:00:42Z,1760
10.1720267910537,46.6495649629028,2020-10-13T23:00:41Z,1757
10.1721227345054,46.6491167898999,2020-10-14T00:00:11Z,1757
10.1727614117622,46.6497328509861,2020-10-14T01:02:45Z,1768
10.1703028954463,46.6542836522516,2020-10-14T02:01:04Z,1758
10.1700319971408,46.6598117391031,2020-10-14T03:00:57Z,1727
10.1714294032156,46.6601932510512,2020-10-14T04:00:42Z,1748
10.1714017233872,46.6601406852278,2020-10-14T05:00:12Z,1748
10.1713802832538,46.6601981369071,2020-10-14T06:00:12Z,1748
10.1749853977881,46.6582478345438,2020-10-14T07:00:41Z,1783
10.1758464250287,46.6599468574444,2020-10-14T08:00:12Z,1828
10.1761131199172,46.6608884636643,2020-10-14T09:00:12Z,1834
10.1761352015945,46.660752650038,2020-10-14T10:00:41Z,1834
10.1761543250264,46.6608800285087,2020-10-14T11:00:15Z,1834
10.1764183766832,46.660845369794004,2020-10-14T12:00:17Z,1834
10.1758299544551,46.6622212942074,2020-10-14T13:01:44Z,1835
10.1755856767212,46.6628171832804,2020-10-14T14:00:42Z,1842
10.1753153464603,46.6646240274464,2020-10-14T15:00:16Z,1869
10.1776478212272,46.6662007178817,2020-10-14T16:00:17Z,1961
10.1789853676078,46.6674452456492,2020-10-14T17:02:12Z,2021
10.179000181338001,46.6675792032673,2020-10-14T18:00:43Z,2042
10.1792956153874,46.6677615084402,2020-10-14T19:00:42Z,2042
10.1791927551655,46.6677892697287,2020-10-14T20:00:14Z,2042
10.1791189126105,46.6678239162846,2020-10-14T21:00:17Z,2042
10.1793042099155,46.6682791041785,2020-10-14T22:00:41Z,2070
10.1805925904329,46.6684855693157,2020-10-14T23:00:14Z,2123
10.1801894330523,46.6691194556924,2020-10-15T00:00:15Z,2125
10.1802863629356,46.669068969371,2020-10-15T01:00:43Z,2125
10.1802820626976,46.6690199847844,2020-10-15T02:00:17Z,2125
10.1801663865641,46.6694500160432,2020-10-15T03:00:42Z,2135
10.1808695723791,46.6691840883385,2020-10-15T04:00:17Z,2133
10.1807637227546,46.6688765152575,2020-10-15T05:00:42Z,2133
10.1807765802785,46.6688691882341,2020-10-15T06:00:12Z,2133
10.1777128756431,46.6700845375626,2020-10-15T07:00:13Z,2105
10.1770218407403,46.6700203967707,2020-10-15T08:00:41Z,2089
10.1767973194252,46.6700790287593,2020-10-15T09:00:14Z,2072
10.1767478573804,46.6699102047932,2020-10-15T10:00:15Z,2047
10.1767877603308,46.670299190773,2020-10-15T11:00:42Z,2072
10.1776136361672,46.6699064352677,2020-10-15T12:00:42Z,2087
10.1775902284741,46.669927526979,2020-10-15T13:00:16Z,2068
10.177605051547,46.669308625897,2020-10-15T14:00:42Z,2041
10.1755708481917,46.6700577850991,2020-10-15T15:00:21Z,2032
10.1743064419677,46.6702825054839,2020-10-15T16:00:42Z,1991
10.1746987929408,46.6699638503527,2020-10-15T17:00:42Z,2010
10.1748026475593,46.6699943930549,2020-10-15T18:00:15Z,2010
10.1747360481881,46.6699875614053,2020-10-15T19:00:42Z,2010
10.1747406636415,46.6699880969144,2020-10-15T20:00:15Z,2010
10.1702561880291,46.671498990178,2020-10-15T21:00:12Z,1883
10.1711377554792,46.6817111143914,2020-10-15T23:01:26Z,2017
10.1624428560476,46.6857682641317,2020-10-16T00:00:16Z,2084
10.1443211117663,46.695262516702,2020-10-16T01:01:37Z,1908
10.1245677967146,46.6991633579945,2020-10-16T02:00:42Z,1901
10.1156779545999,46.7005371901488,2020-10-16T03:00:42Z,1840
10.1078254718149,46.7099188525006,2020-10-16T04:02:45Z,1979
10.1190915283143,46.7044530974523,2020-10-16T05:00:20Z,2231
10.1293725735087,46.7028026429651,2020-10-16T06:00:42Z,2121
10.1294042799225,46.7028230299385,2020-10-16T07:00:13Z,2121
10.1293597058009,46.7028037940173,2020-10-16T08:00:42Z,2121
10.1292599884736,46.7028654203326,2020-10-16T09:00:11Z,2092
10.1294566764719,46.7028952354348,2020-10-16T10:01:00Z,2121
10.1330987996292,46.7006042815982,2020-10-16T11:00:11Z,2182
10.1327784951633,46.7007292128837,2020-10-16T12:00:11Z,2163
10.1323392087291,46.7010969091394,2020-10-16T13:00:42Z,2163
10.1320047132371,46.7013993305658,2020-10-16T14:00:11Z,2166
10.1317828818419,46.7025231339257,2020-10-16T15:00:11Z,2214
10.1313844348294,46.7024239823755,2020-10-16T16:00:41Z,2196
10.1271147520946,46.7026494938199,2020-10-16T18:00:53Z,2028
10.128392060532,46.6981594326246,2020-10-16T19:01:40Z,1863
10.1280640101783,46.6980805514283,2020-10-16T20:00:41Z,1846
10.1271616109924,46.7022793360256,2020-10-16T21:00:17Z,2003
10.1269906539717,46.7025802368046,2020-10-16T22:01:16Z,2028
10.1271685224417,46.7024478191807,2020-10-16T23:00:42Z,2028
10.1276395879073,46.7029280566316,2020-10-17T00:00:18Z,2063
10.1274181168747,46.703954030390904,2020-10-17T01:02:17Z,2077
10.1278257320483,46.7034476407861,2020-10-17T02:00:42Z,2063
10.128112006353,46.7028434123052,2020-10-17T03:00:42Z,2040
10.1280421897391,46.7034956353693,2020-10-17T04:00:42Z,2091
10.1298721480512,46.703344478903,2020-10-17T05:00:14Z,2147
10.1312456355982,46.7022712458136,2020-10-17T06:00:20Z,2169
10.1313642270597,46.7023741397515,2020-10-17T07:00:42Z,2196
10.1313968598081,46.7024775024717,2020-10-17T08:00:15Z,2196
10.1306303386326,46.7024882638438,2020-10-17T09:00:32Z,2176
10.1301845735347,46.7026524447529,2020-10-17T10:00:41Z,2151
10.1301822744819,46.7026460019923,2020-10-17T11:00:11Z,2151
10.1303458444311,46.7025211422686,2020-10-17T12:00:13Z,2151
10.1298137133048,46.7026244335205,2020-10-17T13:00:42Z,2121
10.129743884241,46.7023751292197,2020-10-17T14:00:42Z,2121
10.1302516556387,46.7021914400434,2020-10-17T15:00:14Z,2120
10.1303991683831,46.7021767990967,2020-10-17T16:00:41Z,2120
10.130592625042,46.7021110273543,2020-10-17T17:01:12Z,2146
10.1252258931288,46.7015335613634,2020-10-17T18:00:10Z,1981
10.1195210407399,46.6982702590076,2020-10-17T19:01:31Z,1848
10.1122286678786,46.7012093876784,2020-10-17T20:00:43Z,1849
10.090406184073,46.7120324476305,2020-10-17T21:00:31Z,1452
10.0863525090292,46.7139835703036,2020-10-17T22:01:29Z,1449
10.0865448057429,46.7144539272341,2020-10-17T23:00:13Z,1451
10.0862813314181,46.714559004176,2020-10-18T00:00:42Z,1451
10.0806297490505,46.7249833563703,2020-10-18T01:02:06Z,1474
10.0853918895269,46.743546631998,2020-10-18T02:01:12Z,1450
10.0927385410802,46.751487003688,2020-10-18T03:01:04Z,1574
10.1057620573891,46.753241688603,2020-10-18T04:01:36Z,1769
10.1113772307884,46.7533366718827,2020-10-18T05:00:14Z,1880
10.1142923248061,46.7523708506694,2020-10-18T06:00:42Z,1991
10.1161484090428,46.7526292042815,2020-10-18T07:00:14Z,2039
10.1160545595596,46.7526580405869,2020-10-18T08:00:14Z,2039
10.1156618001502,46.7523335733626,2020-10-18T09:00:42Z,2057
10.1157298890981,46.7523378449647,2020-10-18T10:00:42Z,2057
10.1156829645258,46.7523615047163,2020-10-18T11:00:13Z,2057
10.1170909591858,46.7526872092505,2020-10-18T12:00:42Z,2061
10.1163904609891,46.7523692903395,2020-10-18T13:00:42Z,2053
10.1164098078834,46.7523298632871,2020-10-18T14:00:12Z,2091
10.1164502649945,46.7523259961028,2020-10-18T15:00:42Z,2091
10.1212326592212,46.7537267747035,2020-10-18T16:01:52Z,2034
10.128184367301,46.7601903795845,2020-10-18T17:01:04Z,1752
10.1183302315233,46.7629937945602,2020-10-18T18:01:30Z,1512
10.1195059285153,46.7663674734783,2020-10-18T19:00:42Z,1416
10.1166562205645,46.7686660675085,2020-10-18T20:00:09Z,1390
10.1169576625552,46.7686654767086,2020-10-18T21:00:41Z,1390
10.1176916020159,46.7691859831118,2020-10-18T22:00:15Z,1404
10.1152172247193,46.7690643568902,2020-10-18T23:00:47Z,1407
10.1151399119176,46.7690527818486,2020-10-19T00:00:41Z,1404
10.1126497950546,46.7694133559524,2020-10-19T01:00:42Z,1413
10.1145900126153,46.7688726913625,2020-10-19T02:00:42Z,1402
10.1138012877602,46.7664523429247,2020-10-19T03:00:42Z,1401
10.1123370649287,46.7645149652326,2020-10-19T04:00:42Z,1405
10.1166499024554,46.7562985646078,2020-10-19T05:00:13Z,1816
10.1217579259828,46.7545024578538,2020-10-19T06:00:42Z,2019
10.1217270986066,46.7545527770635,2020-10-19T07:00:13Z,2019
10.1217027210232,46.7545832964473,2020-10-19T08:00:14Z,2019
10.1217284820783,46.7545686719404,2020-10-19T09:00:42Z,2019
10.1217413626044,46.754512071008,2020-10-19T10:00:15Z,2019
10.1217671236533,46.7545467351586,2020-10-19T11:00:42Z,2019
10.1217933520613,46.7545020022368,2020-10-19T12:00:41Z,2019
10.1222846432956,46.7545317795125,2020-10-19T13:00:42Z,2037
10.1222368037468,46.7545895331222,2020-10-19T14:00:13Z,2019
10.1221999955001,46.7546480270583,2020-10-19T15:00:42Z,2019
10.1231558553588,46.755244280747,2020-10-19T16:01:02Z,2028
10.1176332828529,46.7595618472062,2020-10-19T17:00:44Z,1624
10.122923068623,46.7658061209285,2020-10-19T18:01:10Z,1417
10.1209020361986,46.7663438327823,2020-10-19T19:00:16Z,1409
10.1205168832901,46.7664681771268,2020-10-19T20:00:13Z,1409
10.1205053569396,46.7666161330329,2020-10-19T21:01:45Z,1400
10.117705876076,46.7689543071343,2020-10-19T22:00:42Z,1404
10.1177362455445,46.768995706499,2020-10-19T23:00:14Z,1404
10.1176534239198,46.7688759358172,2020-10-20T00:00:42Z,1404
10.1176396279567,46.7687941111504,2020-10-20T01:00:40Z,1388
10.1169343418497,46.7675791773748,2020-10-20T02:00:14Z,1387
10.1115495604044,46.7634658263564,2020-10-20T03:00:41Z,1408
10.1137329865643,46.7612557452557,2020-10-20T04:00:20Z,1476
10.1221909737529,46.7586051767312,2020-10-20T05:00:41Z,1757
10.1253419766457,46.7594029474745,2020-10-20T06:00:41Z,1837
10.1263503767042,46.7581620179252,2020-10-20T07:00:12Z,1931
10.1265196791584,46.758189770321,2020-10-20T08:00:12Z,1932
10.1265431411743,46.7581933393053,2020-10-20T09:00:42Z,1932
10.1265380845443,46.7582968078749,2020-10-20T10:00:11Z,1884
10.1264589511425,46.7583102784522,2020-10-20T11:00:16Z,1884
10.126014996589,46.7580049489532,2020-10-20T12:00:41Z,1931
10.1263163232816,46.757856508064,2020-10-20T13:00:12Z,1931
10.1264934373972,46.7579049830639,2020-10-20T14:00:42Z,1932
10.1258990728205,46.7582570883588,2020-10-20T15:00:42Z,1886
10.1265275400167,46.7589742896844,2020-10-20T16:00:42Z,1839
10.124038119203,46.7603006066634,2020-10-20T17:00:42Z,1732
10.1118658360413,46.7645979621261,2020-10-20T18:00:42Z,1394
10.1117088392455,46.76489024748,2020-10-20T19:00:42Z,1389
10.1115234501646,46.7646632936017,2020-10-20T20:00:11Z,1387
10.1115313308954,46.76443756611,2020-10-20T21:00:44Z,1387
10.1117543866916,46.7649307896568,2020-10-20T22:00:42Z,1389
10.1107121228427,46.7649844013381,2020-10-20T23:00:12Z,1382
10.1105913821558,46.7657796533475,2020-10-21T00:00:13Z,1386
10.1101977541624,46.7665433241767,2020-10-21T01:00:41Z,1405
10.1090018535437,46.7631761631535,2020-10-21T02:00:42Z,1394
10.1094720815248,46.763239687118,2020-10-21T03:00:42Z,1394
10.1130585208994,46.7608329195801,2020-10-21T04:00:13Z,1467
10.1220156922939,46.7585301458898,2020-10-21T05:00:42Z,1757
10.1236443772325,46.7574045848189,2020-10-21T06:00:42Z,1896
10.124475215221,46.7576652481862,2020-10-21T07:00:13Z,1879
10.1244609535024,46.7578045291702,2020-10-21T08:00:42Z,1879
10.1245897669211,46.7578607819834,2020-10-21T09:00:15Z,1879
10.1252237137585,46.7580717455014,2020-10-21T10:00:42Z,1919
10.1250392357468,46.7582743067544,2020-10-21T11:00:12Z,1862
10.1253332072563,46.7581181554984,2020-10-21T12:00:42Z,1919
10.1253345866344,46.7580416342087,2020-10-21T13:00:26Z,1919
10.1253529898372,46.7581117075464,2020-10-21T14:00:42Z,1919
10.1252255590899,46.7581714230065,2020-10-21T15:00:42Z,1919
10.1251593102154,46.7581159731638,2020-10-21T16:00:13Z,1900
10.1249904717737,46.7582321090278,2020-10-21T17:01:03Z,1900
10.1220898516239,46.7573912672766,2020-10-21T18:01:28Z,1833
10.1097145863869,46.7631929031456,2020-10-21T19:00:42Z,1394
10.123443963134,46.7658867327036,2020-10-21T20:00:42Z,1415
10.1209650984361,46.766068065525,2020-10-21T21:01:12Z,1409
10.1212830798441,46.7658853586931,2020-10-21T22:00:13Z,1423
10.121315748798,46.7658592842538,2020-10-21T23:00:42Z,1423
10.122732555445,46.7661031249167,2020-10-22T00:00:11Z,1405
10.1219779397756,46.7654614319306,2020-10-22T01:00:42Z,1421
10.1212011731208,46.7658608856558,2020-10-22T02:00:42Z,1423
10.1198323581992,46.7609336050463,2020-10-22T03:00:42Z,1613
10.1235191934928,46.7587180984003,2020-10-22T04:00:17Z,1823
10.1235633649926,46.7586241813292,2020-10-22T05:00:42Z,1823
10.1205420844063,46.7546894851163,2020-10-22T06:00:12Z,1991
10.1218609700474,46.7546349529675,2020-10-22T07:00:40Z,2019
10.1217790881649,46.7545180638852,2020-10-22T08:00:12Z,2019
10.1218402751474,46.7544906615759,2020-10-22T09:00:42Z,2019
10.1216825328896,46.7539500160952,2020-10-22T10:00:42Z,2052
10.1209796759163,46.7535702217016,2020-10-22T11:00:58Z,2020
10.1211024954465,46.7535607237267,2020-10-22T12:00:42Z,2034
10.1209552998157,46.7535391309017,2020-10-22T13:01:04Z,2057
10.1210077355348,46.7535682067966,2020-10-22T14:00:09Z,2020
10.122044114401,46.7536912193644,2020-10-22T15:00:36Z,2052
10.1229383293861,46.7545992834933,2020-10-22T16:00:42Z,2057
10.1238776674364,46.755199196484,2020-10-22T17:00:22Z,2049
10.1236149882517,46.7555120064412,2020-10-22T18:00:41Z,2013
10.1235390785544,46.7555178135949,2020-10-22T19:00:08Z,2013
10.120529795218,46.7573729720303,2020-10-22T20:00:35Z,1791
10.1179316547944,46.7668356807366,2020-10-22T21:00:41Z,1407
10.1179841485561,46.7667338435366,2020-10-22T22:00:07Z,1407
10.1247646107583,46.7680843253761,2020-10-22T23:00:42Z,1381
10.125658732485,46.7681801379938,2020-10-23T00:00:16Z,1380
10.127990211981,46.7651154629553,2020-10-23T01:00:42Z,1468
10.1226961638847,46.7670417536647,2020-10-23T02:00:42Z,1397
10.1235152790236,46.7662283797962,2020-10-23T03:00:42Z,1402
10.1215392013811,46.7625467825533,2020-10-23T04:00:13Z,1569
10.1263293229753,46.7602931349974,2020-10-23T05:00:15Z,1761
10.1278096371241,46.757703033647,2020-10-23T06:01:00Z,1905
10.1275359068524,46.7579273610988,2020-10-23T07:00:18Z,1923
10.1274310273237,46.7580124093717,2020-10-23T08:00:42Z,1923
10.127394684419,46.7579668671379,2020-10-23T09:00:12Z,1923
10.1273399347305,46.7579251809971,2020-10-23T10:00:42Z,1923
10.127166499659,46.7580222612649,2020-10-23T11:00:10Z,1923
10.1269691332385,46.7579164360941,2020-10-23T12:00:42Z,1932
10.1266231596086,46.7576915378597,2020-10-23T13:00:22Z,1932
10.1262210771265,46.7576508347108,2020-10-23T14:00:42Z,1972
10.1261635731721,46.7576143322839,2020-10-23T15:00:15Z,1972
10.1261612629488,46.7575386138148,2020-10-23T16:00:42Z,1972
10.1274775705977,46.7589243554061,2020-10-23T17:00:08Z,1833
10.1234487468767,46.7603444296972,2020-10-23T18:01:29Z,1717
10.1119687474056,46.7651709434337,2020-10-23T19:00:11Z,1389
10.1164496263833,46.7686329682687,2020-10-23T20:00:57Z,1390
10.1162997712385,46.7651104550369,2020-10-23T21:00:42Z,1451
10.1163504001221,46.7653370556357,2020-10-23T22:00:15Z,1428
10.1156215524996,46.7650780721696,2020-10-23T23:00:42Z,1445
10.1155437627342,46.7650227027977,2020-10-24T00:02:12Z,1445
10.1112789627269,46.7651817584703,2020-10-24T01:00:28Z,1383
10.1093931787838,46.7640593104712,2020-10-24T02:00:32Z,1390
10.110475510285,46.7654065065151,2020-10-24T03:01:12Z,1392
10.1089370337923,46.7629455944015,2020-10-24T04:00:42Z,1395
10.1136624738247,46.7569262193732,2020-10-24T05:00:10Z,1706
10.1158911114716,46.7570029347275,2020-10-24T06:00:10Z,1765
10.1159090750554,46.7530887414466,2020-10-24T07:00:42Z,1999
10.1160116924449,46.7528925268899,2020-10-24T08:00:12Z,2039
10.1160618238207,46.7531123162783,2020-10-24T09:00:42Z,1999
10.1160314669713,46.7530216243489,2020-10-24T10:00:42Z,1999
10.1160061883749,46.7529630138998,2020-10-24T11:00:10Z,1999
10.1161179414231,46.753102127459,2020-10-24T12:00:42Z,1999
10.1161487800849,46.752910103214,2020-10-24T13:00:10Z,2039
10.1158635969351,46.7532069214308,2020-10-24T14:00:41Z,1999
10.1159573907388,46.7530501721281,2020-10-24T15:00:12Z,1999
10.1169173305182,46.7534555769906,2020-10-24T16:00:45Z,2008
10.1168279233748,46.7542041208573,2020-10-24T17:00:18Z,1927
10.1087431817369,46.761772489319,2020-10-24T18:00:42Z,1405
10.1095511860277,46.7633740971444,2020-10-24T19:00:09Z,1394
10.1087722325239,46.7632649202862,2020-10-24T20:00:42Z,1394
10.1092470549376,46.7633351851601,2020-10-24T21:00:42Z,1394
10.109553483299,46.7633374227984,2020-10-24T22:00:09Z,1394
10.1073529962841,46.757959493893,2020-10-24T23:00:59Z,1554
10.1089723261251,46.7581772779029,2020-10-25T00:00:41Z,1566
10.1088968252874,46.7583193231011,2020-10-25T01:00:42Z,1548
10.1122894519836,46.7617181253324,2020-10-25T02:00:42Z,1453
10.1133936394244,46.7661924886084,2020-10-25T03:00:42Z,1396
10.1125092382659,46.7641910170419,2020-10-25T04:00:13Z,1405
10.1194116886552,46.7585844187008,2020-10-25T05:00:27Z,1716
10.1244660157967,46.7575578606398,2020-10-25T07:00:42Z,1915
10.124508340004,46.7574904943907,2020-10-25T08:00:09Z,1915
10.1246748756952,46.7575650559443,2020-10-25T09:00:11Z,1939
10.1250051835339,46.7572681248874,2020-10-25T10:00:41Z,1939
10.125000123798,46.7572545374315,2020-10-25T11:00:10Z,1939
10.1219189591239,46.7542394035014,2020-10-25T12:00:42Z,2019
10.1220362655419,46.7541833271917,2020-10-25T13:00:42Z,2019
10.1219447198694,46.7542555843653,2020-10-25T14:00:42Z,2019
10.1240630555873,46.7548824589438,2020-10-25T15:00:10Z,2066
10.1284473988211,46.75343860685,2020-10-25T16:00:58Z,2005
10.1302762759173,46.7559507627973,2020-10-25T17:00:11Z,1864
10.1304373793076,46.7566116446121,2020-10-25T18:00:42Z,1832
10.1285365619927,46.7623722368349,2020-10-25T19:01:00Z,1666
10.1234241529651,46.7667479735304,2020-10-25T20:00:42Z,1395
10.1237494997671,46.7661956181579,2020-10-25T21:00:42Z,1402
10.1236546810632,46.7674044380442,2020-10-25T22:00:42Z,1389
10.1222838523155,46.7671278871193,2020-10-25T23:00:13Z,1392
10.1238442813212,46.7667949643425,2020-10-26T00:00:42Z,1394
10.1242588783963,46.7680829424169,2020-10-26T01:00:42Z,1382
10.1250167835321,46.7676127135185,2020-10-26T02:00:41Z,1386
10.1241466164615,46.7661103411061,2020-10-26T03:00:42Z,1400
10.1311066362272,46.7583182298519,2020-10-26T04:00:12Z,1715
10.1303863008172,46.7563273775223,2020-10-26T05:00:42Z,1864
10.1286509098667,46.7557523111183,2020-10-26T06:00:16Z,1943
10.1284802347942,46.7555546472813,2020-10-26T07:00:42Z,1943
10.1282161696025,46.7556822552951,2020-10-26T08:00:12Z,1943
10.1281494654878,46.7555337020347,2020-10-26T09:00:42Z,1943
10.1281135980775,46.7556197217239,2020-10-26T10:00:29Z,1973
10.1281664741696,46.7554693322639,2020-10-26T11:00:52Z,1943
10.1281214257019,46.7557035551355,2020-10-26T12:01:33Z,1973
10.1290718177406,46.7552893019812,2020-10-26T13:01:35Z,1940
10.1288832109257,46.7553872512935,2020-10-26T14:03:06Z,1920
10.128725919108,46.7555740915275,2020-10-26T15:00:30Z,1943
10.1308922105374,46.7555856255149,2020-10-26T16:00:48Z,1883
10.1299736976682,46.7569257036036,2020-10-26T17:00:09Z,1832
10.1298458138531,46.7568908164816,2020-10-26T18:01:12Z,1856
10.130751244252,46.7573776632311,2020-10-26T19:02:00Z,1779
10.1304611782164,46.7587788976553,2020-10-26T20:01:11Z,1753
10.1283464051934,46.7656771211421,2020-10-26T21:00:42Z,1448
10.126589665675,46.7680757350994,2020-10-26T22:01:12Z,1384
10.1213868364201,46.7695307755449,2020-10-26T23:00:42Z,1383
10.1214623168759,46.7694071947656,2020-10-27T00:00:13Z,1377
10.1214139915431,46.7694211476325,2020-10-27T01:00:42Z,1377
10.1201697955622,46.7676665329586,2020-10-27T02:00:42Z,1392
10.1202834605468,46.767600438605,2020-10-27T03:00:42Z,1392
10.1204294342791,46.7665711569595,2020-10-27T04:00:11Z,1402
10.1185929402934,46.7632199882926,2020-10-27T05:01:12Z,1512
10.1232348369426,46.7595290151813,2020-10-27T06:00:41Z,1727
10.1227117819514,46.7585610713936,2020-10-27T07:00:42Z,1777
10.1227876908029,46.7584828257905,2020-10-27T08:00:11Z,1777
10.1227485926609,46.7584347990331,2020-10-27T09:00:16Z,1777
10.122795985069,46.7584303038057,2020-10-27T10:00:41Z,1777
10.1227458277993,46.7585570405621,2020-10-27T11:00:13Z,1777
10.122985065429,46.7583345590157,2020-10-27T12:00:53Z,1800
10.1226781882697,46.7586535486786,2020-10-27T13:00:45Z,1777
10.1229031631443,46.7584040065452,2020-10-27T14:00:42Z,1800
10.1227725090214,46.7585391364934,2020-10-27T15:00:41Z,1777
10.1228930573246,46.7583861437832,2020-10-27T16:01:06Z,1800
10.123605194443,46.7596603054633,2020-10-27T17:00:28Z,1746
10.1200006450147,46.765892193434,2020-10-27T18:00:42Z,1432
10.117621187586,46.7691629621127,2020-10-27T19:00:45Z,1404
10.1180790747494,46.769209784728,2020-10-27T20:00:14Z,1404
10.1183399933321,46.7691961078561,2020-10-27T21:00:41Z,1401
10.1167432098242,46.7686671449949,2020-10-27T22:00:12Z,1390
10.1128210010133,46.7692112856123,2020-10-27T23:01:00Z,1413
10.1141858973389,46.7694206379488,2020-10-28T00:02:37Z,1402
10.1136092486517,46.7696788834225,2020-10-28T01:00:54Z,1418
10.1123613825663,46.7688121143887,2020-10-28T02:00:42Z,1404
10.1121134325635,46.7644784977449,2020-10-28T03:01:42Z,1394
10.1122929124866,46.7644040579777,2020-10-28T04:00:18Z,1405
10.1183731015406,46.7595428307135,2020-10-28T05:00:42Z,1638
10.1253060980672,46.7598108494976,2020-10-28T06:00:09Z,1799
10.1254399778078,46.7597143432855,2020-10-28T07:00:42Z,1799
10.1253185175011,46.7597027669697,2020-10-28T08:00:09Z,1799
10.1254666630997,46.7597026012103,2020-10-28T09:00:11Z,1799
10.1254597614596,46.7597510211763,2020-10-28T10:00:41Z,1799
10.1254712641983,46.7598202312116,2020-10-28T11:00:14Z,1799
10.126045369211,46.7582634777401,2020-10-28T12:01:42Z,1886
10.126400056991,46.7582009352013,2020-10-28T13:00:42Z,1932
10.1267013956904,46.7580786414654,2020-10-28T14:00:42Z,1932
10.1267478647677,46.7581959850032,2020-10-28T15:00:42Z,1932
10.1269006667706,46.7591080505262,2020-10-28T16:00:24Z,1839
10.1219138228895,46.7613257900629,2020-10-28T17:01:01Z,1618
10.1193802948815,46.7663452062219,2020-10-28T18:00:42Z,1416
10.1177721245369,46.7692685025962,2020-10-28T19:00:42Z,1404
10.1174246966675,46.7693125612165,2020-10-28T20:00:33Z,1406
10.1177159841645,46.7692786854528,2020-10-28T21:00:42Z,1404
10.1192354368997,46.7701302734267,2020-10-28T22:00:10Z,1438
10.1172722747755,46.7701367725237,2020-10-28T23:00:42Z,1445
10.117375359478,46.7701337237319,2020-10-29T00:00:12Z,1445
10.1149343347508,46.7722912444419,2020-10-29T01:00:43Z,1520
10.1149817028017,46.7723129445288,2020-10-29T02:00:42Z,1520
10.1187641832172,46.7704597014515,2020-10-29T03:00:11Z,1438
10.1200792834321,46.7623674153209,2020-10-29T04:01:00Z,1574
10.1219423733239,46.7609779338265,2020-10-29T05:00:13Z,1646
10.1291938376375,46.7563425783159,2020-10-29T06:00:43Z,1901
10.1282879499086,46.7556487363683,2020-10-29T07:00:35Z,1943
10.1282451568339,46.7555907009689,2020-10-29T08:00:42Z,1943
10.1281191247733,46.7556539792704,2020-10-29T09:00:12Z,1973
10.1279024532887,46.755766265041,2020-10-29T10:00:41Z,1973
10.1283049581767,46.755602849233,2020-10-29T11:00:42Z,1943
10.1282617376628,46.7557366007504,2020-10-29T12:01:12Z,1943
10.1283647594416,46.7556396414965,2020-10-29T13:01:36Z,1943
10.1283541797755,46.7556041149034,2020-10-29T14:01:04Z,1943
10.129910874616,46.7549968845829,2020-10-29T15:00:35Z,1930
10.1307458808012,46.7552881828331,2020-10-29T16:00:42Z,1907
10.1304175564734,46.7562346176782,2020-10-29T17:00:24Z,1864
10.1304626960157,46.7565408773388,2020-10-29T18:01:00Z,1832
10.1304014832711,46.7565791146938,2020-10-29T19:00:42Z,1832
10.1302448636635,46.7579955304751,2020-10-29T20:01:13Z,1776
10.1294320579013,46.7631923430288,2020-10-29T21:01:25Z,1567
10.1250135617843,46.7674924862192,2020-10-29T22:00:42Z,1386
10.1180859730502,46.7691182571872,2020-10-29T23:00:15Z,1404
10.1186261289214,46.7704084517504,2020-10-30T00:00:42Z,1441
10.1188364223343,46.7705624321806,2020-10-30T01:00:07Z,1438
10.1175791832513,46.7705909049786,2020-10-30T02:00:42Z,1443
10.119245619162,46.7694535829451,2020-10-30T03:00:08Z,1417
10.1214014674039,46.7644922116758,2020-10-30T04:00:11Z,1491
10.1227277169775,46.7618356926459,2020-10-30T05:00:56Z,1600
10.1273672318052,46.7597759283875,2020-10-30T06:01:09Z,1797
10.1278763232237,46.7572956074275,2020-10-30T07:00:07Z,1940
10.1279554378255,46.757292954936,2020-10-30T08:00:43Z,1940
10.1280124886854,46.7572609982365,2020-10-30T09:00:42Z,1940
10.1279062145388,46.7572239206015,2020-10-30T10:00:42Z,1940
10.1278873552215,46.7572948574168,2020-10-30T11:01:01Z,1940
10.1279319766595,46.757160008224,2020-10-30T12:01:00Z,1940
10.1281435778144,46.7569648686209,2020-10-30T13:01:30Z,1954
10.1283464471941,46.7567584438513,2020-10-30T14:00:47Z,1922
10.1279692007052,46.7565030949895,2020-10-30T15:01:05Z,1954
10.1279581904271,46.7571953595599,2020-10-30T16:00:42Z,1940
10.1272047227746,46.7584400603362,2020-10-30T17:00:34Z,1876
10.1315382348112,46.7567704453615,2020-10-30T18:01:45Z,1792
10.1308704457825,46.7575136626849,2020-10-30T19:00:42Z,1779
10.1306120839447,46.7586010313804,2020-10-30T20:01:09Z,1730
10.1306052174319,46.7587988244112,2020-10-30T21:00:42Z,1730
10.131404860706,46.7590706183768,2020-10-30T22:01:09Z,1695
10.1300451345228,46.7684356445679,2020-10-30T23:00:42Z,1409
10.131870336679,46.7694419383972,2020-10-31T00:00:16Z,1390
10.1380948148979,46.7676780575107,2020-10-31T01:00:42Z,1395
10.133936769951,46.7680096808064,2020-10-31T02:00:41Z,1412
10.1316913381958,46.7636488794833,2020-10-31T03:00:45Z,1551
10.1318185679302,46.7570990913311,2020-10-31T04:00:42Z,1748
10.1293115886661,46.756071549269,2020-10-31T05:00:42Z,1901
10.1282783655296,46.756815794103,2020-10-31T06:00:36Z,1922
10.1280327023015,46.7567547108288,2020-10-31T07:00:36Z,1954
10.1275147277379,46.7573619466527,2020-10-31T08:00:34Z,1961
10.1275280616078,46.7574107709121,2020-10-31T09:00:27Z,1961
10.1276416904569,46.7573631510064,2020-10-31T10:00:42Z,1940
10.1275841876804,46.7574005784109,2020-10-31T11:00:34Z,1940
10.1277152993997,46.7574139904925,2020-10-31T12:00:42Z,1940
10.1275542951846,46.7572196708189,2020-10-31T13:00:50Z,1961
10.1276062722659,46.7574128999244,2020-10-31T14:00:41Z,1940
10.1277451912081,46.7572314091925,2020-10-31T15:00:42Z,1940
10.1282627326905,46.7568036453648,2020-10-31T16:00:15Z,1922
10.1301708210067,46.7552651865661,2020-10-31T17:00:38Z,1919
10.1301795089878,46.7548005869012,2020-10-31T18:00:42Z,1919
10.1301937630456,46.7547722014543,2020-10-31T19:00:42Z,1919
10.1301689299189,46.7549745376378,2020-10-31T20:00:10Z,1919
10.129997362731,46.7545968068678,2020-10-31T21:00:42Z,1931
10.1301082381838,46.7551335093349,2020-10-31T22:00:42Z,1919
10.1302108002811,46.7553931968024,2020-10-31T23:00:13Z,1896
10.1301326254608,46.7551522774829,2020-11-01T00:00:43Z,1919
10.1306092987778,46.7584506870363,2020-11-01T01:00:41Z,1730
10.1298410999953,46.7595784378556,2020-11-01T02:01:24Z,1736
10.1299896030232,46.7587242201438,2020-11-01T03:01:13Z,1753
10.1302532145864,46.7584896881819,2020-11-01T04:00:16Z,1753
10.1290836386218,46.7584739335729,2020-11-01T05:01:00Z,1813
10.1284125809583,46.7552292193202,2020-11-01T06:00:42Z,1962
10.1278164378143,46.7561685135548,2020-11-01T07:00:25Z,1961
10.127780096317201,46.7561907397877,2020-11-01T08:00:42Z,1961
10.1272349874996,46.7572033214749,2020-11-01T09:00:13Z,1961
10.1269971964797,46.757815848244,2020-11-01T10:00:42Z,1923
10.1270243363654,46.7578602385561,2020-11-01T11:00:46Z,1923
10.1261277150176,46.7582085452011,2020-11-01T12:00:39Z,1931
10.1256768670061,46.7583289450144,2020-11-01T13:00:42Z,1878
10.1257490970326,46.7583762175662,2020-11-01T14:00:42Z,1878
10.1253258476859,46.7580796387819,2020-11-01T15:00:42Z,1919
10.1261217448177,46.7584338538062,2020-11-01T16:00:42Z,1886
10.1248381988444,46.7590100212328,2020-11-01T17:01:42Z,1824
10.1255816681591,46.7593105225034,2020-11-01T18:00:17Z,1837
10.1256060527292,46.7593046521375,2020-11-01T19:00:42Z,1837
10.1284761023167,46.7607084816717,2020-11-01T20:00:30Z,1728
10.126769116285,46.7676362528436,2020-11-01T21:00:42Z,1391
10.1213345092395,46.7673916635411,2020-11-01T22:00:08Z,1394
10.1216460262819,46.7677354952507,2020-11-01T23:00:42Z,1386
10.1224053476024,46.7669038245733,2020-11-02T00:00:14Z,1397
10.1297135674226,46.7625174505072,2020-11-02T01:00:42Z,1594
10.1318033848872,46.7572046927454,2020-11-02T02:00:27Z,1748
10.1310303472648,46.7564854005968,2020-11-02T03:00:42Z,1848
10.1291050750152,46.7563125797367,2020-11-02T04:00:15Z,1901
10.1292356190545,46.7556785843531,2020-11-02T05:00:42Z,1920
10.1272248774044,46.7571699855802,2020-11-02T06:00:42Z,1961
10.126993942228,46.757279849511,2020-11-02T07:00:10Z,1961
10.1270992756077,46.7572386192895,2020-11-02T08:00:42Z,1961
10.1271365412537,46.7572007904814,2020-11-02T09:00:42Z,1961
10.1272428134523,46.7572009037208,2020-11-02T10:00:42Z,1961
10.1272225766309,46.7572374666077,2020-11-02T11:00:46Z,1961
10.1273366581588,46.7571843764257,2020-11-02T12:00:20Z,1961
10.1271774849346,46.7571976228632,2020-11-02T13:00:41Z,1961
10.1263719496181,46.7572050636145,2020-11-02T14:00:12Z,1972
10.126518241181,46.7571806485939,2020-11-02T15:00:38Z,1972
10.1265559613148,46.7571250278888,2020-11-02T16:00:42Z,1972
10.1293717468669,46.7550510254304,2020-11-02T17:01:08Z,1930
10.1295920905067,46.7550473343943,2020-11-02T18:00:42Z,1930
10.1297135119958,46.7550574148502,2020-11-02T19:00:12Z,1930
10.1297291736634,46.7550402476525,2020-11-02T20:00:39Z,1930
10.1319473796527,46.7570136350986,2020-11-02T21:00:23Z,1775
10.1300187744426,46.7635387071266,2020-11-02T22:01:52Z,1564
10.1221398197057,46.7671525847389,2020-11-02T23:00:41Z,1394
10.1215793014559,46.7677040015144,2020-11-03T00:00:39Z,1386
10.1216557144741,46.7672552590774,2020-11-03T01:00:19Z,1394
10.1211776360906,46.7668353225571,2020-11-03T02:00:42Z,1400
10.1223666935471,46.7668764780905,2020-11-03T03:00:18Z,1397
10.1214056200394,46.7642687973694,2020-11-03T04:01:00Z,1491
10.120557510455,46.7606003981816,2020-11-03T05:01:12Z,1650
10.1240004130731,46.7592890063712,2020-11-03T06:00:14Z,1780
10.1259386635482,46.7588832709713,2020-11-03T07:02:43Z,1841
10.1251109998572,46.7578373449823,2020-11-03T08:00:41Z,1900
10.1251409042547,46.7579396623972,2020-11-03T09:00:28Z,1900
10.124883737108,46.7578401680446,2020-11-03T10:00:42Z,1900
10.1248837384856,46.7580388162955,2020-11-03T11:00:11Z,1900
10.1246146095765,46.7577200616081,2020-11-03T12:00:42Z,1879
10.1238490910228,46.7573101618432,2020-11-03T13:00:35Z,1896
10.1231949235193,46.7568431910618,2020-11-03T14:00:42Z,1913
10.1229989519809,46.7572584406747,2020-11-03T15:00:51Z,1879
10.1230458769962,46.7567357477337,2020-11-03T16:00:24Z,1913
10.1231015372721,46.7568049576918,2020-11-03T17:00:41Z,1913
10.1231410988108,46.7568290260172,2020-11-03T18:00:08Z,1913
10.123205041067,46.7568410607055,2020-11-03T19:01:00Z,1913
10.1217131484128,46.7563126887029,2020-11-03T20:00:41Z,1915
10.1212926453666,46.7564513243995,2020-11-03T21:00:09Z,1897
10.1118432672269,46.7646219239249,2020-11-03T22:00:42Z,1394
10.1119608685022,46.7654521151486,2020-11-03T23:00:12Z,1387
10.1139734589201,46.7682837624165,2020-11-04T00:00:41Z,1392
10.1136883727336,46.7697578511035,2020-11-04T01:00:40Z,1418
10.1132461517773,46.7694952127373,2020-11-04T02:00:42Z,1420
10.1141649281025,46.7680574292571,2020-11-04T03:00:42Z,1386
10.1152235821741,46.7668229554999,2020-11-04T04:00:09Z,1397
10.1162578766268,46.7603395978987,2020-11-04T05:00:42Z,1550
10.122954701923,46.758527271227,2020-11-04T06:00:10Z,1800
10.1233121742546,46.7585842731843,2020-11-04T07:00:42Z,1800
10.1233991282518,46.7584498276146,2020-11-04T08:00:10Z,1800
10.1235987846915,46.7585636181748,2020-11-04T09:00:42Z,1823
10.1234708923757,46.7586134710845,2020-11-04T10:00:42Z,1823
10.1234396182982,46.7582534824718,2020-11-04T11:00:10Z,1823
10.1223709002329,46.7580355340876,2020-11-04T12:01:29Z,1817
10.1229289382797,46.7583385882184,2020-11-04T13:00:46Z,1800
10.1226639629233,46.7584063373712,2020-11-04T14:01:13Z,1777
10.1226487551067,46.7590694179014,2020-11-04T15:01:06Z,1739
10.1219683144671,46.7583729509471,2020-11-04T16:01:01Z,1757
10.1216135833677,46.7585956658804,2020-11-04T17:00:42Z,1740
10.1213287944284,46.7587468041666,2020-11-04T18:00:12Z,1740
10.1213849218897,46.7586503629581,2020-11-04T19:00:42Z,1740
10.1200308834784,46.758910880582,2020-11-04T20:00:42Z,1691
10.1199663804,46.7598329804619,2020-11-04T21:00:42Z,1666
10.1155581071393,46.7668847730265,2020-11-04T22:00:42Z,1397
10.1159731499915,46.7670044699476,2020-11-04T23:00:15Z,1398
10.1164618695096,46.7668469583905,2020-11-05T00:00:47Z,1399
10.1157337826881,46.767493391051,2020-11-05T01:00:15Z,1386
10.1158889435448,46.7670289849229,2020-11-05T02:00:41Z,1398
10.1154581738536,46.7672560199881,2020-11-05T03:00:07Z,1386
10.1128095307836,46.7651470780953,2020-11-05T04:00:41Z,1399
10.1179032969011,46.759803427132,2020-11-05T05:00:36Z,1624
10.1216849312971,46.7583290034363,2020-11-05T06:00:18Z,1757
10.1230789305161,46.7581871498116,2020-11-05T07:00:47Z,1841
10.1229850763849,46.7582837658861,2020-11-05T08:00:41Z,1800
10.1233462195464,46.7583646140347,2020-11-05T09:00:42Z,1800
10.1232804379562,46.7585809235575,2020-11-05T10:00:14Z,1800
10.1231953202016,46.7585486295741,2020-11-05T11:00:42Z,1800
10.1234000466062,46.758329492232,2020-11-05T12:01:04Z,1800
10.1231553028116,46.7584915613151,2020-11-05T13:00:42Z,1800
10.1226391036093,46.7582959722721,2020-11-05T14:00:12Z,1777
10.1227568747301,46.7583098540884,2020-11-05T15:00:42Z,1777
10.1215515539323,46.7577393250622,2020-11-05T16:00:46Z,1771
10.1217176707169,46.7574282237227,2020-11-05T17:00:42Z,1833
10.1215492949179,46.7573417357421,2020-11-05T18:00:23Z,1809
10.1219559701062,46.7575370545066,2020-11-05T19:00:42Z,1833
10.1207919009781,46.7582698617554,2020-11-05T20:02:21Z,1727
10.1183845557371,46.7598353497937,2020-11-05T21:00:23Z,1638
10.1221669726429,46.7670922368455,2020-11-05T22:01:02Z,1394
10.1213303560444,46.7675719582895,2020-11-05T23:00:19Z,1394
10.121178952567501,46.7677368042594,2020-11-06T00:00:55Z,1386
10.1202130502346,46.7676451790776,2020-11-06T01:00:42Z,1392
10.1215194975632,46.7674069241787,2020-11-06T02:00:42Z,1394
10.1257175852816,46.7658005930238,2020-11-06T03:00:17Z,1415
10.1298338380898,46.7640609618871,2020-11-06T04:00:08Z,1546
10.1319248965033,46.7573224955275,2020-11-06T05:00:36Z,1748
10.1287911950572,46.7554573330555,2020-11-06T06:00:54Z,1920
10.1274981322003,46.7570728446597,2020-11-06T07:00:48Z,1978
10.1274995090237,46.7570764142134,2020-11-06T08:00:42Z,1961
10.1273831273111,46.7570799298696,2020-11-06T09:00:16Z,1961
10.1271848571529,46.757046654827,2020-11-06T10:00:36Z,1978
10.1274466083293,46.7570712913518,2020-11-06T11:00:42Z,1978
10.1274755950621,46.7570844762816,2020-11-06T12:00:21Z,1961
10.127522046057,46.7568245100435,2020-11-06T13:00:40Z,1978
10.1274079120942,46.755992106924,2020-11-06T14:02:00Z,1988
10.1283909229208,46.754729383973,2020-11-06T15:01:06Z,1962
10.129499021129,46.7539133545537,2020-11-06T16:00:12Z,1955
10.1302061975561,46.7549983145476,2020-11-06T17:00:41Z,1919
10.1298658098126,46.7549092423089,2020-11-06T18:00:42Z,1930
10.1299389368726,46.7550441565688,2020-11-06T19:00:11Z,1919
10.1294986674988,46.7547426947957,2020-11-06T20:00:42Z,1930
10.1296960290488,46.7549717368968,2020-11-06T21:00:11Z,1930
10.1299716361923,46.755259838866,2020-11-06T22:00:48Z,1919
10.1297765069632,46.754689253734,2020-11-06T23:00:14Z,1946
10.1294806744726,46.7543206532518,2020-11-07T00:00:42Z,1946
10.1290619648067,46.7533609681265,2020-11-07T01:01:00Z,1982
10.1286345194529,46.7521975190881,2020-11-07T02:00:27Z,2015
10.1278843102877,46.7532868819673,2020-11-07T03:00:09Z,2028
10.1273626635067,46.7533019875446,2020-11-07T04:00:42Z,2052
10.1273658878642,46.7533051486564,2020-11-07T05:00:10Z,2052
10.1267550051386,46.7537378237262,2020-11-07T06:00:42Z,2075
10.1252687228119,46.7529805762826,2020-11-07T07:00:42Z,2129
10.1251969654168,46.7529108382625,2020-11-07T08:00:09Z,2172
10.1248542717419,46.7529863316115,2020-11-07T09:00:11Z,2148
10.1254504125796,46.7523134765922,2020-11-07T10:01:14Z,2157
10.1251454372402,46.7519745383171,2020-11-07T11:00:42Z,2187
10.1254476343076,46.7519123060393,2020-11-07T12:00:42Z,2157
10.124322067412,46.7525131927016,2020-11-07T13:00:43Z,2185
10.1255203208969,46.7517413988846,2020-11-07T14:01:35Z,2171
10.1258584232447,46.752315190433,2020-11-07T15:00:43Z,2124
10.1269229136231,46.7536942212468,2020-11-07T16:00:10Z,2075
10.129845511380701,46.7546409398343,2020-11-07T17:01:33Z,1946
10.1299876764725,46.7550555631297,2020-11-07T18:00:42Z,1919
10.1300291001849,46.7549744805504,2020-11-07T19:00:10Z,1919
10.1299426121178,46.7550541771024,2020-11-07T20:00:42Z,1919
10.13028147027,46.7569129639379,2020-11-07T21:00:54Z,1832
10.1267778257595,46.7669297910859,2020-11-07T22:00:41Z,1400
10.120502115452,46.7668670824249,2020-11-07T23:00:07Z,1400
10.1155705678221,46.766647305046,2020-11-08T00:00:42Z,1397
10.1154908999684,46.7670066164379,2020-11-08T01:00:11Z,1397
10.1230732777672,46.7615486718537,2020-11-08T02:00:42Z,1640
10.124229971273,46.7604599469713,2020-11-08T03:00:09Z,1732
10.1269558868081,46.7592874707427,2020-11-08T04:00:42Z,1839
10.1270966627936,46.7593581672312,2020-11-08T05:00:12Z,1833
10.1273772366052,46.7584017060396,2020-11-08T06:00:42Z,1876
10.1269603695646,46.7575571458181,2020-11-08T07:00:12Z,1972
10.1267777468652,46.7578517199612,2020-11-08T08:00:37Z,1932
10.1263673925517,46.757894337937,2020-11-08T09:00:12Z,1931
10.1263365621529,46.7579616413796,2020-11-08T10:00:42Z,1931
10.12607387081,46.7577847650192,2020-11-08T11:00:42Z,1931
10.1258544334458,46.7579145491212,2020-11-08T12:00:42Z,1931
10.1254008261594,46.7577182701668,2020-11-08T13:00:12Z,1919
10.1255365451837,46.7579986762158,2020-11-08T14:00:42Z,1919
10.1254330366267,46.7580688090409,2020-11-08T15:01:05Z,1919
10.1249384779003,46.7573906494909,2020-11-08T16:00:14Z,1939
10.1254813456029,46.7582288786393,2020-11-08T17:00:43Z,1919
10.125841567406,46.7582144256369,2020-11-08T18:00:11Z,1931
10.1258135040744,46.7582903696964,2020-11-08T19:00:42Z,1886
10.1237966808197,46.7559536755211,2020-11-08T20:00:42Z,1971
10.123607619013,46.7556721226586,2020-11-08T21:00:15Z,2013
10.1235381674451,46.7552731711583,2020-11-08T22:00:42Z,2049
10.1234194790561,46.7555351506622,2020-11-08T23:00:26Z,1992
10.1233197134181,46.7536703607339,2020-11-09T00:00:42Z,2090
10.1220699255114,46.7531792802473,2020-11-09T01:00:19Z,2094
10.1227065456312,46.7535159434069,2020-11-09T02:00:42Z,2117
10.1241900337645,46.7541261069332,2020-11-09T03:00:33Z,2115
10.1248482965769,46.7541463667892,2020-11-09T04:00:36Z,2098
10.1250263128791,46.7535170601371,2020-11-09T05:00:16Z,2148
10.1214679061175,46.751859950523,2020-11-09T06:00:42Z,2161
10.1220231248538,46.7516523744606,2020-11-09T07:00:09Z,2221
10.1220585473864,46.7516087953334,2020-11-09T08:00:10Z,2221
10.1151678206955,46.7521596030384,2020-11-09T09:00:41Z,2041
10.115721604876,46.7523642146426,2020-11-09T10:00:07Z,2057
10.1154525129367,46.7523056914103,2020-11-09T11:00:42Z,2057
10.1156912487679,46.752341296311,2020-11-09T12:00:42Z,2057
10.1157483886054,46.752004499257,2020-11-09T13:00:31Z,2057
10.115744217555,46.7521786100808,2020-11-09T14:00:17Z,2057
10.1160157179025,46.7517723937158,2020-11-09T15:00:42Z,2107
10.1227672639083,46.7534262316375,2020-11-09T16:00:08Z,2117
10.1256772265099,46.7542595523244,2020-11-09T17:00:42Z,2100
10.1248993545046,46.7534049405528,2020-11-09T18:00:07Z,2148
10.1251638566008,46.753920262281,2020-11-09T19:00:20Z,2119
10.1253216335005,46.7537664243841,2020-11-09T20:00:41Z,2113
10.1294304969195,46.7540069737318,2020-11-09T21:00:42Z,1955
10.1297144062923,46.7546644958351,2020-11-09T22:00:41Z,1946
10.1297415412255,46.7547150531999,2020-11-09T23:00:09Z,1946
10.1300461370124,46.755047140848,2020-11-10T00:00:17Z,1919
10.1294398873063,46.7555511475637,2020-11-10T01:02:01Z,1907
10.1302451284701,46.7570460885886,2020-11-10T02:01:04Z,1832
10.1310978309892,46.7583285800392,2020-11-10T03:01:06Z,1715
10.1319078059908,46.7570203742375,2020-11-10T04:00:49Z,1775
10.1315364201652,46.756402685311,2020-11-10T05:00:15Z,1829
10.1282061097768,46.7564096962229,2020-11-10T06:01:06Z,1931
10.1279084524037,46.7563756781081,2020-11-10T07:00:42Z,1961
10.1280041446008,46.7563772292081,2020-11-10T08:00:18Z,1961
10.1279029470473,46.7563798791939,2020-11-10T09:00:42Z,1961
10.1280386366646,46.7562876373294,2020-11-10T10:00:20Z,1961
10.1279213332164,46.7563806871076,2020-11-10T11:01:15Z,1961
10.1276504028528,46.7565781856325,2020-11-10T12:00:42Z,1954
10.1285359092762,46.7560489614596,2020-11-10T13:00:26Z,1931
10.1282658887352,46.7562724879037,2020-11-10T14:00:41Z,1931
10.1279686848379,46.755653872232,2020-11-10T15:00:26Z,1973
10.1285670969696,46.7547380228408,2020-11-10T16:00:11Z,1962
10.1296789608302,46.7547189214605,2020-11-10T17:01:09Z,1946
10.1293886592689,46.754162776273,2020-11-10T18:00:40Z,1946
10.1291879568329,46.7528094838546,2020-11-10T19:00:42Z,1985
10.1291502434138,46.7527665226251,2020-11-10T20:00:42Z,1985
10.1292008367121,46.7527898479111,2020-11-10T21:00:08Z,1985
10.1285112242338,46.752038499506,2020-11-10T22:00:35Z,2015
10.1280263973212,46.7522615236048,2020-11-10T23:00:15Z,2038
10.127941765213,46.7526673563944,2020-11-11T00:00:36Z,2031
10.1278244915831,46.7528358112317,2020-11-11T01:00:42Z,2031
10.1278281686136,46.7529012855065,2020-11-11T02:00:09Z,2031
10.127865925205,46.7532429307626,2020-11-11T03:00:25Z,2028
10.1278526346514,46.7540349691067,2020-11-11T04:00:42Z,2022
10.127612493133,46.753932727224,2020-11-11T05:00:15Z,2022
10.1267941134325,46.7535948379584,2020-11-11T06:00:42Z,2075
10.1252020242051,46.7529367578935,2020-11-11T07:00:43Z,2172
10.1233621199232,46.7513949372894,2020-11-11T08:00:14Z,2230
10.1234265160166,46.7514261482141,2020-11-11T09:00:42Z,2230
10.1234159363689,46.75145223099,2020-11-11T10:00:15Z,2230
10.1235258688754,46.7514623645314,2020-11-11T11:00:42Z,2227
10.1235024100231,46.751391019296904,2020-11-11T12:00:18Z,2227
10.123523569281,46.7514620778226,2020-11-11T13:00:42Z,2227
10.1249632873632,46.7529058636144,2020-11-11T14:00:31Z,2172
10.1253119579525,46.7525757509401,2020-11-11T15:01:19Z,2144
10.1256008551099,46.7537858187848,2020-11-11T16:00:42Z,2113
10.1270471126069,46.7533432652433,2020-11-11T17:00:37Z,2052
10.1272310934732,46.7534096227435,2020-11-11T18:00:42Z,2052
10.1291627331174,46.7535809062665,2020-11-11T19:00:42Z,1974
10.1293619112748,46.7538573506142,2020-11-11T20:00:42Z,1955
10.1292532825866,46.7528250812509,2020-11-11T21:00:15Z,1985
10.1288990439667,46.7525649736214,2020-11-11T22:00:42Z,1985
10.1288613303926,46.7525651412295,2020-11-11T23:00:33Z,1985
10.1284524263965,46.7530564094034,2020-11-12T00:01:04Z,2005
10.1281276752495,46.7535031838049,2020-11-12T01:01:38Z,2028
10.1285251543894,46.753612545974804,2020-11-12T02:01:53Z,1997
10.1279675461174,46.7530670039892,2020-11-12T03:00:08Z,2028
10.1284110352138,46.7534285525037,2020-11-12T04:00:09Z,2005
10.1274698876826,46.7539117166052,2020-11-12T05:00:42Z,2049
10.1289480075304,46.7546645289436,2020-11-12T06:00:36Z,1960
10.1280441413549,46.7563019193777,2020-11-12T07:00:42Z,1961
10.1280763542283,46.7563429125891,2020-11-12T08:00:16Z,1961
10.1279001943498,46.7565390837814,2020-11-12T09:00:42Z,1954
10.1278997215868,46.7564999317118,2020-11-12T10:00:36Z,1954
10.1275454884114,46.7565123789072,2020-11-12T11:00:42Z,1978
10.1275004146545,46.7566280540227,2020-11-12T12:00:42Z,1978
10.1275137483178,46.7566029502125,2020-11-12T13:00:12Z,1978
10.1279718246236,46.7546283559706,2020-11-12T14:01:23Z,2010
10.1286760653238,46.754027623233,2020-11-12T15:00:36Z,1997
10.1297621532532,46.7539245684261,2020-11-12T16:00:42Z,1955
10.1300501536528,46.7541785286651,2020-11-12T17:00:42Z,1931
10.1295648915115,46.7541743747383,2020-11-12T18:00:16Z,1946
10.1306827338767,46.754492115937,2020-11-12T19:00:42Z,1917
10.1308388670878,46.7582325074468,2020-11-12T20:00:42Z,1752
10.1299243692255,46.7595448638261,2020-11-12T21:00:42Z,1710
10.1311103107278,46.7582789594809,2020-11-12T22:01:23Z,1715
10.1314935283597,46.7581549659294,2020-11-12T23:00:43Z,1735
10.1316107897714,46.758103530863,2020-11-13T00:00:40Z,1735
10.1315717476661,46.7582125417564,2020-11-13T01:02:59Z,1735
10.1318770450796,46.7572570303555,2020-11-13T02:01:12Z,1748
10.1317582777494,46.7570601131432,2020-11-13T03:00:10Z,1775
10.1317730188182,46.7570585580914,2020-11-13T04:00:58Z,1775
10.1317716008085,46.7570719731495,2020-11-13T05:00:11Z,1775
10.1298586612919,46.7566047619105,2020-11-13T06:00:42Z,1856
10.1279585993742,46.7563305344081,2020-11-13T07:00:11Z,1961
10.1279503203654,46.7563630664156,2020-11-13T08:00:42Z,1961
10.1278219844601,46.7564260591892,2020-11-13T09:00:32Z,1961
10.1279535459024,46.7563415885613,2020-11-13T10:00:42Z,1961
10.1280979874368,46.7563175754517,2020-11-13T11:00:42Z,1961
10.1278868407336,46.756427152622,2020-11-13T12:00:24Z,1961
10.127414379178,46.7567022751092,2020-11-13T13:00:42Z,1978
10.1275707974563,46.7565709923003,2020-11-13T14:00:49Z,1954
10.1282588926254,46.7547931899332,2020-11-13T15:00:44Z,1962
10.1294213849271,46.7548173796391,2020-11-13T16:00:42Z,1930
10.130122740263,46.7576415671638,2020-11-13T17:01:36Z,1803
10.1301758527809,46.7579945546935,2020-11-13T18:01:30Z,1776
10.1302007599084,46.7585407032622,2020-11-13T19:02:12Z,1753
10.1307243839311,46.7591427922816,2020-11-13T20:00:48Z,1708
10.1300600237836,46.7592169794939,2020-11-13T21:00:42Z,1730
10.1273577142759,46.7618439185913,2020-11-13T22:00:42Z,1669
10.1273733512471,46.7617574861713,2020-11-13T23:00:42Z,1702
10.1264029931909,46.7614543399876,2020-11-14T00:00:37Z,1697
10.123622663351,46.7601802671193,2020-11-14T01:01:00Z,1717
10.1236249635368,46.7600943054826,2020-11-14T02:00:42Z,1717
10.1245143084153,46.7602049911238,2020-11-14T03:00:11Z,1732
10.1245179871943,46.7603905432911,2020-11-14T04:00:44Z,1732
10.1275655724746,46.7604975811003,2020-11-14T05:00:11Z,1760
10.1295399578116,46.7574483163753,2020-11-14T06:00:42Z,1833
10.1278892670337,46.7582354056273,2020-11-14T07:01:33Z,1905
10.1277277480905,46.7577032084221,2020-11-14T08:00:42Z,1905
10.1277001370959,46.7576443052171,2020-11-14T09:00:15Z,1940
10.1276831260395,46.757702519368,2020-11-14T10:00:44Z,1905
10.1278119380659,46.7576725176597,2020-11-14T11:00:33Z,1905
10.128053410911,46.757089988553,2020-11-14T12:00:42Z,1940
10.1280059290274,46.7555036528761,2020-11-14T13:00:45Z,1973
10.1269120399145,46.7572600418343,2020-11-14T14:00:37Z,1972
10.1258139241099,46.757069878621,2020-11-14T15:00:13Z,1998
10.1243933431388,46.7553786012365,2020-11-14T16:02:06Z,2034
10.1249610061545,46.7551753002322,2020-11-14T17:00:12Z,2077
10.126049871867,46.7556169161379,2020-11-14T18:00:13Z,2051
10.1259371697488,46.755630445905,2020-11-14T19:00:42Z,2051
10.1258608006834,46.7553799862433,2020-11-14T20:00:42Z,2051
10.1259992890979,46.7562188254794,2020-11-14T21:00:13Z,2023
10.1262123009852,46.7567032774243,2020-11-14T22:01:06Z,1998
10.1262992438599,46.7565934758476,2020-11-14T23:00:42Z,1998
10.126278083301,46.7566641239406,2020-11-15T00:00:11Z,1998
10.1258787623006,46.756167006633,2020-11-15T01:01:02Z,2023
10.125928441361,46.7560149444424,2020-11-15T02:00:42Z,2023
10.1259187829167,46.7561486397201,2020-11-15T03:00:11Z,2023
10.1257016614159,46.7564403840049,2020-11-15T04:00:41Z,2025
10.126643788691,46.7562127116345,2020-11-15T05:00:12Z,2010
10.12710705382,46.7562336562485,2020-11-15T06:00:42Z,1988
10.1276029901082,46.7564687908927,2020-11-15T07:00:42Z,1961
10.1275146723358,46.7565072543897,2020-11-15T08:00:31Z,1978
10.1276416325809,46.7564406916355,2020-11-15T09:00:21Z,1961
10.1277152400893,46.7563744739548,2020-11-15T10:00:41Z,1961
10.1276029901082,46.7564626299945,2020-11-15T11:00:13Z,1961
10.1274194337737,46.7565125554391,2020-11-15T12:00:42Z,1978
10.1275059034735,46.7562465438245,2020-11-15T13:00:58Z,1988
10.1277330953078,46.7550501817829,2020-11-15T14:01:09Z,1992
10.1277193301578,46.7555751181032,2020-11-15T15:00:42Z,1973
10.1293445504097,46.7546956046398,2020-11-15T16:00:46Z,1946
10.1292084534261,46.7554047423001,2020-11-15T17:01:48Z,1920
10.1316324364994,46.7581398084254,2020-11-15T18:00:43Z,1735
10.1284733201222,46.7651808154407,2020-11-15T19:01:12Z,1478
10.128564882066,46.7648498119455,2020-11-15T20:00:15Z,1478
10.1236137604668,46.7658535694099,2020-11-15T21:01:12Z,1415
10.1217068823408,46.7658191595379,2020-11-15T22:00:42Z,1421
10.1212531576037,46.7660371536658,2020-11-15T23:00:42Z,1407
10.1260005821687,46.7659470719617,2020-11-16T00:00:26Z,1405
10.1300236159379,46.7619844490291,2020-11-16T01:01:50Z,1607
10.1315195562047,46.7571307791344,2020-11-16T02:00:42Z,1760
10.1316534143684,46.7570712331978,2020-11-16T03:00:15Z,1792
10.131374101386,46.7567669411463,2020-11-16T04:00:43Z,1792
10.1292582719534,46.7563814387043,2020-11-16T05:00:17Z,1901
10.1296252026541,46.7549911380106,2020-11-16T06:00:42Z,1930
10.1284949413532,46.7553298023844,2020-11-16T07:00:42Z,1943
10.1279434601475,46.7565931469979,2020-11-16T08:00:14Z,1954
10.1283487243311,46.7566278569111,2020-11-16T09:01:36Z,1922
10.1280874519385,46.7567532695662,2020-11-16T10:02:05Z,1954
10.1283367686294,46.7565641174322,2020-11-16T11:00:15Z,1922
10.1283197838526,46.7570119624818,2020-11-16T12:00:46Z,1922
10.1282797648845,46.756851665298,2020-11-16T13:01:09Z,1922
10.1283017792795,46.7560031301286,2020-11-16T14:00:25Z,1931
10.1286936519459,46.7551666220606,2020-11-16T15:00:42Z,1962
10.1297891065855,46.7558900946032,2020-11-16T16:02:12Z,1907
10.1312651195613,46.7570014695017,2020-11-16T17:00:42Z,1792
10.1311153160643,46.7580754065389,2020-11-16T18:00:33Z,1735
10.1308945125814,46.7579367155783,2020-11-16T19:01:13Z,1752
10.1314902968859,46.7581517972073,2020-11-16T20:00:36Z,1735
10.1304716829383,46.7581152272607,2020-11-16T21:00:47Z,1776
10.130414625358,46.7580547703887,2020-11-16T22:00:42Z,1776
10.1303092347887,46.7579512994333,2020-11-16T23:00:20Z,1776
10.1315678496158,46.7571106805326,2020-11-17T00:03:08Z,1760
10.132088142022,46.7570042403452,2020-11-17T01:01:01Z,1775
10.1320490573896,46.7569823629264,2020-11-17T02:00:42Z,1775
10.1320504289562,46.7568935171306,2020-11-17T03:00:13Z,1775
10.1320954888938,46.7566977425688,2020-11-17T04:00:42Z,1775
10.1306167460147,46.7561044203011,2020-11-17T05:00:10Z,1848
10.1288827069441,46.7548475690518,2020-11-17T06:00:42Z,1940
10.127673333521,46.7555831778541,2020-11-17T07:00:47Z,1973
10.127461735749,46.7560247528447,2020-11-17T08:00:42Z,1988
10.1273200305575,46.7560236098036,2020-11-17T09:00:17Z,1988
10.127469090969,46.7563528364258,2020-11-17T10:00:42Z,1988
10.1276094209798,46.75633192811,2020-11-17T11:00:42Z,1961
10.1276448383022,46.7563191457133,2020-11-17T12:00:41Z,1961
10.1275740035345,46.7564925721218,2020-11-17T13:01:21Z,1954
10.1271507672522,46.7564424323288,2020-11-17T14:01:00Z,1988
10.1263309738782,46.7563104254079,2020-11-17T15:00:36Z,2023
10.1261004995687,46.7561745443607,2020-11-17T16:01:35Z,2023
10.1261032656969,46.7563248785054,2020-11-17T17:00:19Z,2023
10.126156623304,46.7562382825467,2020-11-17T18:00:12Z,2023
10.1276884365975,46.7545536373158,2020-11-17T19:00:42Z,2010
10.1297363929623,46.7537605197592,2020-11-17T20:01:02Z,1955
10.132583451348,46.750805946788,2020-11-17T21:00:42Z,1933
10.1331023512596,46.7510732521908,2020-11-17T22:00:15Z,1947
10.1297564586197,46.7519791104767,2020-11-17T23:00:42Z,1967
10.1284665833491,46.7519007903699,2020-11-18T00:00:42Z,2015
10.1284431249452,46.7518171214248,2020-11-18T01:00:42Z,2015
10.1280120981135,46.7516523546594,2020-11-18T02:00:42Z,2051
10.1265576106909,46.7520796549579,2020-11-18T03:00:16Z,2090
10.1265957819694,46.7522157399512,2020-11-18T04:01:22Z,2090
10.1263340563775,46.7522095626974,2020-11-18T05:00:38Z,2124
10.1253179373278,46.7525121269153,2020-11-18T06:00:42Z,2144
10.122524037449,46.7516839991795,2020-11-18T07:00:42Z,2228
10.1225640852579,46.7511821410815,2020-11-18T08:00:13Z,2272
10.1191986058594,46.7504232721608,2020-11-18T09:00:41Z,2287
10.1144174379688,46.7524910338635,2020-11-18T10:00:14Z,1991
10.1144335216969,46.7525423341662,2020-11-18T11:01:32Z,1991
10.1143948807859,46.7525457851113,2020-11-18T12:00:42Z,1991
10.1143700258576,46.7525386362928,2020-11-18T13:00:12Z,1991
10.1144031657457,46.7525502218081,2020-11-18T14:00:42Z,1991
10.1144845568931,46.7525555146726,2020-11-18T15:00:12Z,1991
10.1178755138106,46.7535456904716,2020-11-18T16:00:42Z,1969
10.1196165347496,46.7543823155943,2020-11-18T17:00:12Z,1968
10.1224419018991,46.7556723278978,2020-11-18T18:00:11Z,1972
10.1220370963402,46.7555860167757,2020-11-18T19:00:41Z,1955
10.1223572669587,46.7554975205808,2020-11-18T20:00:42Z,1972
10.1225747490614,46.7574208715001,2020-11-18T21:00:43Z,1858
10.1220088968782,46.7573620128709,2020-11-18T22:00:43Z,1833
10.1218828309522,46.7574129691464,2020-11-18T23:00:42Z,1833
10.1148704237252,46.7613000482176,2020-11-19T00:00:16Z,1499
10.115606864867,46.7669839384991,2020-11-19T01:00:42Z,1397
10.113791535701,46.7668278538858,2020-11-19T02:00:08Z,1395
10.1125118247692,46.7689786023365,2020-11-19T03:00:09Z,1413
10.1147420748209,46.7612198221959,2020-11-19T04:01:00Z,1499
10.1210582943142,46.7583443718453,2020-11-19T05:00:19Z,1727
10.1237078397888,46.7580981304549,2020-11-19T06:00:42Z,1861
10.123823779509,46.757876794966,2020-11-19T07:00:42Z,1861
10.1236586266547,46.757816619367,2020-11-19T08:00:42Z,1861
10.1237805349117,46.7578057432809,2020-11-19T09:00:09Z,1861
10.1237497154112,46.7578299216107,2020-11-19T10:00:42Z,1861
10.1240294257103,46.7577329627304,2020-11-19T11:00:48Z,1879
10.1237745535962,46.7579248148048,2020-11-19T12:00:42Z,1861
10.1239222312208,46.757805398417,2020-11-19T13:00:09Z,1861
10.1238026223002,46.7575947731517,2020-11-19T14:00:42Z,1896
10.1235661638475,46.7575148487067,2020-11-19T15:00:13Z,1896
10.1219753011982,46.757540737775,2020-11-19T16:00:48Z,1833
10.1215280696843,46.7579097635463,2020-11-19T17:00:42Z,1771
10.1216622658554,46.7596434757792,2020-11-19T18:00:11Z,1689
10.1216466159371,46.7596559763106,2020-11-19T19:00:41Z,1689
10.1216755965109,46.759712292377,2020-11-19T20:00:42Z,1699
10.115627514518,46.7603865452623,2020-11-19T21:01:30Z,1534
10.1119318984506,46.7653834704465,2020-11-19T22:00:43Z,1387
10.1125946179033,46.7668952922506,2020-11-19T23:00:42Z,1391
10.1125882345636,46.7687963232375,2020-11-20T00:00:12Z,1404
10.1126131803873,46.768290588684,2020-11-20T01:00:42Z,1404
10.112901256212,46.7682227373624,2020-11-20T02:00:12Z,1391
10.114263900442,46.7683193487088,2020-11-20T03:00:14Z,1390
10.1162561376126,46.7670955300115,2020-11-20T04:00:41Z,1385
10.1121501135979,46.7631933451494,2020-11-20T05:00:42Z,1419
10.1169420371802,46.7581978102598,2020-11-20T06:00:42Z,1691
10.1213624373886,46.7579489734376,2020-11-20T07:00:15Z,1771
10.1212888739575,46.7578027082053,2020-11-20T08:01:00Z,1771
10.1213596908253,46.757909527583,2020-11-20T09:00:42Z,1771
10.1218491978815,46.7580629277327,2020-11-20T10:00:17Z,1792
10.1216338519234,46.7582988370261,2020-11-20T11:01:15Z,1740
10.1218436456414,46.7581487331432,2020-11-20T12:00:28Z,1792
10.1215818562906,46.758315076651,2020-11-20T13:00:42Z,1740
10.1211250268877,46.7581340880589,2020-11-20T14:00:39Z,1771
10.1201592931906,46.758532172112,2020-11-20T15:00:42Z,1721
10.1202154203881,46.7585589488132,2020-11-20T16:00:42Z,1721
10.1192827271979,46.7593844031661,2020-11-20T17:00:14Z,1675
10.1192813406789,46.7594239622401,2020-11-20T18:00:42Z,1675
10.1193453140748,46.7595084212815,2020-11-20T19:00:17Z,1656
10.1191423705847,46.7596054539044,2020-11-20T20:00:36Z,1647
10.1151702281072,46.766680087537,2020-11-20T21:00:42Z,1398
10.1125269295962,46.7693612385057,2020-11-20T22:00:42Z,1413
10.1174260856541,46.769063557323,2020-11-20T23:00:42Z,1406
10.1167491978305,46.7687205624571,2020-11-21T00:00:19Z,1390
10.1165922744021,46.7686601629745,2020-11-21T01:00:42Z,1390
10.1163569185298,46.7669628274121,2020-11-21T02:00:15Z,1398
10.1156676584969,46.7666832419703,2020-11-21T03:00:42Z,1397
10.1151757942858,46.7664787107339,2020-11-21T04:00:15Z,1408
10.1204268013298,46.76537347552,2020-11-21T05:00:42Z,1432
10.1242414757747,46.7603612991907,2020-11-21T06:00:42Z,1732
10.1240211191387,46.7589450875773,2020-11-21T07:00:18Z,1780
10.1241559230107,46.7589054018473,2020-11-21T08:00:42Z,1802
10.1241016339722,46.7590568920275,2020-11-21T09:00:15Z,1802
10.124031243331,46.7589476122957,2020-11-21T10:00:42Z,1802
10.1240220425924,46.7590142270883,2020-11-21T11:00:42Z,1780
10.124141198951,46.7589639079501,2020-11-21T12:00:23Z,1802
10.1240901292053,46.7590261574553,2020-11-21T13:00:42Z,1802
10.126250164733,46.7596936611533,2020-11-21T14:00:45Z,1802
10.1273381217714,46.7581996635747,2020-11-21T15:00:14Z,1923
10.1271324734408,46.7581140484171,2020-11-21T16:01:07Z,1923
10.1268684125472,46.7584341301453,2020-11-21T17:00:42Z,1884
10.1268357474378,46.7583678013318,2020-11-21T18:00:11Z,1884
10.1267934109747,46.7581872332035,2020-11-21T19:00:38Z,1932
10.1264985296602,46.7584590677438,2020-11-21T20:00:14Z,1884
10.1285509684392,46.759270576565,2020-11-21T21:00:42Z,1808
10.1300693608003,46.7566793176723,2020-11-21T22:00:46Z,1832
10.1309300863361,46.7563861944179,2020-11-21T23:00:42Z,1848
10.1309793085526,46.7564121028286,2020-11-22T00:00:42Z,1848
10.1326951041381,46.7552648993867,2020-11-22T01:00:42Z,1853
10.1301970791361,46.751594426093,2020-11-22T02:00:12Z,1954
10.1280158400478,46.7526156258477,2020-11-22T03:00:42Z,2031
10.1286968786153,46.7549972751346,2020-11-22T04:01:06Z,1962
10.1246228907622,46.7575689730745,2020-11-22T05:00:53Z,1939
10.1257900199776,46.7577894290757,2020-11-22T06:00:12Z,1919
10.1257150334514,46.7576487696155,2020-11-22T07:00:42Z,1960
10.1268500206254,46.7586551177004,2020-11-22T08:00:12Z,1884
10.1265376292572,46.7584070135704,2020-11-22T09:00:42Z,1884
10.1265275038503,46.7583660156647,2020-11-22T10:00:41Z,1884
10.1263811962995,46.7580192815641,2020-11-22T11:00:42Z,1931
10.1259367951344,46.7581028947678,2020-11-22T12:00:11Z,1931
10.1260186844603,46.7583676324425,2020-11-22T13:00:42Z,1886
10.1259059744256,46.758294917227,2020-11-22T14:00:45Z,1886
10.1254192438581,46.7584274142768,2020-11-22T15:00:11Z,1878
10.1251910533708,46.7582595115113,2020-11-22T16:00:42Z,1862
10.1257270890476,46.7605306214119,2020-11-22T17:00:15Z,1756
10.1123510240073,46.7656755827337,2020-11-22T19:00:41Z,1394
10.1142065844479,46.7693801362239,2020-11-22T20:00:39Z,1402
10.1126231984138,46.7688136654307,2020-11-22T21:00:47Z,1404
10.1178936910386,46.7684515058601,2020-11-22T22:00:42Z,1388
10.1141607408459,46.7661131523363,2020-11-22T23:00:42Z,1406
10.1213925445859,46.7610396610505,2020-11-23T00:00:25Z,1634
10.1292184904373,46.7587591309795,2020-11-23T01:02:12Z,1813
10.1290966239777,46.7549314530603,2020-11-23T02:00:42Z,1940
10.1287180376445,46.7551052963408,2020-11-23T03:00:14Z,1962
10.1287051570989,46.7551557370654,2020-11-23T04:00:40Z,1962
10.1281638128761,46.7567003527122,2020-11-23T05:01:16Z,1922
10.1282585582543,46.756703690432,2020-11-23T06:00:42Z,1922
10.1281169133605,46.757298477739,2020-11-23T07:01:42Z,1940
10.1280069620351,46.7572328996756,2020-11-23T08:00:42Z,1940
10.1277231264262,46.7572637131049,2020-11-23T09:00:10Z,1940
10.128021219312,46.7572414779251,2020-11-23T10:00:41Z,1940
10.1274277846318,46.7575580019925,2020-11-23T11:01:01Z,1961
10.1268329500308,46.7578509693531,2020-11-23T12:00:42Z,1932
10.1268637683042,46.7578807338656,2020-11-23T13:00:42Z,1932
10.1265785369886,46.7576846876171,2020-11-23T14:00:45Z,1932
10.1252747649294,46.7570932025645,2020-11-23T15:00:18Z,1960
10.1249545760279,46.7566996592776,2020-11-23T16:01:37Z,1976
10.1251487012632,46.7559538005685,2020-11-23T17:00:10Z,2015
10.1257738666201,46.7558978950804,2020-11-23T18:00:19Z,2057
10.1257862899984,46.7558529238026,2020-11-23T19:00:41Z,2057
10.1256892248434,46.7558169961776,2020-11-23T20:00:09Z,2057
10.1251624899208,46.7550315955722,2020-11-23T21:00:42Z,2077
10.1255594861294,46.7552804981966,2020-11-23T22:00:42Z,2083
10.1255843256483,46.755213708958,2020-11-23T23:00:14Z,2083
10.1251118805276,46.7543630823558,2020-11-24T00:00:56Z,2098
10.1254136447231,46.7544139787177,2020-11-24T01:00:42Z,2100
10.1250925589609,46.7541361120574,2020-11-24T02:00:10Z,2098
10.1254895304955,46.7536227711462,2020-11-24T03:00:09Z,2113
10.1270470817495,46.7527919710845,2020-11-24T04:01:03Z,2054
10.1287984941207,46.7546364962499,2020-11-24T05:01:02Z,1960
10.1274865915031,46.7564400061217,2020-11-24T06:00:36Z,1988
10.1272938840571,46.7572387318763,2020-11-24T07:00:08Z,1961
10.1273334508838,46.7572627988964,2020-11-24T08:00:42Z,1961
10.1273127437085,46.7572602075997,2020-11-24T09:00:10Z,1961
10.1273394295065,46.7573285520338,2020-11-24T10:01:00Z,1961
10.1273053880205,46.757264814707,2020-11-24T11:00:42Z,1961
10.1271912894873,46.7572239935213,2020-11-24T12:00:42Z,1961
10.1271406729759,46.7569034584226,2020-11-24T13:01:01Z,1978
10.1272304025891,46.7572227272808,2020-11-24T14:01:00Z,1961
10.1265063186104,46.757873027599,2020-11-24T15:00:18Z,1932
10.1252476159347,46.7565406282151,2020-11-24T16:00:50Z,1992
10.1255181087609,46.7564225367971,2020-11-24T17:00:15Z,2025
10.1257637649317,46.7564035336766,2020-11-24T18:00:36Z,2025
10.1257858328206,46.7557166899956,2020-11-24T19:01:06Z,2057
10.1258976144575,46.7558543053762,2020-11-24T20:00:15Z,2051
10.1251068326902,46.755353502814,2020-11-24T21:00:45Z,2050
10.1251873365971,46.7554668156541,2020-11-24T22:00:42Z,2050
10.1240331523328,46.7551512901091,2020-11-24T23:00:42Z,2066
10.1189829713567,46.7551329190612,2020-11-25T00:00:42Z,1924
10.122483323951,46.7554404106701,2020-11-25T01:01:12Z,1972
10.1224239706063,46.7554674077594,2020-11-25T02:00:08Z,1972
10.1233573586289,46.7557782896006,2020-11-25T03:00:36Z,1992
10.1237479137804,46.756311926582804,2020-11-25T04:00:16Z,1971
10.123596098654,46.7562666081489,2020-11-25T05:00:36Z,1971
10.1242530236653,46.7566406407036,2020-11-25T06:00:13Z,1951
10.1245253621253,46.7573337087952,2020-11-25T07:00:15Z,1915
10.1245989687525,46.7573291029728,2020-11-25T08:00:41Z,1915
10.1246399124924,46.7573259362659,2020-11-25T09:00:19Z,1939
10.1246261112907,46.7573858163075,2020-11-25T10:00:42Z,1939
10.1246109299328,46.757386679868,2020-11-25T11:00:37Z,1915
10.1245672257674,46.7574504768894,2020-11-25T12:00:42Z,1915
10.1247029382912,46.7574398252536,2020-11-25T13:00:15Z,1939
10.1245212212242,46.7574092524102,2020-11-25T14:00:55Z,1915
10.1251942677841,46.7577729724332,2020-11-25T15:00:42Z,1900
10.1254675223126,46.7571553281507,2020-11-25T16:00:40Z,1960
10.1262633682933,46.7567780698274,2020-11-25T17:00:36Z,1998
10.1264414110234,46.7570403907993,2020-11-25T18:00:36Z,1993
10.1264653277297,46.7569953644788,2020-11-25T19:00:12Z,1993
10.1264639497145,46.7569671516765,2020-11-25T20:00:11Z,1993
10.1266934787363,46.7563024152821,2020-11-25T21:01:12Z,2010
10.1293996863283,46.7540018439823,2020-11-25T22:00:30Z,1955
10.1326355118453,46.7513410174312,2020-11-25T23:00:42Z,1921
10.1319631765574,46.7524394702873,2020-11-26T00:00:59Z,1910
10.1301978839455,46.7546843406504,2020-11-26T01:01:12Z,1931
10.1296891253166,46.7548661359336,2020-11-26T02:00:11Z,1930
10.1296583146717,46.7549965528344,2020-11-26T03:00:42Z,1930
10.1295865611613,46.7549576275504,2020-11-26T04:00:09Z,1930
10.1291706794591,46.7548536049384,2020-11-26T05:00:42Z,1940
10.1286890498919,46.7549627309783,2020-11-26T06:01:26Z,1962
10.1279282359178,46.7563014581615,2020-11-26T07:00:42Z,1961
10.1283293911536,46.7566041936443,2020-11-26T08:00:11Z,1922
10.1281012800405,46.7572185609203,2020-11-26T09:00:11Z,1940
10.1281325690873,46.7572874816124,2020-11-26T10:00:43Z,1940
10.1282084566976,46.7571954100231,2020-11-26T11:00:52Z,1908
10.1280658625741,46.7572375057976,2020-11-26T12:00:30Z,1940
10.128069066299,46.7570481871721,2020-11-26T13:00:42Z,1954
10.1281334939847,46.7572903610661,2020-11-26T14:00:42Z,1940
10.1265477425237,46.7581754333952,2020-11-26T15:00:42Z,1932
10.12560555258,46.7580304584259,2020-11-26T16:00:17Z,1919
10.1179934327744,46.7577095255484,2020-11-26T17:01:00Z,1725
10.1139453905403,46.7621462168801,2020-11-26T18:00:41Z,1480
10.1135243345637,46.7623812281865,2020-11-26T19:00:42Z,1479
10.1122064079317,46.7625701813807,2020-11-26T20:01:00Z,1432
10.1158248864476,46.7675251896151,2020-11-26T21:00:42Z,1385
10.1155005190217,46.7672625755694,2020-11-26T22:00:42Z,1386
10.1130179019426,46.7695382490352,2020-11-26T23:00:42Z,1420
10.113363932111,46.7697678466185,2020-11-27T00:00:42Z,1420
10.1137830279105,46.7707144802241,2020-11-27T01:00:12Z,1461
10.1187393241826,46.7705511384464,2020-11-27T02:00:42Z,1438
10.1209025014962,46.7613799693247,2020-11-27T03:00:12Z,1602
10.123939231932,46.7588636590271,2020-11-27T04:00:17Z,1780
10.1251478269459,46.7593434121509,2020-11-27T05:00:42Z,1824
10.1251961332737,46.7594095630402,2020-11-27T06:00:42Z,1824
10.1252338580266,46.7593724222031,2020-11-27T07:00:15Z,1837
10.1251234427924,46.7593800858949,2020-11-27T08:00:41Z,1824
10.1262312725364,46.7590700599633,2020-11-27T09:00:12Z,1841
10.1261580982064,46.7585609929692,2020-11-27T10:00:29Z,1886
10.1262625596896,46.7591636255548,2020-11-27T11:00:46Z,1841
10.1266080407086,46.7584700205677,2020-11-27T12:00:14Z,1884
10.1263885984639,46.7588585591165,2020-11-27T13:00:44Z,1839
10.1263412175894,46.7588260927741,2020-11-27T14:00:41Z,1886
10.126809984609,46.7585610869079,2020-11-27T15:00:42Z,1884
10.1267216472696,46.7583701014748,2020-11-27T16:00:13Z,1884
10.1254960320154,46.7565410878909,2020-11-27T17:00:15Z,1992
10.1257205286462,46.7566789849295,2020-11-27T18:00:41Z,1992
10.1256809646029,46.7565933096923,2020-11-27T19:00:14Z,1992
10.1251786010732,46.7558697968982,2020-11-27T20:00:42Z,2050
10.1256271222323,46.7557614329698,2020-11-27T21:00:42Z,2057
10.1259183179771,46.7558692159,2020-11-27T22:00:15Z,2051
10.1251399530889,46.7554636537427,2020-11-27T23:01:30Z,2050
10.1259343879647,46.754898013474,2020-11-28T00:00:42Z,2077
10.1256073285141,46.755173457282,2020-11-28T01:00:11Z,2083
10.125624351939,46.7552584389176,2020-11-28T02:00:42Z,2083
10.1254348194552,46.755136384362,2020-11-28T03:00:10Z,2083
10.125428381725,46.7551192201218,2020-11-28T04:00:27Z,2083
10.1249108640504,46.7551896392554,2020-11-28T05:00:42Z,2077
10.1255020010457,46.755975447372,2020-11-28T06:01:06Z,2025
10.1267533215949,46.7572370129826,2020-11-28T07:00:08Z,1972
10.1266967416625,46.757301961984,2020-11-28T08:00:08Z,1972
10.126680637179,46.7572629818604,2020-11-28T09:00:42Z,1972
10.1267717131999,46.7570653159538,2020-11-28T10:00:10Z,1993
10.1266829378164,46.7572386267369,2020-11-28T11:00:42Z,1972
10.1267086997332,46.7571931977578,2020-11-28T12:00:43Z,1972
10.1266452177492,46.7573928196406,2020-11-28T13:00:40Z,1972
10.1267151468486,46.7572611400852,2020-11-28T14:00:42Z,1972
10.1260752401919,46.7574849551879,2020-11-28T15:00:09Z,1972
10.1255719497555,46.757198970704,2020-11-28T16:00:41Z,1960
10.1273381564136,46.7587633051797,2020-11-28T17:00:10Z,1876
10.1275374884287,46.7602886152387,2020-11-28T18:00:41Z,1763
10.128194565783,46.7609567407432,2020-11-28T19:00:42Z,1728
10.1273043358818,46.7618181131687,2020-11-28T20:00:42Z,1669
10.1271819589381,46.7618852665973,2020-11-28T21:00:08Z,1669
10.1260887802159,46.7621629784764,2020-11-28T22:00:16Z,1658
10.1234394982387,46.7617632116369,2020-11-28T23:00:51Z,1651
10.125541705608,46.7617297901586,2020-11-29T00:01:25Z,1682
10.1264715524024,46.7615100849685,2020-11-29T01:00:42Z,1697
10.1265414779667,46.7615986694138,2020-11-29T02:00:42Z,1697
10.1264890368088,46.7615587954657,2020-11-29T03:00:23Z,1697
10.130471313032,46.7587274841044,2020-11-29T04:00:20Z,1753
10.1320495465291,46.7571940264451,2020-11-29T05:00:42Z,1748
10.1302225234427,46.7563030871088,2020-11-29T06:01:06Z,1864
10.1283782110174,46.7570944702719,2020-11-29T07:00:15Z,1908
10.1280925274022,46.7570702388902,2020-11-29T08:00:42Z,1954
10.1281348475918,46.7570952839001,2020-11-29T09:00:42Z,1940
10.1263287487141,46.7579778830576,2020-11-29T10:00:15Z,1931
10.1265748707888,46.7579903712904,2020-11-29T11:00:42Z,1932
10.1265739480519,46.7578396331797,2020-11-29T12:00:14Z,1932
10.1257771459984,46.7578536912666,2020-11-29T13:00:42Z,1919
10.1257325224197,46.7579946984646,2020-11-29T14:00:42Z,1919
10.1254794821638,46.7572498698352,2020-11-29T15:00:13Z,1960
10.1246454336308,46.7562637366919,2020-11-29T16:00:42Z,2015
10.1246688952127,46.7561995367052,2020-11-29T17:00:22Z,2015
10.1243960967426,46.7563589710076,2020-11-29T18:00:41Z,1993
10.1243652739868,46.7564092933799,2020-11-29T19:00:14Z,1993
10.1237010026679,46.7556117789174,2020-11-29T20:00:41Z,2013
10.1241610212831,46.7561362566993,2020-11-29T21:00:11Z,1993
10.1242507290539,46.756132172115,2020-11-29T22:00:42Z,1993
10.1226010714952,46.7555974775812,2020-11-29T23:00:42Z,1972
10.1225127536288,46.7556159633276,2020-11-30T00:00:51Z,1972
10.1211883463695,46.7552404566845,2020-11-30T01:00:42Z,1974
10.1215121778153,46.7556132260851,2020-11-30T02:00:42Z,1939
10.1209669764132,46.7562083347502,2020-11-30T03:00:42Z,1878
10.1220245791738,46.7566072118343,2020-11-30T04:00:18Z,1873
10.1216482746714,46.7563670405095,2020-11-30T05:00:42Z,1897
10.1225246476431,46.7566113108981,2020-11-30T06:00:42Z,1895
10.1235514527057,46.757083642777,2020-11-30T07:00:17Z,1896
10.1239760662588,46.7574838741184,2020-11-30T08:00:42Z,1896
10.1239558228731,46.7575758845282,2020-11-30T09:00:14Z,1896
10.1239107357271,46.7575868264222,2020-11-30T10:00:42Z,1896
10.1239309840791,46.7574009024412,2020-11-30T11:00:42Z,1896
10.1238472531243,46.7575200323642,2020-11-30T12:00:30Z,1896
10.1238720915847,46.7577258189454,2020-11-30T14:00:42Z,1861
10.1238270039967,46.7577983694452,2020-11-30T15:02:00Z,1861
10.1234451606485,46.7576425041234,2020-11-30T16:00:08Z,1896
10.1205595263962,46.7588150820529,2020-11-30T17:00:08Z,1727
10.1151406149569,46.760754647498,2020-11-30T18:00:42Z,1503
10.1166408052266,46.7648675077441,2020-11-30T19:00:16Z,1455
10.1163399712194,46.7666052060125,2020-11-30T20:00:43Z,1398
10.1160243762019,46.7663353697324,2020-11-30T21:00:25Z,1412
10.1139116100936,46.7670083815993,2020-11-30T22:00:37Z,1395
10.1151340579147,46.7658290325272,2020-11-30T23:00:17Z,1421
10.1151455510362,46.7659660104942,2020-12-01T00:00:42Z,1408
10.1150461637656,46.7659605846648,2020-12-01T01:00:10Z,1408
10.1150837862418,46.7663454554617,2020-12-01T02:00:42Z,1408
10.1156928868776,46.7671623370812,2020-12-01T03:00:13Z,1386
10.1131964082579,46.7655290836306,2020-12-01T04:00:42Z,1401
10.1173280745905,46.760431789302,2020-12-01T05:00:20Z,1582
10.1219886147555,46.7576664969486,2020-12-01T06:00:42Z,1792
10.121708004753,46.7575126345358,2020-12-01T07:00:14Z,1833
10.1218625651045,46.7577036304816,2020-12-01T08:00:42Z,1792
10.1227463302999,46.7577954279433,2020-12-01T09:00:14Z,1817
10.123593293919,46.757710104525,2020-12-01T10:00:42Z,1861
10.1235518865124,46.7579651765387,2020-12-01T11:00:42Z,1861
10.1236797830091,46.7578152433177,2020-12-01T12:00:42Z,1861
10.1233784365499,46.7579220571105,2020-12-01T13:02:53Z,1841
10.1236659566706,46.758725177096,2020-12-01T14:00:42Z,1823
10.1225935451711,46.7584602505781,2020-12-01T15:01:37Z,1777
10.121641647078,46.7585936516382,2020-12-01T16:00:13Z,1740
10.121788378672,46.7589302772112,2020-12-01T17:00:13Z,1725
10.1211138597831,46.7594300115289,2020-12-01T18:00:41Z,1713
10.1210660143123,46.7594323111488,2020-12-01T19:00:14Z,1677
10.1209997485118,46.7595385504102,2020-12-01T20:00:42Z,1677
10.121125826921,46.7594259777904,2020-12-01T21:00:14Z,1713
10.1210462096529,46.7594957190566,2020-12-01T22:00:42Z,1677
10.1208663004696,46.7598282376758,2020-12-01T23:01:12Z,1677
10.1204834822492,46.7600776133904,2020-12-02T00:00:42Z,1641
10.1189693866582,46.7594629360387,2020-12-02T01:00:42Z,1647
10.1192965223752,46.7593984562955,2020-12-02T02:00:40Z,1675
10.1193420674977,46.7593342600213,2020-12-02T03:00:42Z,1683
10.1199424425335,46.7598102447612,2020-12-02T04:00:10Z,1666
10.1216543919035,46.7603219640712,2020-12-02T05:00:58Z,1661
10.1233217588552,46.7604910873149,2020-12-02T06:00:44Z,1701
10.1258895007729,46.7606006381895,2020-12-02T07:00:42Z,1761
10.1264668340089,46.759387372046,2020-12-02T08:00:17Z,1839
10.1263573552359,46.7596458605277,2020-12-02T09:00:42Z,1802
10.1263789733045,46.7595820571826,2020-12-02T10:00:13Z,1802
10.126332047229,46.7596118840505,2020-12-02T11:00:42Z,1802
10.1250783600867,46.7596882622341,2020-12-02T12:00:42Z,1788
10.1249707009822,46.7595844914628,2020-12-02T13:01:31Z,1788
10.1250056665856,46.7594354854231,2020-12-02T14:00:08Z,1788
10.1263886430775,46.7596223737551,2020-12-02T15:01:05Z,1801
10.127121614157,46.7606819816778,2020-12-02T16:00:42Z,1733
10.1251432444234,46.7606395215543,2020-12-02T17:00:42Z,1709
10.1250153386607,46.7602457971594,2020-12-02T18:00:42Z,1747
10.1249099792898,46.7604272215679,2020-12-02T19:00:11Z,1747
10.1246454303943,46.7606973366923,2020-12-02T20:00:42Z,1709
10.124938044497,46.7605360987669,2020-12-02T21:00:12Z,1747
10.1249394244397,46.7603918084028,2020-12-02T22:01:06Z,1747
10.1249145802464,46.7605078875962,2020-12-02T23:00:42Z,1747
10.1246270266734,46.7609368141365,2020-12-03T00:00:59Z,1709
10.1240721541056,46.7610465807027,2020-12-03T01:01:30Z,1698
10.1113207821966,46.762107517508,2020-12-03T02:00:11Z,1426
10.1110919820707,46.7625395401066,2020-12-03T03:01:12Z,1419
10.11555441726,46.7669055658408,2020-12-03T04:00:44Z,1397
10.1141082958875,46.7660347788491,2020-12-03T05:00:17Z,1406
10.1142622782649,46.7650262058084,2020-12-03T06:00:42Z,1430
10.1172164781409,46.7647665236571,2020-12-03T07:00:42Z,1459
10.1153890838089,46.7571870377218,2020-12-03T08:00:16Z,1707
10.1154990342071,46.7572403080468,2020-12-03T09:00:36Z,1707
10.1155648348218,46.7571703533732,2020-12-03T10:00:17Z,1707
10.1158049375213,46.7574020177622,2020-12-03T11:00:42Z,1723
10.1158288858682,46.7572522534216,2020-12-03T12:00:42Z,1723
10.1162977144025,46.7571504863975,2020-12-03T13:00:59Z,1723
10.1169856805568,46.7564332060723,2020-12-03T14:00:42Z,1820
10.1196797979881,46.7560290988594,2020-12-03T15:00:42Z,1849
10.1203431656887,46.7560568207687,2020-12-03T16:00:20Z,1862
10.1225338881837,46.7560042075108,2020-12-03T17:00:42Z,1934
10.1225794301608,46.7559892948367,2020-12-03T18:00:36Z,1934
10.1225913939642,46.7559975877291,2020-12-03T19:00:17Z,1934
10.1225844949027,46.7559782415959,2020-12-03T20:00:36Z,1934
10.122517324933,46.7559953391336,2020-12-03T21:00:15Z,1934
10.1222514389542,46.755790644284,2020-12-03T22:00:42Z,1955
10.1225854120668,46.7559687973608,2020-12-03T23:00:42Z,1934
10.1225927764783,46.7558902610817,2020-12-04T00:00:07Z,1972
10.1222316909207,46.7552581084398,2020-12-04T01:00:42Z,1989
10.1228430668668,46.7552943992133,2020-12-04T02:00:08Z,2007
10.1229704917385,46.7553840512749,2020-12-04T03:00:42Z,1992
10.1229944177089,46.7552034867535,2020-12-04T04:00:09Z,2028
10.1233030987201,46.7550689357882,2020-12-04T05:00:44Z,2028
10.1233449670898,46.7549192961732,2020-12-04T06:00:17Z,2028
10.1229875294641,46.754954697677,2020-12-04T07:00:42Z,2028
10.1229042645158,46.7549451363294,2020-12-04T08:00:08Z,2028
10.1227294654579,46.7548153566885,2020-12-04T09:00:37Z,2007
10.1226158401613,46.7548136836753,2020-12-04T10:00:42Z,2007
10.1225482206872,46.7549579800431,2020-12-04T11:00:42Z,2007
10.1224801357933,46.7548304950476,2020-12-04T12:00:09Z,2007
10.1221659204204,46.7550493312618,2020-12-04T13:00:42Z,1989
10.1220150519685,46.7548622064149,2020-12-04T14:00:09Z,1989
10.1219925065522,46.754861511508,2020-12-04T15:00:42Z,1989
10.1215278875004,46.7548692728804,2020-12-04T16:00:12Z,1974
10.1218894614725,46.7548275937202,2020-12-04T17:00:42Z,1989
10.1217749191081,46.754958586918,2020-12-04T18:00:10Z,1989
10.1219501819487,46.7549165548961,2020-12-04T19:00:42Z,1989
10.1223011753239,46.7549872122562,2020-12-04T20:00:42Z,2007
10.1218853296697,46.7548708423065,2020-12-04T21:00:33Z,1989
10.1218982102698,46.7547957584441,2020-12-04T22:00:31Z,1989
10.1219741106561,46.7548222451583,2020-12-04T23:00:42Z,1989
10.1212224125874,46.755006982952,2020-12-05T00:00:23Z,1974
10.1207167718505,46.7556261516514,2020-12-05T01:01:12Z,1923
10.1200501102884,46.7561850374644,2020-12-05T02:00:19Z,1862
10.1204116992893,46.7562665840255,2020-12-05T03:00:44Z,1862
10.120298981231,46.7562369826243,2020-12-05T04:00:41Z,1862
10.1212512331915,46.756694077166,2020-12-05T05:00:13Z,1851
10.1199984031109,46.7575725242226,2020-12-05T06:00:15Z,1784
10.1203870714164,46.7582081707229,2020-12-05T07:00:41Z,1751
10.1200402914054,46.7572996557442,2020-12-05T08:00:13Z,1784
10.1200545586414,46.7573390399385,2020-12-05T09:01:12Z,1784
10.1200927319402,46.7574211504712,2020-12-05T10:00:42Z,1784
10.1199744972667,46.7574250611308,2020-12-05T11:00:32Z,1784
10.1199800092959,46.757447000025,2020-12-05T12:01:06Z,1784
10.1204915666549,46.7576511991719,2020-12-05T13:00:46Z,1784
10.1190173778123,46.7586659984203,2020-12-05T14:00:42Z,1711
10.1202551939189,46.7608398807785,2020-12-05T15:00:42Z,1620
10.119391428838,46.7620005575381,2020-12-05T16:00:14Z,1565
10.1122734564508,46.7630859647118,2020-12-05T17:00:42Z,1435
10.1120110957137,46.7634056428169,2020-12-05T18:00:59Z,1419
10.1128787797271,46.7640406964168,2020-12-05T19:01:12Z,1432
10.1129500955543,46.7640111709849,2020-12-05T20:01:06Z,1432
10.1170058324677,46.7641344201346,2020-12-05T21:00:21Z,1512
10.1176080608151,46.7616615521273,2020-12-05T22:00:42Z,1551
10.1180319086111,46.7611548980308,2020-12-05T23:00:14Z,1574
10.1179734789697,46.7612140816057,2020-12-06T00:00:42Z,1551
10.1180608849621,46.7612235382409,2020-12-06T01:00:17Z,1551
10.1181092075,46.7612219211257,2020-12-06T02:00:42Z,1551
10.1182075905186,46.7614369741793,2020-12-06T03:00:15Z,1565
10.1184055195625,46.7611769661005,2020-12-06T04:01:10Z,1589
10.1181972166158,46.7604450724462,2020-12-06T05:00:36Z,1612
10.1174821916135,46.7605589955883,2020-12-06T06:00:42Z,1582
10.1171334409708,46.7604454864651,2020-12-06T07:00:42Z,1582
10.1170851174177,46.7605210316982,2020-12-06T08:00:17Z,1582
10.1171937375182,46.7604275147304,2020-12-06T09:00:42Z,1582
10.1171569081645,46.760479860815,2020-12-06T10:00:42Z,1582
10.1171385178769,46.7603789769907,2020-12-06T11:00:23Z,1582
10.1171357397569,46.7605689914942,2020-12-06T12:01:03Z,1582
10.1172723760269,46.7605057862686,2020-12-06T13:01:14Z,1582
10.117383294042,46.7605234523522,2020-12-06T14:00:10Z,1582
10.1186797902536,46.7609148554163,2020-12-06T15:00:43Z,1589
10.1194066115075,46.7620120168562,2020-12-06T16:00:41Z,1565
10.1214904775615,46.7618531423896,2020-12-06T17:00:36Z,1589
10.121692007557,46.7618279816265,2020-12-06T18:00:46Z,1595
10.1218456883198,46.7617681547299,2020-12-06T19:01:06Z,1618
10.1218300380061,46.7619408365408,2020-12-06T20:00:42Z,1595
10.1217131740108,46.76182510074,2020-12-06T21:00:12Z,1595
10.1218282054809,46.7617440854769,2020-12-06T22:00:41Z,1618
10.1217476910924,46.7617601404537,2020-12-06T23:00:42Z,1618
10.1215783595091,46.7618386331021,2020-12-07T00:00:08Z,1589
10.1214412448977,46.7619011613668,2020-12-07T01:00:46Z,1589
10.1214826416112,46.7621774323051,2020-12-07T02:00:41Z,1589
10.1214269565962,46.7622822380284,2020-12-07T03:00:11Z,1589
10.120198947274,46.761841883826,2020-12-07T04:00:42Z,1574
10.1201294605249,46.761883347535,2020-12-07T05:00:11Z,1574
10.1201212354606,46.761321398509,2020-12-07T06:00:12Z,1598
10.1198106870857,46.7612515258399,2020-12-07T07:00:42Z,1591
10.1190956594147,46.7613777833249,2020-12-07T08:00:41Z,1579
10.1191071557497,46.7615086030998,2020-12-07T09:00:12Z,1579
10.1192198920367,46.7613656943618,2020-12-07T10:01:08Z,1579
10.1191016447428,46.7614250508002,2020-12-07T11:00:42Z,1579
10.1191398198572,46.7614270789423,2020-12-07T12:00:42Z,1579
10.1184689429761,46.7615903080688,2020-12-07T13:01:12Z,1565
10.1180472665583,46.7630875588712,2020-12-07T14:00:11Z,1517
10.1171830487869,46.7637501168194,2020-12-07T15:00:42Z,1512
10.1156618307139,46.7639015098159,2020-12-07T16:00:42Z,1492
10.1156250527841,46.7638475917474,2020-12-07T17:00:12Z,1492
10.1156843923604,46.7639391534316,2020-12-07T18:00:42Z,1492
10.1156397521884,46.7638645390472,2020-12-07T19:00:13Z,1492
10.113200366099,46.7662467089823,2020-12-07T20:00:42Z,1396
10.1136211858944,46.765439610404,2020-12-07T21:00:13Z,1409
10.1140058433344,46.7653947033248,2020-12-07T22:00:32Z,1409
10.1140399004806,46.7654029922545,2020-12-07T23:00:15Z,1416
10.1139068753394,46.7655578293436,2020-12-08T00:00:42Z,1409
10.1140169169641,46.7655787428327,2020-12-08T01:00:20Z,1416
10.1139469222847,46.7655271351363,2020-12-08T02:00:42Z,1409
10.1139380770119,46.7659301764098,2020-12-08T03:00:18Z,1401
10.1143900162999,46.7656325045252,2020-12-08T04:00:54Z,1416
10.1139901729354,46.7655427445177,2020-12-08T05:00:42Z,1409
10.1139947696422,46.7655618057554,2020-12-08T06:00:42Z,1409
10.1145009613159,46.7655207800555,2020-12-08T07:00:12Z,1416
10.116388144487,46.7650288540476,2020-12-08T08:00:13Z,1455
10.1162242818969,46.7653880377931,2020-12-08T09:00:42Z,1428
10.1162169585922,46.7652740601178,2020-12-08T10:00:51Z,1451
10.1162500507893,46.765330292712,2020-12-08T11:00:42Z,1428
10.1162735753962,46.7651043759673,2020-12-08T12:00:10Z,1451
10.1159390642224,46.7648577494317,2020-12-08T13:00:42Z,1451
10.1160053587574,46.7648254240881,2020-12-08T14:00:11Z,1451
10.1161765988371,46.7645293861844,2020-12-08T15:00:42Z,1480
10.1161834951719,46.7645795389817,2020-12-08T16:00:42Z,1480
10.1161651049666,46.7644601725111,2020-12-08T17:00:12Z,1480
10.1162447087804,46.7644658781303,2020-12-08T18:00:42Z,1480
10.1161292331567,46.7644214631824,2020-12-08T19:00:42Z,1480
10.1162612819477,46.7644069734144,2020-12-08T20:00:25Z,1480
10.1166173355507,46.7648639389531,2020-12-08T21:00:52Z,1455
10.1149297798182,46.7656976628647,2020-12-08T22:01:43Z,1421
10.1149311716168,46.7656765807933,2020-12-08T23:01:00Z,1421
10.1141756417232,46.7655463656292,2020-12-09T00:00:42Z,1416
10.1139013733316,46.7655050753177,2020-12-09T01:00:39Z,1409
10.1137232766598,46.7675289932833,2020-12-09T02:00:37Z,1390
10.1148753061883,46.7689394054212,2020-12-09T03:00:42Z,1404
10.1137705670661,46.7680450624642,2020-12-09T04:00:14Z,1388
10.1135014407972,46.7676276824088,2020-12-09T05:00:42Z,1390
10.1111386264817,46.7652287742196,2020-12-09T06:00:43Z,1383
10.1170521921287,46.7648647508886,2020-12-09T07:00:15Z,1459
10.1171971275583,46.7648614305562,2020-12-09T08:00:42Z,1459
10.117204983053,46.7647958766592,2020-12-09T09:00:14Z,1459
10.1172288831936,46.7648324665877,2020-12-09T10:00:42Z,1459
10.117353127351,46.7647156501554,2020-12-09T11:00:17Z,1490
10.1172532625957,46.7648512459377,2020-12-09T12:00:42Z,1459
10.1172274941035,46.7647857832429,2020-12-09T13:00:42Z,1459
10.1173931688904,46.7646849556155,2020-12-09T14:00:13Z,1490
10.1171612531599,46.7649151268006,2020-12-09T15:00:47Z,1459
10.1173811948419,46.7648491671721,2020-12-09T16:00:27Z,1459
10.1166457793815,46.7653585296172,2020-12-09T17:00:41Z,1431
10.1166347132092,46.7654332258386,2020-12-09T18:00:42Z,1431
10.1166089442829,46.7654232069134,2020-12-09T19:00:42Z,1431
10.1167120199632,46.7655187257525,2020-12-09T20:00:42Z,1431
10.1166540659469,46.7654861662398,2020-12-09T21:00:17Z,1431
10.1112844599169,46.7653454009316,2020-12-09T22:01:00Z,1384
10.1117222896634,46.7662904567242,2020-12-09T23:00:42Z,1389
10.1108279953811,46.7652096977457,2020-12-10T00:01:11Z,1382
10.1108445743848,46.7651877556834,2020-12-10T01:00:42Z,1382
10.1108376814509,46.7652053670039,2020-12-10T02:00:12Z,1382
10.1115204877714,46.7654662960133,2020-12-10T03:00:12Z,1384
10.1114022266889,46.7654948402885,2020-12-10T04:00:41Z,1384
10.1111651539066,46.7640273605805,2020-12-10T05:00:13Z,1395
10.1139280479945,46.7655364668659,2020-12-10T06:00:42Z,1409
10.116394987288,46.7653885777541,2020-12-10T07:00:42Z,1431
10.1165335083321,46.7653172940936,2020-12-10T08:00:20Z,1455
10.1164354583489,46.765440189388,2020-12-10T09:00:45Z,1431
10.116565693052,46.7653767966999,2020-12-10T10:00:42Z,1431
10.1167249044186,46.765178753453,2020-12-10T11:00:42Z,1455
10.1164837884676,46.7654139240704,2020-12-10T12:00:42Z,1431
10.1165210519155,46.7654007513066,2020-12-10T13:00:42Z,1431
10.1173793745445,46.7647078586268,2020-12-10T14:00:10Z,1490
10.1172320921678,46.764626191177,2020-12-10T15:00:19Z,1490
10.1174691320491,46.7647591868563,2020-12-10T16:00:41Z,1459
10.1172740020309,46.7646305306311,2020-12-10T17:00:42Z,1490
10.116228397857,46.7653756278245,2020-12-10T18:00:10Z,1428
10.1133106352083,46.76506168562,2020-12-10T19:00:42Z,1410
10.1137141645169,46.7652107413008,2020-12-10T20:00:42Z,1420
10.1140136438825,46.7655524740041,2020-12-10T21:00:11Z,1409
10.1138765093408,46.7655102673409,2020-12-10T22:01:30Z,1409
10.1115453553146,46.765436462839,2020-12-10T23:00:35Z,1384
10.1115591421866,46.7655429304368,2020-12-11T00:00:42Z,1384
10.1115144963805,46.7655299208501,2020-12-11T01:00:42Z,1384
10.1113709596876,46.7653827822938,2020-12-11T02:00:42Z,1384
10.1105978703241,46.7654887621202,2020-12-11T03:00:08Z,1386
10.1114601654185,46.7655890072307,2020-12-11T04:00:36Z,1384
10.1139667715256,46.7653959336288,2020-12-11T05:00:42Z,1409
10.1142626973639,46.76510851146,2020-12-11T06:00:10Z,1430
10.1166624045414,46.7650208562238,2020-12-11T07:00:42Z,1455
10.1173549951171,46.7646767586129,2020-12-11T08:00:13Z,1490
10.1178441595435,46.7645137544573,2020-12-11T09:01:00Z,1491
10.1180102643069,46.7645013907412,2020-12-11T10:00:42Z,1491
10.1180346443271,46.7645386509046,2020-12-11T11:00:42Z,1491
10.1180134745122,46.7644922489787,2020-12-11T12:00:42Z,1491
10.1179936928626,46.7645048517191,2020-12-11T13:00:42Z,1491
10.1180121296136,46.7644933020621,2020-12-11T14:00:15Z,1491
10.1186304441945,46.7651203388843,2020-12-11T15:00:42Z,1465
10.1186824176445,46.7650009070332,2020-12-11T16:00:09Z,1465
10.1186874918228,46.7651623269293,2020-12-11T17:00:41Z,1465
10.1126866753427,46.7649409468889,2020-12-11T18:00:42Z,1399
10.1128091454216,46.7665409365483,2020-12-11T19:00:42Z,1391
10.1132892405714,46.7659501634396,2020-12-11T20:00:42Z,1396
10.1137491267738,46.7652773645667,2020-12-11T21:00:42Z,1420
10.1137611062136,46.7652117194393,2020-12-11T22:00:42Z,1420
10.1137647976393,46.7652771733724,2020-12-11T23:00:42Z,1420
10.1137620113503,46.7652638931639,2020-12-12T00:00:10Z,1420
10.1171450526673,46.7678524378566,2020-12-12T01:00:42Z,1383
10.1146964311286,46.7681366370074,2020-12-12T02:00:42Z,1385
10.1143529902933,46.7688736829563,2020-12-12T03:00:42Z,1402
10.1136764039905,46.7673108438696,2020-12-12T04:00:15Z,1390
10.1131492008309,46.7647096059056,2020-12-12T05:00:42Z,1418
10.1139054823481,46.7655912321359,2020-12-12T06:00:41Z,1409
10.1163954147998,46.765446242776,2020-12-12T07:00:13Z,1431
10.1166315051531,46.7654300452155,2020-12-12T08:00:42Z,1431
10.116599748586,46.7654405281812,2020-12-12T09:00:42Z,1431
10.117346709038,46.7646784891371,2020-12-12T10:00:14Z,1490
10.1173453200908,46.7647488536062,2020-12-12T11:00:43Z,1459
10.1173839726557,46.7646899569275,2020-12-12T12:01:00Z,1490
10.1174019336678,46.7646900564095,2020-12-12T13:01:07Z,1490
10.1174935115238,46.7645993143189,2020-12-12T14:00:21Z,1490
10.1173075775638,46.7647490358302,2020-12-12T15:00:42Z,1459
10.1172979024285,46.7648642538386,2020-12-12T16:00:09Z,1459
10.117452513144,46.7648381212962,2020-12-12T17:00:43Z,1459
10.1174865676279,46.7647848054309,2020-12-12T18:00:27Z,1459
10.115348499907,46.7656610405241,2020-12-12T19:01:38Z,1424
10.113717367866,46.7653186487132,2020-12-12T20:00:42Z,1420
10.1138881411202,46.7651081870543,2020-12-12T21:00:42Z,1420
10.1139630802793,46.7653920838752,2020-12-12T22:00:42Z,1409
10.1139529119055,46.7654511897032,2020-12-12T23:00:42Z,1409
10.1118124011064,46.7666720632421,2020-12-13T00:00:10Z,1392
10.1114764867045,46.7666374779231,2020-12-13T01:00:42Z,1394
10.1135572174835,46.7696889878803,2020-12-13T02:00:15Z,1418
10.1132790403046,46.7683494530748,2020-12-13T03:00:42Z,1397
10.1180603740893,46.7676604914429,2020-12-13T04:00:24Z,1393
10.1197093097122,46.7663850582484,2020-12-13T05:00:37Z,1416
10.119648197475,46.7655823241883,2020-12-13T06:00:16Z,1436
10.1197867126779,46.7656342433818,2020-12-13T07:00:41Z,1436
10.119834123341,46.7655681235931,2020-12-13T08:00:43Z,1436
10.1197342938279,46.7655419989829,2020-12-13T09:00:42Z,1436
10.1197683155355,46.7656442445217,2020-12-13T10:00:42Z,1436
10.1198686182123,46.7655416706617,2020-12-13T11:00:17Z,1436
10.1197048071778,46.7655666469146,2020-12-13T12:00:36Z,1436
10.1197011536096,46.7654996407114,2020-12-13T13:00:15Z,1436
10.1197310486848,46.7655711733737,2020-12-13T14:00:41Z,1436
10.1196804246928,46.7654739431396,2020-12-13T15:02:35Z,1436
10.1198700042514,46.7656437956646,2020-12-13T16:00:18Z,1436
10.118307489509,46.7678113946098,2020-12-13T17:01:06Z,1384
10.1185090511671,46.7674597458236,2020-12-13T18:00:42Z,1394
10.1184055354875,46.7673804827649,2020-12-13T19:00:16Z,1394
10.1169465964639,46.768801778997,2020-12-13T20:00:38Z,1390
10.1169903307504,46.7687379672906,2020-12-13T21:00:44Z,1389
10.1172908129368,46.7688777353425,2020-12-13T22:00:42Z,1406
10.1174808368893,46.7692407789365,2020-12-13T23:00:42Z,1406
10.1170193103513,46.7687265309347,2020-12-14T00:00:08Z,1389
10.1170676428225,46.7687002608922,2020-12-14T01:00:08Z,1389
10.1173134220846,46.7682854681989,2020-12-14T02:01:06Z,1389
10.118418855979,46.7675417264268,2020-12-14T03:00:59Z,1394
10.1198487721872,46.7660748515737,2020-12-14T04:00:54Z,1416
10.1198502209187,46.7656563977746,2020-12-14T05:00:15Z,1436
10.1196242880362,46.765385562658,2020-12-14T06:00:41Z,1436
10.1198060550389,46.7655824568747,2020-12-14T07:00:12Z,1436
10.119916059524,46.7653323102133,2020-12-14T08:00:42Z,1432
10.1192851342551,46.7657436361815,2020-12-14T09:00:42Z,1439
10.1193283866375,46.7657654038138,2020-12-14T10:00:42Z,1436
10.1192230116258,46.7657373615427,2020-12-14T11:00:35Z,1439
10.1192579786397,46.7657300586729,2020-12-14T12:00:42Z,1439
10.1192506764782,46.7657192510869,2020-12-14T13:00:18Z,1439
10.1194356557201,46.765481942997,2020-12-14T14:00:41Z,1436
10.1192400563931,46.7658146514427,2020-12-14T15:00:17Z,1439
10.119547488405,46.7651698138957,2020-12-14T16:00:42Z,1463
10.1183549071175,46.7674434225575,2020-12-14T17:00:42Z,1394
10.1163970711186,46.7664546682427,2020-12-14T18:01:01Z,1415
10.1162829797788,46.7662474806337,2020-12-14T19:00:40Z,1412
10.1163685751857,46.7662696456053,2020-12-14T20:00:42Z,1412
10.1164518715306,46.7663161614823,2020-12-14T21:00:42Z,1415
10.1163750445086,46.7662374896458,2020-12-14T22:00:43Z,1415
10.116255393026,46.7661823957869,2020-12-14T23:00:42Z,1412
10.1171931478749,46.7665548403877,2020-12-15T01:00:17Z,1403
10.1184184204677,46.7673485305571,2020-12-15T02:00:42Z,1394
10.1183088774321,46.7674453410847,2020-12-15T03:00:34Z,1394
10.1149993928432,46.7672925335515,2020-12-15T04:00:39Z,1388
10.1133524916418,46.7650552537126,2020-12-15T05:00:42Z,1410
10.1137670959207,46.7651850573004,2020-12-15T06:00:42Z,1420
10.1163825841496,46.7653903977406,2020-12-15T07:00:14Z,1431
10.1177802168759,46.7645201808714,2020-12-15T08:02:14Z,1491
10.1173066675167,46.7647523065131,2020-12-15T09:00:41Z,1459
10.1173710884684,46.7647896745055,2020-12-15T10:00:42Z,1459
10.1173811948419,46.7647444401361,2020-12-15T11:00:42Z,1459
10.1172091503722,46.7646279064805,2020-12-15T12:00:37Z,1490
10.1174383340696,46.764426029112,2020-12-15T14:00:44Z,1490
10.1183396989068,46.7645989102041,2020-12-15T15:00:44Z,1490
10.1186930413907,46.7650040765986,2020-12-15T16:00:42Z,1465
10.1190575944987,46.7673882894226,2020-12-15T17:00:40Z,1393
10.1184207199064,46.7673488209056,2020-12-15T18:01:01Z,1394
10.1182582487325,46.767748528058,2020-12-15T19:00:42Z,1384
10.1180981180625,46.7675124601991,2020-12-15T20:02:44Z,1393
10.118101805601,46.7675471086462,2020-12-15T21:00:42Z,1393
10.1180185084387,46.7675005959449,2020-12-15T23:02:10Z,1393
10.1172964653071,46.7677368783813,2020-12-16T00:00:44Z,1383
10.1202517339216,46.7673999111969,2020-12-16T01:03:12Z,1392
10.1206079901911,46.7664506889393,2020-12-16T02:00:58Z,1409
10.120719924858,46.7651836441828,2020-12-16T03:03:42Z,1457
10.1207760614966,46.7651611371385,2020-12-16T04:01:35Z,1457
10.1208892499079,46.7648171504594,2020-12-16T05:02:12Z,1457
10.1207139401362,46.7651856650175,2020-12-16T06:00:42Z,1457
10.1174948536656,46.7647830748454,2020-12-16T07:00:12Z,1459
10.1175901195109,46.7648378720803,2020-12-16T08:02:42Z,1462
10.1171971275583,46.7650524025336,2020-12-16T11:01:42Z,1459
10.1171901818852,46.7650530831492,2020-12-16T12:00:42Z,1459
10.1176209642107,46.7646520083915,2020-12-16T13:01:03Z,1491
10.117550263358,46.7637350254122,2020-12-16T14:00:43Z,1510
10.1182445603206,46.7643300197731,2020-12-16T15:00:15Z,1490
10.1183278086872,46.7642117510166,2020-12-16T16:00:42Z,1490
10.1179877497348,46.7642096245746,2020-12-16T17:00:44Z,1491
10.1180185500168,46.7644503768049,2020-12-16T18:00:25Z,1491
10.1180176389897,46.7643920435733,2020-12-16T19:00:42Z,1491
10.1180529518831,46.7650184181371,2020-12-16T20:00:13Z,1462
10.1183528540275,46.7657581762805,2020-12-16T21:00:42Z,1439
10.1191584461475,46.7668335621876,2020-12-16T22:00:41Z,1406
10.1193507701792,46.7670182512334,2020-12-16T23:00:47Z,1404
10.1185067917567,46.7672915645271,2020-12-17T00:00:22Z,1394
10.11844371435,46.767407166388,2020-12-17T01:00:42Z,1394
10.1184469254914,46.7675581950643,2020-12-17T02:00:51Z,1394
10.1131998766423,46.7663446073521,2020-12-17T03:00:42Z,1396
10.113980979534,46.7654676596884,2020-12-17T04:00:12Z,1409
10.1165187530084,46.7654805461806,2020-12-17T05:00:42Z,1431
10.1165620042501,46.7654099093205,2020-12-17T06:00:17Z,1431
10.1166429998034,46.7654253346399,2020-12-17T07:00:42Z,1431
10.1185867566527,46.7649731434309,2020-12-17T08:00:14Z,1465
10.1175289080892,46.7647544006234,2020-12-17T09:00:42Z,1459
10.1176577499977,46.7647983343159,2020-12-17T10:00:42Z,1462
10.1176752324305,46.7647484796043,2020-12-17T11:00:15Z,1462
10.1176918042954,46.7647265371974,2020-12-17T12:00:44Z,1491
10.1176177546328,46.7647227538088,2020-12-17T13:00:20Z,1491
10.1179081025122,46.7645134884123,2020-12-17T14:00:42Z,1491
10.1179476657567,46.7645190851661,2020-12-17T15:00:36Z,1491
10.1179449329689,46.7645658606589,2020-12-17T16:00:12Z,1491
10.1184467418315,46.7623403360572,2020-12-17T17:01:06Z,1542
10.1183676178242,46.7623476299777,2020-12-17T18:00:14Z,1542
10.1179809826463,46.7632492514823,2020-12-17T19:01:01Z,1517
10.1177596146143,46.763676664125,2020-12-17T20:00:32Z,1510
10.1178235562732,46.763731840778,2020-12-17T21:00:42Z,1510
10.1177734091432,46.7637523274775,2020-12-17T22:00:12Z,1510
10.1177651234472,46.7636986130442,2020-12-17T23:01:06Z,1510
10.1177977885004,46.7637711058024,2020-12-18T00:00:12Z,1510
10.1178166589634,46.7637309721033,2020-12-18T01:00:42Z,1510
10.1178461141573,46.7638064472361,2020-12-18T02:00:12Z,1510
10.117860474838,46.7629987500203,2020-12-18T03:00:42Z,1517
10.1182654613055,46.7623843672732,2020-12-18T04:00:16Z,1521
10.1178654620596,46.7633788745316,2020-12-18T05:00:42Z,1517
10.117827765806,46.7633159101746,2020-12-18T06:00:16Z,1517
10.1174873261772,46.7629650370296,2020-12-18T07:00:36Z,1522
10.1174137118896,46.7629634735797,2020-12-18T08:00:42Z,1523
10.1174302833283,46.7628922477849,2020-12-18T09:00:42Z,1523
10.1174583496189,46.762964162206,2020-12-18T10:00:15Z,1522
10.1174652465619,46.7629219063522,2020-12-18T11:00:42Z,1523
10.1175061965468,46.7628201733846,2020-12-18T12:00:42Z,1523
10.1174753994972,46.7628628091536,2020-12-18T13:00:10Z,1523
10.1174394792278,46.7629488505523,2020-12-18T14:00:41Z,1523
10.1173879445472,46.7628918484671,2020-12-18T15:00:11Z,1523
10.1174187884771,46.7628846403059,2020-12-18T16:01:09Z,1523
10.1177037073792,46.7619973275615,2020-12-18T17:00:40Z,1532
10.1177593613755,46.7621651235295,2020-12-18T18:00:15Z,1532
10.1178038643244,46.7629281727332,2020-12-18T19:00:42Z,1521
10.1179147860116,46.7627918113234,2020-12-18T20:00:24Z,1521
10.1177721551993,46.7627276577334,2020-12-18T21:00:41Z,1521
10.1175871861433,46.7629649738565,2020-12-18T22:00:43Z,1517
10.1177620034822,46.7629654125928,2020-12-18T23:00:42Z,1517
10.1178250335962,46.7630608249843,2020-12-19T00:00:12Z,1517
10.1177716774586,46.7629918877958,2020-12-19T01:00:44Z,1517
10.1178255112019,46.7631169450438,2020-12-19T02:00:10Z,1517
10.1182406055945,46.7623710738982,2020-12-19T03:00:42Z,1542
10.117773588407,46.7623169240848,2020-12-19T04:00:42Z,1532
10.1175641961199,46.7624445885415,2020-12-19T05:00:13Z,1521
10.1178089401131,46.7629171057336,2020-12-19T06:00:42Z,1521
10.1178798224181,46.7629346494527,2020-12-19T07:00:13Z,1521
10.117714588905,46.7630808107002,2020-12-19T08:00:42Z,1517
10.1177353254867,46.76305723581,2020-12-19T09:00:42Z,1517
10.1177960564294,46.7629182567173,2020-12-19T10:00:10Z,1521
10.1178613856197,46.7630324403009,2020-12-19T11:00:42Z,1517
10.1171739503656,46.7631236648727,2020-12-19T12:00:42Z,1522
10.1171850144217,46.7630304910214,2020-12-19T13:00:09Z,1522
10.1172447868286,46.7635185389043,2020-12-19T14:00:42Z,1522
10.1168422825738,46.7626793269623,2020-12-19T15:00:42Z,1524
10.1163642516326,46.762538152839,2020-12-19T16:00:42Z,1519
10.11613507186,46.7629741266539,2020-12-19T17:01:12Z,1517
10.1161709423504,46.7628156950877,2020-12-19T18:00:15Z,1519
10.113692514874,46.7634272365366,2020-12-19T19:01:43Z,1466
10.111250429809,46.7635282832842,2020-12-19T20:01:08Z,1408
10.1101008312759,46.7641672050446,2020-12-19T21:00:37Z,1384
10.1100934416245,46.7642519113142,2020-12-19T22:00:42Z,1384
10.1101615591612,46.764194566494,2020-12-19T23:00:42Z,1384
10.1101008312759,46.7642288106696,2020-12-20T00:00:15Z,1384
10.1098370677311,46.7663090774847,2020-12-20T01:00:42Z,1409
10.1099732126474,46.7665286032885,2020-12-20T02:00:40Z,1405
10.1106574765679,46.7645653594152,2020-12-20T03:00:06Z,1383
10.1136295457216,46.765263837075,2020-12-20T04:00:17Z,1420
10.1134895528541,46.7652037401658,2020-12-20T05:00:42Z,1420
10.1135259085438,46.7653108863669,2020-12-20T06:00:42Z,1420
10.1172022048241,46.7648441994641,2020-12-20T07:00:15Z,1459
10.1173131335173,46.7646708717002,2020-12-20T08:01:10Z,1490
10.1172371693641,46.764750650583,2020-12-20T09:00:42Z,1459
10.1172905742635,46.7647379571479,2020-12-20T10:00:38Z,1459
10.117223375206,46.7647858742899,2020-12-20T11:00:42Z,1459
10.1172068028656,46.7648201374786,2020-12-20T12:00:45Z,1459
10.1177787388788,46.7649694258156,2020-12-20T13:00:15Z,1462
10.1177962214316,46.765159825932,2020-12-20T14:00:42Z,1462
10.1177299789546,46.7649072256944,2020-12-20T15:00:42Z,1462
10.1177400861758,46.7650036808129,2020-12-20T16:00:16Z,1462
10.1165215328782,46.7652412503873,2020-12-20T17:00:37Z,1455
10.1143863254183,46.7657210606887,2020-12-20T18:00:42Z,1416
10.1134826581542,46.7654123246288,2020-12-20T19:00:42Z,1409
10.1131686060227,46.7663742375735,2020-12-20T20:00:26Z,1396
10.110256561825,46.7650980048413,2020-12-20T21:00:42Z,1386
10.1105858862056,46.7655852095979,2020-12-20T22:01:04Z,1386
10.1108306086704,46.7659406934609,2020-12-20T23:01:17Z,1392
10.1139697674471,46.7682860756705,2020-12-21T00:00:42Z,1392
10.112600550659,46.7694736885289,2020-12-21T01:00:17Z,1424
10.1124165380099,46.7691394144467,2020-12-21T02:00:42Z,1413
10.1122736430473,46.7680226644555,2020-12-21T03:00:42Z,1398
10.1134645945464,46.7678278873247,2020-12-21T04:00:16Z,1388
10.1125748781211,46.7632086150625,2020-12-21T05:00:42Z,1435
10.1135913241139,46.7633790714467,2020-12-21T06:00:42Z,1466
10.1139602940918,46.7636793364754,2020-12-21T07:00:08Z,1447
10.1139529118727,46.7637270783831,2020-12-21T08:00:09Z,1447
10.1141346816692,46.7636098029317,2020-12-21T09:00:44Z,1464
10.1148553444977,46.7631589853778,2020-12-21T10:00:19Z,1493
10.1156328563272,46.7638698306472,2020-12-21T11:00:42Z,1492
10.1159665062774,46.7638163251538,2020-12-21T12:00:29Z,1503
10.1156627384595,46.7638797563914,2020-12-21T13:00:11Z,1492
10.1156387857911,46.7638693535099,2020-12-21T14:00:42Z,1492
10.1152601267781,46.7638075224507,2020-12-21T15:00:12Z,1492
10.1159426114117,46.7634162691392,2020-12-21T16:00:42Z,1517
10.1174931729697,46.7637746665183,2020-12-21T17:00:42Z,1512
10.1175571142476,46.7637990409981,2020-12-21T18:00:42Z,1510
10.1175488284055,46.7637206842657,2020-12-21T19:00:11Z,1512
10.1175667887465,46.7638994404154,2020-12-21T20:00:42Z,1510
10.1133444978181,46.7640219944549,2020-12-21T21:01:03Z,1432
10.1128093486262,46.7637972306183,2020-12-21T22:01:08Z,1417
10.1146013192101,46.7652503264877,2020-12-21T23:00:42Z,1430
10.1140961043758,46.7654097380277,2020-12-22T00:00:11Z,1416
10.114166029457,46.7652719270402,2020-12-22T01:00:42Z,1430
10.1144991489833,46.7654410739895,2020-12-22T02:00:42Z,1416
10.1148802217076,46.7672504251814,2020-12-22T03:00:42Z,1388
10.1134188242794,46.7688454388896,2020-12-22T04:00:42Z,1397
10.1145674466291,46.7691245791592,2020-12-22T05:00:42Z,1402
10.1194111369803,46.7663564711586,2020-12-22T06:00:10Z,1416
10.1190509513986,46.7657501924349,2020-12-22T07:01:00Z,1439
10.1190519003985,46.7653387878795,2020-12-22T08:00:42Z,1439
10.1189308680216,46.7655881528655,2020-12-22T09:00:44Z,1439
10.11910478832,46.7655364267431,2020-12-22T10:00:42Z,1439
10.1186663220482,46.7651652089063,2020-12-22T11:00:32Z,1465
10.1186470152281,46.7650860753956,2020-12-22T12:00:42Z,1465
10.1187022388444,46.7650421981711,2020-12-22T13:00:12Z,1465
10.1190207305988,46.7642857044848,2020-12-22T14:00:42Z,1489
10.1180535149257,46.7645293191995,2020-12-22T15:00:12Z,1491
10.1180544689966,46.7644320953604,2020-12-22T16:00:45Z,1491
10.1181027520421,46.7646045106555,2020-12-22T17:00:42Z,1491
10.1180199813861,46.7643168624282,2020-12-22T18:00:42Z,1491
10.1195855027792,46.766534903306,2020-12-22T19:00:13Z,1404
10.1168499815044,46.7686864235754,2020-12-22T20:00:48Z,1390
10.1177546403983,46.7692444322739,2020-12-22T21:01:06Z,1404
10.1159259236667,46.768976419334,2020-12-22T22:00:40Z,1408
10.1159411080124,46.7690001991632,2020-12-22T23:00:41Z,1408
10.1142207948723,46.7697598758533,2020-12-23T00:00:12Z,1419
10.1141941177087,46.7697654407058,2020-12-23T01:00:42Z,1419
10.1142277585015,46.7696051706682,2020-12-23T02:01:00Z,1419
10.1153819529364,46.7691778053312,2020-12-23T03:00:16Z,1407
10.1133032514982,46.7651340711336,2020-12-23T04:01:00Z,1410
10.1137162593797,46.7641137660893,2020-12-23T05:00:42Z,1447
10.1145594347915,46.7639022846285,2020-12-23T06:00:09Z,1464
10.1144534456315,46.7640553047566,2020-12-23T07:00:42Z,1464
10.114369111593,46.7644956645546,2020-12-23T08:00:11Z,1447
10.1144502411886,46.7640706077281,2020-12-23T09:01:28Z,1464
10.115642534,46.7640071924871,2020-12-23T10:00:42Z,1492
10.1156664279737,46.7638897680941,2020-12-23T11:00:42Z,1492
10.115666003353,46.7638321081228,2020-12-23T12:00:37Z,1492
10.1166018813351,46.7638599507517,2020-12-23T13:00:19Z,1510
10.1166023620732,46.7638852657281,2020-12-23T14:00:42Z,1510
10.1178926179697,46.7636758394632,2020-12-23T15:00:10Z,1510
10.1177232169708,46.7637312322799,2020-12-23T16:00:42Z,1510
10.11752674826,46.7638562083543,2020-12-23T17:00:43Z,1512
10.1161179060984,46.7635097944488,2020-12-23T18:00:42Z,1517
10.1160438097477,46.7634890741878,2020-12-23T19:00:42Z,1517
10.1160626814626,46.7634674223527,2020-12-23T20:00:09Z,1517
10.115577098911,46.7662932536915,2020-12-23T21:01:27Z,1410
10.1164169063639,46.7662556997406,2020-12-23T22:00:41Z,1415
10.1158522193705,46.7665114772329,2020-12-23T23:01:08Z,1398
10.118505960111,46.7666756831205,2020-12-24T00:00:12Z,1407
10.1184488701792,46.7669555873348,2020-12-24T01:00:42Z,1407
10.1184921234728,46.7669896757409,2020-12-24T02:00:32Z,1407
10.115417463167,46.7684303880618,2020-12-24T03:00:14Z,1391
10.1144312760397,46.768541616376,2020-12-24T04:00:41Z,1390
10.1160230183617,46.7688829950854,2020-12-24T05:01:06Z,1408
10.1200728804247,46.7659887634541,2020-12-24T06:00:12Z,1413
10.1198644913087,46.7656033629091,2020-12-24T07:00:42Z,1436
10.120038886618,46.765509181519,2020-12-24T08:00:43Z,1432
10.1200876523523,46.7657746724754,2020-12-24T09:00:42Z,1432
10.1199988477488,46.7655768397671,2020-12-24T10:00:17Z,1432
10.1206734579216,46.7653127063069,2020-12-24T11:02:14Z,1457
10.1222703782097,46.76140759653,2020-12-24T12:01:06Z,1628
10.1220500181279,46.7612049305767,2020-12-24T13:00:16Z,1618
10.1213511493012,46.7610714250876,2020-12-24T14:00:10Z,1634
10.1214091112716,46.7610978096818,2020-12-24T15:00:42Z,1634
10.1202225008435,46.7611878400956,2020-12-24T16:00:16Z,1620
10.1201133638887,46.7618135565398,2020-12-24T17:00:42Z,1574
10.1201442010243,46.7618186712272,2020-12-24T18:00:42Z,1574
10.1205960792658,46.7614886566877,2020-12-24T19:00:08Z,1602
10.1201285466187,46.7620283170315,2020-12-24T20:00:42Z,1574
10.120199389748,46.7619118588157,2020-12-24T21:01:09Z,1574
10.1175157314472,46.7638123100565,2020-12-24T22:01:13Z,1512
10.1175598915947,46.7638369667527,2020-12-24T23:00:42Z,1510
10.1136933374456,46.7655562189539,2020-12-25T00:00:10Z,1409
10.113299753283,46.7662952588578,2020-12-25T01:00:42Z,1396
10.1148108787639,46.7690190794915,2020-12-25T02:00:42Z,1404
10.1141172223153,46.7700640986176,2020-12-25T03:00:10Z,1440
10.114725763257,46.7687203749852,2020-12-25T04:00:58Z,1391
10.1136037197366,46.7633957283799,2020-12-25T05:00:13Z,1466
10.1136888235218,46.7634480271308,2020-12-25T06:00:42Z,1466
10.1137104834117,46.7633903758896,2020-12-25T07:00:12Z,1466
10.1139566029857,46.7635769162188,2020-12-25T08:00:42Z,1447
10.1139216418956,46.7635718983829,2020-12-25T09:00:42Z,1447
10.1139547922433,46.7634232863649,2020-12-25T10:01:04Z,1466
10.1138374428349,46.7635348090286,2020-12-25T11:00:45Z,1466
10.1154829049995,46.763556170117,2020-12-25T12:01:12Z,1492
10.1159818017879,46.7629868748786,2020-12-25T13:00:08Z,1517
10.1159234276968,46.762748810949,2020-12-25T14:00:10Z,1519
10.1161852162863,46.7628673917988,2020-12-25T15:00:36Z,1519
10.1160618850435,46.7629008474626,2020-12-25T16:00:16Z,1519
10.1162105568854,46.7626287766069,2020-12-25T17:00:42Z,1519
10.116125877171,46.7625725308561,2020-12-25T18:00:42Z,1519
10.1161521263576,46.7625709056352,2020-12-25T19:00:12Z,1519
10.116155333431,46.7626418485693,2020-12-25T20:00:42Z,1519
10.1162805354945,46.7626064719983,2020-12-25T21:00:15Z,1519
10.1152410151352,46.7628612957073,2020-12-25T22:00:40Z,1510
10.1143702852756,46.7635066959079,2020-12-25T23:00:42Z,1480
10.1127434035081,46.7662273951488,2020-12-26T00:00:13Z,1391
10.1128469733678,46.7661942167762,2020-12-26T01:00:42Z,1396
10.1131686060227,46.7662818328894,2020-12-26T02:00:42Z,1396
10.1131459638253,46.7667139366002,2020-12-26T03:00:10Z,1393
10.1144034928116,46.7697132569073,2020-12-26T04:00:42Z,1419
10.1137455595659,46.7688788547583,2020-12-26T05:00:42Z,1402
10.1135733553433,46.7633912897084,2020-12-26T06:00:09Z,1466
10.113622593353499,46.763386398035,2020-12-26T07:00:42Z,1466
10.1135940387081,46.7634801440021,2020-12-26T08:00:11Z,1466
10.115842207018,46.7638853989907,2020-12-26T09:00:42Z,1503
10.1157920616841,46.7638689216894,2020-12-26T10:00:13Z,1503
10.1157869815574,46.763929274414,2020-12-26T11:00:42Z,1503
10.1159623347065,46.763719393256,2020-12-26T12:00:10Z,1503
10.1154708687506,46.7638944187542,2020-12-26T13:00:42Z,1492
10.1156673357261,46.7639172987122,2020-12-26T14:00:41Z,1492
10.1156590489383,46.7639436707811,2020-12-26T15:00:10Z,1492
10.1155573674425,46.7639256358538,2020-12-26T16:00:42Z,1492
10.1145426628601,46.7643108071282,2020-12-26T17:00:43Z,1447
10.1137380615955,46.7634431353854,2020-12-26T18:00:42Z,1466
10.1136690449327,46.7634914329313,2020-12-26T19:00:16Z,1466
10.1136870135261,46.7633621636296,2020-12-26T20:00:36Z,1466
10.1137031007499,46.7634257964222,2020-12-26T21:00:42Z,1466
10.1141619196975,46.7650564022106,2020-12-26T22:00:42Z,1430
10.1128244825213,46.765933247757,2020-12-26T23:00:36Z,1391
10.1100750389669,46.7625778448013,2020-12-27T00:00:15Z,1403
10.1063104972376,46.7618776718927,2020-12-27T01:00:42Z,1393
10.1061043507824,46.7619022276348,2020-12-27T02:00:42Z,1393
10.1100077068009,46.7616578682656,2020-12-27T03:00:17Z,1417
10.1132661843237,46.7661582703573,2020-12-27T04:00:42Z,1396
10.1140766743221,46.7655801236179,2020-12-27T05:00:42Z,1416
10.11369668341,46.7652297931761,2020-12-27T06:00:14Z,1420
10.1136721051562,46.7639474149649,2020-12-27T07:00:42Z,1447
10.1142118500908,46.7641234687637,2020-12-27T08:00:13Z,1464
10.1141497272908,46.7641726350633,2020-12-27T09:00:42Z,1447
10.1141943692249,46.764124039935,2020-12-27T10:00:42Z,1464
10.1150373449394,46.7642498514262,2020-12-27T11:00:21Z,1460
10.1169353747089,46.7644887258078,2020-12-27T12:01:00Z,1486
10.1178777359842,46.7645336923008,2020-12-27T13:00:17Z,1491
10.1165788929927,46.7639186594734,2020-12-27T14:00:13Z,1510
10.1165889973482,46.7639103856035,2020-12-27T15:00:42Z,1510
10.1166511705308,46.7636194166366,2020-12-27T16:00:13Z,1510
10.1166884325345,46.7637417728573,2020-12-27T17:00:43Z,1510
10.1166755486263,46.7636874792192,2020-12-27T18:00:42Z,1510
10.1167119014974,46.7636898975357,2020-12-27T19:00:10Z,1510
10.116670041804,46.7636162462323,2020-12-27T20:00:42Z,1510
10.1164972040359,46.7626620804501,2020-12-27T21:00:29Z,1524
10.1161999719408,46.7626733409657,2020-12-27T22:00:42Z,1519
10.115290373595,46.762107898287,2020-12-27T23:00:42Z,1509
10.1142521660675,46.7630762836617,2020-12-28T00:00:18Z,1480
10.1141532046162,46.7630792316523,2020-12-28T01:00:42Z,1480
10.114279745417,46.7631598451378,2020-12-28T02:00:12Z,1480
10.1132514163502,46.7663276844934,2020-12-28T03:00:14Z,1396
10.1130609303613,46.7662966170875,2020-12-28T04:00:41Z,1396
10.1106013039419,46.7630208429808,2020-12-28T05:00:42Z,1401
10.1131148041333,46.7641369452777,2020-12-28T06:00:38Z,1432
10.1141142099204,46.7643471444782,2020-12-28T07:00:13Z,1447
10.1140554283315,46.7641623005682,2020-12-28T08:00:41Z,1447
10.1160385619197,46.764552056242,2020-12-28T09:00:13Z,1480
10.1161319583781,46.7644917356968,2020-12-28T10:00:42Z,1480
10.1161457510082,46.7645735601257,2020-12-28T11:00:15Z,1480
10.1161241536776,46.7645249396382,2020-12-28T12:00:42Z,1480
10.1163040505094,46.7646929693303,2020-12-28T13:00:15Z,1480
10.116174300061,46.7646030215581,2020-12-28T14:00:42Z,1480
10.1170264733293,46.7644650773573,2020-12-28T15:00:13Z,1490
10.1206103692358,46.7655961842316,2020-12-28T16:00:42Z,1427
10.1185657849937,46.7666755072156,2020-12-28T17:00:43Z,1407
10.1182006233728,46.7654426736216,2020-12-28T18:00:42Z,1439
10.1178674959289,46.7652796988274,2020-12-28T19:01:17Z,1462
10.1177055085531,46.7652673306536,2020-12-28T20:00:42Z,1462
10.1132155492104,46.7663074518454,2020-12-28T21:00:59Z,1396
10.1131474671531,46.7641724768178,2020-12-28T22:00:42Z,1418
10.114171522498,46.7635081665746,2020-12-28T23:00:42Z,1480
10.11413377605,46.7634960247481,2020-12-29T00:00:15Z,1480
10.1141641406961,46.7635127844307,2020-12-29T01:00:42Z,1480
10.1127333073276,46.7662171821706,2020-12-29T02:00:10Z,1391
10.1108011445094,46.7660130691025,2020-12-29T03:00:42Z,1392
10.1101077235653,46.7641865562028,2020-12-29T04:00:11Z,1384
10.1101206081051,46.7641669243246,2020-12-29T05:00:42Z,1384
10.1139772872022,46.7636164860645,2020-12-29T06:00:12Z,1447
10.1139740835522,46.7636194687634,2020-12-29T07:00:42Z,1447
10.1139598066062,46.7636355390917,2020-12-29T08:00:46Z,1447
10.1140058410294,46.7636028271046,2020-12-29T09:00:11Z,1447
10.1162709041306,46.7646629286259,2020-12-29T10:00:42Z,1480
10.1164269047032,46.7647081226342,2020-12-29T11:00:13Z,1486
10.1163891608918,46.7645974168272,2020-12-29T12:00:42Z,1486
10.1164590885009,46.7646752173064,2020-12-29T13:00:12Z,1486
10.1156672187237,46.7643639427804,2020-12-29T14:00:14Z,1471
10.1152600656317,46.7641170910196,2020-12-29T15:00:42Z,1492
10.1155587584492,46.7639846417312,2020-12-29T16:00:42Z,1492
10.1156369703638,46.7638758974081,2020-12-29T17:00:42Z,1492
10.1156880234771,46.7639075844702,2020-12-29T18:00:12Z,1492
10.1155394027264,46.7640549049041,2020-12-29T19:00:42Z,1492
10.1145164742882,46.7641322372859,2020-12-29T20:00:42Z,1464
10.1146149509456,46.7640916501702,2020-12-29T21:00:42Z,1478
10.1134235395121,46.7642934769009,2020-12-29T22:00:42Z,1418
10.1116069030102,46.7658871764916,2020-12-29T23:00:16Z,1384
10.1137425689768,46.7677005359321,2020-12-30T00:00:43Z,1388
10.1142588842743,46.7677682859719,2020-12-30T01:00:11Z,1386
10.1128290787536,46.7660139126976,2020-12-30T02:00:42Z,1391
10.1101031287046,46.7641551737145,2020-12-30T03:00:42Z,1384
10.1127183573033,46.7652400381729,2020-12-30T04:00:12Z,1399
10.1138378553398,46.7654767567494,2020-12-30T05:00:42Z,1409
10.1148340835552,46.7654989543181,2020-12-30T06:00:12Z,1421
10.1165845652137,46.765435228761,2020-12-30T07:00:42Z,1431
10.1166609627375,46.7653761497588,2020-12-30T08:00:42Z,1431
10.1165762785951,46.7654492803182,2020-12-30T09:00:42Z,1431
10.1167419579047,46.7653915750162,2020-12-30T10:00:42Z,1431
10.117163072855,46.764908585912,2020-12-30T11:00:14Z,1459
10.1173742976625,46.7647743728532,2020-12-30T12:00:42Z,1459
10.1173093976655,46.7648410612819,2020-12-30T13:00:12Z,1459
10.1172730920323,46.7647077264991,2020-12-30T14:00:16Z,1490
10.1175532415225,46.7651197117116,2020-12-30T15:00:46Z,1462
10.1174585001244,46.7648361008796,2020-12-30T16:00:42Z,1459
10.1175197117299,46.764808685105,2020-12-30T17:00:42Z,1459
10.1175615737764,46.7648084117308,2020-12-30T18:00:36Z,1462
10.1174916442765,46.7647922160828,2020-12-30T19:00:14Z,1459
10.1173797585544,46.7651243744877,2020-12-30T20:00:52Z,1459
10.1194539504675,46.7661665637821,2020-12-30T21:00:51Z,1416
10.1184102157272,46.7669775214472,2020-12-30T22:00:42Z,1407
10.1184488701792,46.7669494271085,2020-12-30T23:00:09Z,1407
10.1184276993683,46.767038553,2020-12-31T00:00:10Z,1407
10.1179131726273,46.7672677009514,2020-12-31T01:00:44Z,1393
10.1205136959075,46.7660075748126,2020-12-31T02:00:42Z,1409
10.1198954247405,46.7644518260992,2020-12-31T03:00:10Z,1487
10.1186488390607,46.7651226576782,2020-12-31T04:00:42Z,1465
10.1186782943478,46.7650502806683,2020-12-31T05:00:42Z,1465
10.1186861044228,46.7651094838841,2020-12-31T06:00:09Z,1465
10.1204804396924,46.762759488082,2020-12-31T07:00:42Z,1547
10.1178691052692,46.7639017502212,2020-12-31T08:00:42Z,1510
10.1178088063537,46.7639382139626,2020-12-31T09:00:23Z,1510
10.1178005206356,46.7639769070692,2020-12-31T10:00:43Z,1510
10.1178078956284,46.7638675600162,2020-12-31T11:00:13Z,1510
10.1178391724541,46.7638995282123,2020-12-31T12:00:43Z,1510
10.1178143153108,46.7639909657159,2020-12-31T13:00:42Z,1510
10.1172970882191,46.7641867831368,2020-12-31T14:00:12Z,1490
10.1174871861495,46.7638382912537,2020-12-31T15:00:42Z,1512
10.1174508333893,46.7641130943044,2020-12-31T16:00:44Z,1512
10.1176224902283,46.763843916337,2020-12-31T17:00:14Z,1510
10.1175585029228,46.7638087631453,2020-12-31T18:00:42Z,1510
10.1175713868528,46.7638507356841,2020-12-31T19:00:10Z,1510
10.1153057962992,46.7633090145608,2020-12-31T20:01:03Z,1505
10.1142368483445,46.7635237833698,2020-12-31T21:00:42Z,1480
10.115386910029,46.7626745084721,2020-12-31T22:00:46Z,1510
10.1158071071295,46.7622071288893,2020-12-31T23:00:42Z,1519
