ID,Longitude,Latitude,Temperature,Time,elevation
46723,13.525523,52.4307165,-2,2021-02-19T14:00:39Z,35
46723,13.525523,52.4307165,-2,2021-02-19T14:00:39Z,35
46723,13.5254802,52.4307325,-23,2021-02-19T15:00:38Z,35
46723,13.5254802,52.4307325,-23,2021-02-19T15:00:38Z,35
46723,13.5254836,52.4307449,-21,2021-02-19T16:00:09Z,35
46723,13.5254836,52.4307449,-21,2021-02-19T16:00:09Z,35
46723,13.5250465,52.4308276,-16,2021-02-19T17:00:11Z,35
46723,13.5250465,52.4308276,-16,2021-02-19T17:00:11Z,35
46723,13.5255013,52.4307337,-12,2021-02-19T18:00:40Z,35
46723,13.5255013,52.4307337,-12,2021-02-19T18:00:40Z,35
46723,13.5255013,52.4306789,-8,2021-02-19T19:00:10Z,35
46723,13.5255013,52.4306789,-8,2021-02-19T19:00:10Z,35
46723,13.5255077,52.430755,-3,2021-02-19T20:00:08Z,35
46723,13.5255077,52.430755,-3,2021-02-19T20:00:08Z,35
46723,13.5255088,52.4307127,0,2021-02-19T21:00:39Z,35
46723,13.5255088,52.4307127,0,2021-02-19T21:00:39Z,35
46723,13.5255053,52.4307387,4,2021-02-19T22:00:09Z,35
46723,13.5255053,52.4307387,4,2021-02-19T22:00:09Z,35
46723,13.5254688,52.4307869,9,2021-02-19T23:00:09Z,35
46723,13.5254688,52.4307869,9,2021-02-19T23:00:09Z,35
46723,13.5255551,52.4307475,13,2021-02-20T00:00:08Z,35
46723,13.5255551,52.4307475,13,2021-02-20T00:00:08Z,35
46723,13.5255088,52.4307346,17,2021-02-20T01:00:39Z,35
46723,13.5255088,52.4307346,17,2021-02-20T01:00:39Z,35
46723,13.5255511,52.430748,22,2021-02-20T02:00:08Z,35
46723,13.5255511,52.430748,22,2021-02-20T02:00:08Z,35
46723,13.5255191,52.430728,26,2021-02-20T03:00:09Z,35
46723,13.5255191,52.430728,26,2021-02-20T03:00:09Z,35
46723,13.5255299,52.4307139,30,2021-02-20T04:00:38Z,35
46723,13.5255299,52.4307139,30,2021-02-20T04:00:38Z,35
46723,13.5255156,52.4307101,35,2021-02-20T05:00:09Z,35
46723,13.5255156,52.4307101,35,2021-02-20T05:00:09Z,35
46723,13.5255402,52.4307347,39,2021-02-20T06:00:08Z,35
46723,13.5255402,52.4307347,39,2021-02-20T06:00:08Z,35
46723,13.5255339,52.4307463,43,2021-02-20T07:00:39Z,35
46723,13.5255339,52.4307463,43,2021-02-20T07:00:39Z,35
46723,13.5255019,52.4306879,48,2021-02-20T08:00:09Z,35
46723,13.5255019,52.4306879,48,2021-02-20T08:00:09Z,35
46723,13.5254378,52.4307465,52,2021-02-20T09:00:10Z,35
46723,13.5254378,52.4307465,52,2021-02-20T09:00:10Z,35
46723,13.5255053,52.4307167,57,2021-02-20T10:00:38Z,35
46723,13.5255053,52.4307167,57,2021-02-20T10:00:38Z,35
46723,13.5254945,52.4307363,60,2021-02-20T11:00:09Z,35
46723,13.5254945,52.4307363,60,2021-02-20T11:00:09Z,35
46723,13.5255847,52.4306416,60,2021-02-20T12:00:10Z,35
46723,13.5255847,52.4306416,60,2021-02-20T12:00:10Z,35
46723,13.5255516,52.4307296,60,2021-02-20T13:00:39Z,35
46723,13.5255516,52.4307296,60,2021-02-20T13:00:39Z,35
46723,13.5254767,52.4307091,60,2021-02-20T13:21:13Z,35
46723,13.5254767,52.4307091,60,2021-02-20T13:21:13Z,35
46723,13.5255088,52.4307182,60,2021-02-20T13:51:12Z,35
46723,13.5255088,52.4307182,60,2021-02-20T13:51:12Z,35
46723,13.5255088,52.4307401,60,2021-02-20T14:21:11Z,35
46723,13.5255088,52.4307401,60,2021-02-20T14:21:11Z,35
46723,13.5255305,52.4306955,58,2021-02-20T14:51:11Z,35
46723,13.5255305,52.4306955,58,2021-02-20T14:51:11Z,35
46723,13.5254945,52.4307198,55,2021-02-20T15:21:10Z,35
46723,13.5254945,52.4307198,55,2021-02-20T15:21:10Z,35
46723,13.5255156,52.4307759,51,2021-02-20T15:51:36Z,35
46723,13.5255156,52.4307759,51,2021-02-20T15:51:36Z,35
46723,13.5255625,52.4307101,48,2021-02-20T16:21:12Z,35
46723,13.5255625,52.4307101,48,2021-02-20T16:21:12Z,35
46723,13.5256276,52.4306202,44,2021-02-20T16:51:11Z,35
46723,13.5256276,52.4306202,44,2021-02-20T16:51:11Z,35
46723,13.5256374,52.4306374,40,2021-02-20T17:21:12Z,35
46723,13.5256374,52.4306374,40,2021-02-20T17:21:12Z,35
46723,13.525626,52.4307137,37,2021-02-20T17:51:12Z,35
46723,13.525626,52.4307137,37,2021-02-20T17:51:12Z,35
46723,13.5255265,52.4307399,33,2021-02-20T18:21:36Z,35
46723,13.5255265,52.4307399,33,2021-02-20T18:21:36Z,35
46723,13.5255408,52.4307163,29,2021-02-20T18:51:13Z,35
46723,13.5255408,52.4307163,29,2021-02-20T18:51:13Z,35
46723,13.5255225,52.4308116,26,2021-02-20T19:21:12Z,35
46723,13.5255225,52.4308116,26,2021-02-20T19:21:12Z,35
46723,13.525523,52.430722,22,2021-02-20T20:00:08Z,35
46723,13.525523,52.430722,22,2021-02-20T20:00:08Z,35
46723,13.5255088,52.4307127,14,2021-02-20T21:00:37Z,35
46723,13.5255088,52.4307127,14,2021-02-20T21:00:37Z,35
46723,13.5254979,52.4307213,7,2021-02-20T22:00:09Z,35
46723,13.5254979,52.4307213,7,2021-02-20T22:00:09Z,35
46723,13.5254624,52.4308478,0,2021-02-20T23:00:08Z,35
46723,13.5254624,52.4308478,0,2021-02-20T23:00:08Z,35
46723,13.5254103,52.4307349,-7,2021-02-21T00:00:10Z,35
46723,13.5254103,52.4307349,-7,2021-02-21T00:00:10Z,35
46723,13.5255122,52.4307196,-15,2021-02-21T01:00:37Z,35
46723,13.5255122,52.4307196,-15,2021-02-21T01:00:37Z,35
46723,13.5253026,52.4308036,-22,2021-02-21T02:00:08Z,35
46723,13.5253026,52.4308036,-22,2021-02-21T02:00:08Z,35
46723,13.5252308,52.4303142,-27,2021-02-21T03:00:09Z,36
46723,13.5252308,52.4303142,-27,2021-02-21T03:00:09Z,36
46723,13.5255162,52.4307191,5,2021-02-21T04:00:36Z,35
46723,13.5255162,52.4307191,5,2021-02-21T04:00:36Z,35
46723,13.5253108,52.430887,49,2021-02-21T05:00:09Z,35
46723,13.5253108,52.430887,49,2021-02-21T05:00:09Z,35
46723,13.5253542,52.430754,50,2021-02-21T06:00:05Z,35
46723,13.5253542,52.430754,50,2021-02-21T06:00:05Z,35
46723,13.5255305,52.430701,50,2021-02-21T07:00:37Z,35
46723,13.5255305,52.430701,50,2021-02-21T07:00:37Z,35
46723,13.5255305,52.430701,50,2021-02-21T08:00:09Z,35
46723,13.5255305,52.430701,50,2021-02-21T08:00:09Z,35
46723,13.525486,52.4307722,50,2021-02-21T09:00:09Z,35
46723,13.525486,52.4307722,50,2021-02-21T09:00:09Z,35
46723,13.5255477,52.4307082,50,2021-02-21T10:00:36Z,35
46723,13.5255477,52.4307082,50,2021-02-21T10:00:36Z,35
46723,13.525523,52.430722,50,2021-02-21T11:00:09Z,35
46723,13.525523,52.430722,50,2021-02-21T11:00:09Z,35
46723,13.5254653,52.4306758,50,2021-02-21T12:00:11Z,35
46723,13.5254653,52.4306758,50,2021-02-21T12:00:11Z,35
46723,13.5255408,52.4307273,50,2021-02-21T13:00:37Z,35
46723,13.5255408,52.4307273,50,2021-02-21T13:00:37Z,35
46723,13.5255334,52.4306935,50,2021-02-21T14:00:09Z,35
46723,13.5255334,52.4306935,50,2021-02-21T14:00:09Z,35
46723,13.5254945,52.4307144,50,2021-02-21T15:00:08Z,35
46723,13.5254945,52.4307144,50,2021-02-21T15:00:08Z,35
46723,13.525523,52.430733,50,2021-02-21T16:00:36Z,35
46723,13.525523,52.430733,50,2021-02-21T16:00:36Z,35
46723,13.5255196,52.4307096,50,2021-02-21T17:00:09Z,35
46723,13.5255196,52.4307096,50,2021-02-21T17:00:09Z,35
46723,13.5254796,52.4307399,50,2021-02-21T18:00:10Z,35
46723,13.5254796,52.4307399,50,2021-02-21T18:00:10Z,35
46723,13.5255334,52.4307099,50,2021-02-21T19:00:37Z,35
46723,13.5255334,52.4307099,50,2021-02-21T19:00:37Z,35
46723,13.5255162,52.4307081,50,2021-02-21T20:00:09Z,35
46723,13.5255162,52.4307081,50,2021-02-21T20:00:09Z,35
46723,13.5255665,52.4306931,50,2021-02-21T21:00:09Z,35
46723,13.5255665,52.4306931,50,2021-02-21T21:00:09Z,35
46723,13.525523,52.430711,50,2021-02-21T22:00:38Z,35
46723,13.525523,52.430711,50,2021-02-21T22:00:38Z,35
46723,13.5255013,52.4307227,50,2021-02-21T23:00:09Z,35
46723,13.5255013,52.4307227,50,2021-02-21T23:00:09Z,35
46723,13.525419,52.4307013,50,2021-02-22T00:00:09Z,35
46723,13.525419,52.4307013,50,2021-02-22T00:00:09Z,35
46723,13.5255408,52.4307327,50,2021-02-22T01:00:37Z,35
46723,13.5255408,52.4307327,50,2021-02-22T01:00:37Z,35
46723,13.5255265,52.430718,50,2021-02-22T02:00:09Z,35
46723,13.5255265,52.430718,50,2021-02-22T02:00:09Z,35
46723,13.5254945,52.4307527,50,2021-02-22T03:00:10Z,35
46723,13.5254945,52.4307527,50,2021-02-22T03:00:10Z,35
46723,13.525491,52.4307239,50,2021-02-22T04:00:36Z,35
46723,13.525491,52.4307239,50,2021-02-22T04:00:36Z,35
46723,13.5254762,52.430744,50,2021-02-22T05:00:10Z,35
46723,13.5254762,52.430744,50,2021-02-22T05:00:10Z,35
46723,13.5254767,52.430742,50,2021-02-22T06:00:09Z,35
46723,13.5254767,52.430742,50,2021-02-22T06:00:09Z,35
46723,13.5257925,52.4307914,50,2021-02-22T07:00:37Z,35
46723,13.5257925,52.4307914,50,2021-02-22T07:00:37Z,35
46723,13.5263096,52.4303281,15,2021-02-22T08:00:09Z,34
46723,13.5263096,52.4303281,15,2021-02-22T08:00:09Z,34
46723,13.5264828,52.4306365,16,2021-02-22T09:00:10Z,35
46723,13.5264828,52.4306365,16,2021-02-22T09:00:10Z,35
46723,13.5258348,52.4308212,20,2021-02-22T10:00:36Z,35
46723,13.5258348,52.4308212,20,2021-02-22T10:00:36Z,35
46723,13.5258136,52.430831,22,2021-02-22T11:00:08Z,35
46723,13.5258136,52.430831,22,2021-02-22T11:00:08Z,35
46723,13.5257851,52.4308452,23,2021-02-22T12:00:36Z,35
46723,13.5257994,52.4308491,23,2021-02-22T12:00:36Z,35
46723,13.5257994,52.4308491,23,2021-02-22T12:00:36Z,35
46723,13.5258142,52.4308345,22,2021-02-22T13:00:09Z,35
46723,13.5257999,52.4308361,22,2021-02-22T13:00:09Z,35
46723,13.5258142,52.4308345,22,2021-02-22T13:00:09Z,35
46723,13.5258102,52.4307912,13,2021-02-22T14:00:36Z,35
46723,13.5258102,52.4307912,13,2021-02-22T14:00:36Z,35
46723,13.5258136,52.4307981,13,2021-02-22T14:00:36Z,35
46723,13.5257816,52.4308822,10,2021-02-22T15:00:10Z,35
46723,13.5257851,52.4308891,10,2021-02-22T15:00:10Z,35
46723,13.5257816,52.4308822,10,2021-02-22T15:00:10Z,35
46723,13.5257885,52.4308193,7,2021-02-22T16:00:38Z,35
46723,13.5257919,52.4308262,7,2021-02-22T16:00:38Z,35
46723,13.5257885,52.4308193,7,2021-02-22T16:00:38Z,35
46723,13.5258354,52.4308521,5,2021-02-22T17:00:08Z,35
46723,13.5258354,52.4308466,5,2021-02-22T17:00:08Z,35
46723,13.5258354,52.4308521,5,2021-02-22T17:00:08Z,35
46723,13.5258102,52.4308459,4,2021-02-22T18:00:36Z,35
46723,13.5258102,52.4308459,4,2021-02-22T18:00:36Z,35
46723,13.5258136,52.4308529,4,2021-02-22T18:00:36Z,35
46723,13.5258097,52.4308479,3,2021-02-22T19:00:38Z,35
46723,13.5257988,52.430851,3,2021-02-22T19:00:38Z,35
46723,13.5258097,52.4308479,3,2021-02-22T19:00:38Z,35
46723,13.5257462,52.4308552,1,2021-02-22T20:00:08Z,35
46723,13.5257462,52.4308552,1,2021-02-22T20:00:08Z,35
46723,13.5257496,52.4308566,1,2021-02-22T20:00:08Z,35
46723,13.5258354,52.4308576,1,2021-02-22T21:01:01Z,35
46723,13.5258319,52.4308507,1,2021-02-22T21:01:01Z,35
46723,13.5258319,52.4308507,1,2021-02-22T21:01:01Z,35
46723,13.5257851,52.4308343,2,2021-02-22T22:00:09Z,35
46723,13.5257851,52.4308398,2,2021-02-22T22:00:09Z,35
46723,13.5257851,52.4308398,2,2021-02-22T22:00:09Z,35
46723,13.5258531,52.4308355,2,2021-02-22T23:00:09Z,35
46723,13.5258422,52.4308386,2,2021-02-22T23:00:09Z,35
46723,13.5258531,52.4308355,2,2021-02-22T23:00:09Z,35
46723,13.5257644,52.4308256,2,2021-02-23T00:00:38Z,35
46723,13.5257644,52.4308256,2,2021-02-23T00:00:38Z,35
46723,13.5257644,52.4308256,2,2021-02-23T00:00:38Z,35
46723,13.5257811,52.4308458,3,2021-02-23T01:00:09Z,35
46723,13.5257811,52.4308458,3,2021-02-23T01:00:09Z,35
46723,13.5257702,52.4308544,3,2021-02-23T01:00:09Z,35
46723,13.5258108,52.4308056,3,2021-02-23T02:00:09Z,35
46723,13.5258108,52.4308056,3,2021-02-23T02:00:09Z,35
46723,13.5257999,52.4308142,3,2021-02-23T02:00:09Z,35
46723,13.5258216,52.4308135,2,2021-02-23T03:00:37Z,35
46723,13.5258216,52.4308135,2,2021-02-23T03:00:37Z,35
46723,13.5258216,52.430808,2,2021-02-23T03:00:37Z,35
46723,13.5258314,52.4308855,2,2021-02-23T04:00:10Z,35
46723,13.5258205,52.4308886,2,2021-02-23T04:00:10Z,35
46723,13.5258314,52.4308855,2,2021-02-23T04:00:10Z,35
46723,13.5257576,52.4308556,2,2021-02-23T05:00:36Z,35
46723,13.5257576,52.4308611,2,2021-02-23T05:00:36Z,35
46723,13.5257576,52.4308611,2,2021-02-23T05:00:36Z,35
46723,13.5258136,52.4309077,4,2021-02-23T06:00:09Z,35
46723,13.5258102,52.4309007,4,2021-02-23T06:00:09Z,35
46723,13.5258102,52.4309007,4,2021-02-23T06:00:09Z,35
46723,13.5257999,52.4308252,8,2021-02-23T07:00:36Z,35
46723,13.5257999,52.4308306,8,2021-02-23T07:00:36Z,35
46723,13.5257999,52.4308306,8,2021-02-23T07:00:36Z,35
46723,13.5257702,52.4308653,12,2021-02-23T08:00:09Z,35
46723,13.5257845,52.4308637,12,2021-02-23T08:00:09Z,35
46723,13.5257845,52.4308637,12,2021-02-23T08:00:09Z,35
46723,13.5257644,52.4308256,18,2021-02-23T09:00:22Z,35
46723,13.5257753,52.430817,18,2021-02-23T09:00:22Z,35
46723,13.5257753,52.430817,18,2021-02-23T09:00:22Z,35
46723,13.5257851,52.4308069,21,2021-02-23T10:00:36Z,35
46723,13.5257851,52.4308014,21,2021-02-23T10:00:36Z,35
46723,13.5257851,52.4308069,21,2021-02-23T10:00:36Z,35
46723,13.5257673,52.4308509,25,2021-02-23T11:00:09Z,35
46723,13.5257673,52.4308509,25,2021-02-23T11:00:09Z,35
46723,13.5257565,52.4308595,25,2021-02-23T11:00:09Z,35
46723,13.5258136,52.4308419,25,2021-02-23T12:00:36Z,35
46723,13.5258136,52.4308474,25,2021-02-23T12:00:36Z,35
46723,13.5258136,52.4308474,25,2021-02-23T12:00:36Z,35
46723,13.5258457,52.43084,24,2021-02-23T13:00:08Z,35
46723,13.5258457,52.43084,24,2021-02-23T13:00:08Z,35
46723,13.5258491,52.4308415,24,2021-02-23T13:00:08Z,35
46723,13.5258359,52.4307625,19,2021-02-23T14:00:32Z,35
46723,13.5258216,52.4307642,19,2021-02-23T14:00:32Z,35
46723,13.5258359,52.4307625,19,2021-02-23T14:00:32Z,35
46723,13.525788,52.4308925,16,2021-02-23T15:00:10Z,35
46723,13.525777100000001,52.4309011,16,2021-02-23T15:00:10Z,35
46723,13.525788,52.4308925,16,2021-02-23T15:00:10Z,35
46723,13.5258491,52.4308305,13,2021-02-23T16:00:38Z,35
46723,13.5258634,52.4308343,13,2021-02-23T16:00:38Z,35
46723,13.5258634,52.4308343,13,2021-02-23T16:00:38Z,35
46723,13.5257713,52.4308504,11,2021-02-23T17:00:10Z,35
46723,13.5257822,52.4308473,11,2021-02-23T17:00:10Z,35
46723,13.5257822,52.4308473,11,2021-02-23T17:00:10Z,35
46723,13.5257867,52.4308612,10,2021-02-23T18:00:36Z,35
46723,13.5257867,52.4308612,10,2021-02-23T18:00:36Z,35
46723,13.5257724,52.4308574,10,2021-02-23T18:00:36Z,35
46723,13.5257702,52.4308544,9,2021-02-23T19:00:09Z,35
46723,13.5257702,52.4308544,9,2021-02-23T19:00:09Z,35
46723,13.5257702,52.4308544,9,2021-02-23T19:00:09Z,35
46723,13.5256381,52.4309172,8,2021-02-23T20:00:09Z,34
46723,13.5256273,52.4309258,8,2021-02-23T20:00:09Z,34
46723,13.5256381,52.4309172,8,2021-02-23T20:00:09Z,34
46723,13.5258526,52.4308429,7,2021-02-23T21:00:37Z,35
46723,13.525856,52.4308444,7,2021-02-23T21:00:37Z,35
46723,13.5258526,52.4308429,7,2021-02-23T21:00:37Z,35
46723,13.5257988,52.4308565,7,2021-02-23T22:00:09Z,35
46723,13.5257988,52.430851,7,2021-02-23T22:00:09Z,35
46723,13.5257988,52.4308565,7,2021-02-23T22:00:09Z,35
46723,13.5257708,52.4308414,7,2021-02-23T23:00:08Z,35
46723,13.5257565,52.4308376,7,2021-02-23T23:00:08Z,35
46723,13.5257708,52.4308414,7,2021-02-23T23:00:08Z,35
46723,13.5257073,52.4308268,7,2021-02-24T00:00:38Z,35
46723,13.5257073,52.4308268,7,2021-02-24T00:00:38Z,35
46723,13.5257073,52.4308213,7,2021-02-24T00:00:38Z,35
46723,13.5258068,52.4308609,6,2021-02-24T01:00:09Z,35
46723,13.5258068,52.4308609,6,2021-02-24T01:00:09Z,35
46723,13.5258068,52.4308609,6,2021-02-24T01:00:09Z,35
46723,13.5258205,52.4308558,6,2021-02-24T02:00:09Z,35
46723,13.5258171,52.4308543,6,2021-02-24T02:00:09Z,35
46723,13.5258171,52.4308543,6,2021-02-24T02:00:09Z,35
46723,13.5258354,52.4308247,5,2021-02-24T03:00:37Z,35
46723,13.5258354,52.4308247,5,2021-02-24T03:00:37Z,35
46723,13.5258354,52.4308247,5,2021-02-24T03:00:37Z,35
46723,13.5258491,52.4308798,5,2021-02-24T04:00:10Z,35
46723,13.5258491,52.4308743,5,2021-02-24T04:00:10Z,35
46723,13.5258491,52.4308798,5,2021-02-24T04:00:10Z,35
46723,13.5257954,52.4309208,6,2021-02-24T05:00:36Z,35
46723,13.5257988,52.4309277,6,2021-02-24T05:00:36Z,35
46723,13.5257954,52.4309208,6,2021-02-24T05:00:36Z,35
46723,13.5257851,52.4309439,7,2021-02-24T06:00:10Z,35
46723,13.5257816,52.4309424,7,2021-02-24T06:00:10Z,35
46723,13.5257816,52.4309424,7,2021-02-24T06:00:10Z,35
46723,13.5258097,52.4308479,11,2021-02-24T07:00:36Z,35
46723,13.5257988,52.430851,11,2021-02-24T07:00:36Z,35
46723,13.5258097,52.4308479,11,2021-02-24T07:00:36Z,35
46723,13.5258118,52.4308072,17,2021-02-24T08:00:10Z,35
46723,13.525801,52.4308103,17,2021-02-24T08:00:10Z,35
46723,13.5258118,52.4308072,17,2021-02-24T08:00:10Z,35
46723,13.5255299,52.430703,12,2021-03-03T10:00:57Z,35
46723,13.5255265,52.430696,12,2021-03-03T10:00:57Z,35
46723,13.5255265,52.430696,12,2021-03-03T10:00:57Z,35
46723,13.5255008,52.4309494,9,2021-03-03T11:01:46Z,34
46723,13.5255008,52.4309494,9,2021-03-03T11:01:46Z,34
46723,13.5254865,52.4309455,9,2021-03-03T11:01:46Z,34
46723,13.5254317,52.430974,11,2021-03-03T12:00:40Z,34
46723,13.5254351,52.430981,11,2021-03-03T12:00:40Z,34
46723,13.5254317,52.430974,11,2021-03-03T12:00:40Z,34
46723,13.5254642,52.4310195,12,2021-03-03T13:01:02Z,34
46723,13.52545,52.4310157,12,2021-03-03T13:01:02Z,34
46723,13.5254642,52.4310195,12,2021-03-03T13:01:02Z,34
46723,13.5255082,52.4308297,13,2021-03-03T14:00:38Z,35
46723,13.5255082,52.4308352,13,2021-03-03T14:00:38Z,35
46723,13.5255082,52.4308352,13,2021-03-03T14:00:38Z,35
46723,13.5255294,52.4308255,12,2021-03-03T15:00:05Z,35
46723,13.5255294,52.4308255,12,2021-03-03T15:00:05Z,35
46723,13.5255151,52.4308217,12,2021-03-03T15:00:05Z,35
46723,13.5256056,52.431732,10,2021-03-03T16:00:40Z,33
46723,13.5256164,52.4317289,10,2021-03-03T16:00:40Z,33
46723,13.5256164,52.4317289,10,2021-03-03T16:00:40Z,33
46723,13.5255791,52.4307795,8,2021-03-03T17:00:58Z,35
46723,13.5255791,52.4307741,8,2021-03-03T17:00:58Z,35
46723,13.5255791,52.4307795,8,2021-03-03T17:00:58Z,35
46723,13.5255614,52.4307359,8,2021-03-03T18:00:21Z,35
46723,13.5255506,52.4307445,8,2021-03-03T18:00:21Z,35
46723,13.5255614,52.4307359,8,2021-03-03T18:00:21Z,35
46723,13.525336,52.4320309,8,2021-03-03T19:00:38Z,33
46723,13.525336,52.4320309,8,2021-03-03T19:00:38Z,33
46723,13.525336,52.4320309,8,2021-03-03T19:00:38Z,33
46723,13.5253769,52.431145,7,2021-03-03T20:00:41Z,34
46723,13.5253769,52.431145,7,2021-03-03T20:00:41Z,34
46723,13.5253769,52.431145,7,2021-03-03T20:00:41Z,34
46723,13.5254489,52.4309758,7,2021-03-03T21:00:09Z,34
46723,13.5254632,52.4309741,7,2021-03-03T21:00:09Z,34
46723,13.5254632,52.4309741,7,2021-03-03T21:00:09Z,34
46723,13.5255254,52.4307822,7,2021-03-03T22:00:33Z,35
46723,13.5255254,52.4307822,7,2021-03-03T22:00:33Z,35
46723,13.5255288,52.4307836,7,2021-03-03T22:00:33Z,35
46723,13.5254219,52.4307595,6,2021-03-03T23:00:14Z,35
46723,13.5254076,52.4307612,6,2021-03-03T23:00:14Z,35
46723,13.5254219,52.4307595,6,2021-03-03T23:00:14Z,35
46723,13.5255392,52.4308921,5,2021-03-04T00:00:39Z,35
46723,13.5255426,52.430899,5,2021-03-04T00:00:39Z,35
46723,13.5255392,52.4308921,5,2021-03-04T00:00:39Z,35
46723,13.5254653,52.4308786,4,2021-03-04T01:00:09Z,35
46723,13.525451,52.4308802,4,2021-03-04T01:00:09Z,35
46723,13.5254653,52.4308786,4,2021-03-04T01:00:09Z,35
46723,13.5258066,52.4313572,3,2021-03-04T02:00:12Z,35
46723,13.52581,52.4313642,3,2021-03-04T02:00:12Z,35
46723,13.5258066,52.4313572,3,2021-03-04T02:00:12Z,35
46723,13.5254894,52.4309161,4,2021-03-04T03:00:36Z,34
46723,13.5254785,52.4309247,4,2021-03-04T03:00:36Z,34
46723,13.5254894,52.4309161,4,2021-03-04T03:00:36Z,34
46723,13.52514,52.4314389,4,2021-03-04T04:00:13Z,33
46723,13.52514,52.4314389,4,2021-03-04T04:00:13Z,33
46723,13.5251434,52.4314458,4,2021-03-04T04:00:13Z,33
46723,13.5254119,52.4306029,3,2021-03-04T05:00:40Z,35
46723,13.5254228,52.4305998,3,2021-03-04T05:00:40Z,35
46723,13.5254228,52.4305998,3,2021-03-04T05:00:40Z,35
46723,13.5255151,52.4307888,3,2021-03-04T06:00:40Z,35
46723,13.5255151,52.4307943,3,2021-03-04T06:00:40Z,35
46723,13.5255151,52.4307943,3,2021-03-04T06:00:40Z,35
46723,13.525522,52.4308903,4,2021-03-04T07:00:09Z,35
46723,13.5255328,52.4308817,4,2021-03-04T07:00:09Z,35
46723,13.5255328,52.4308817,4,2021-03-04T07:00:09Z,35
46723,13.5255082,52.4307092,4,2021-03-04T08:00:39Z,35
46723,13.5255191,52.4307061,4,2021-03-04T08:00:39Z,35
46723,13.5255191,52.4307061,4,2021-03-04T08:00:39Z,35
46723,13.5255082,52.4307311,4,2021-03-04T09:00:09Z,35
46723,13.5255191,52.430728,4,2021-03-04T09:00:09Z,35
46723,13.5255191,52.430728,4,2021-03-04T09:00:09Z,35
46723,13.5255003,52.4307979,4,2021-03-04T09:36:50Z,35
46723,13.5255003,52.4307979,4,2021-03-04T09:36:50Z,35
46723,13.5255003,52.4307979,4,2021-03-04T09:36:50Z,35
46723,13.5253443,52.4330426,4,2021-03-04T10:06:49Z,32
46723,13.5253443,52.4330426,4,2021-03-04T10:06:49Z,32
46723,13.5253443,52.4330426,4,2021-03-04T10:06:49Z,32
46723,13.5254288,52.4308939,4,2021-03-04T10:37:10Z,35
46723,13.5254288,52.4308939,4,2021-03-04T10:37:10Z,35
46723,13.5254145,52.4308956,4,2021-03-04T10:37:10Z,35
46723,10.0959105,46.6996513,25,2021-03-23T12:47:08Z,1478
46723,10.0959105,46.6996513,25,2021-03-23T12:47:08Z,1478
46723,10.0958976,46.6996463,25,2021-03-23T12:47:08Z,1478
46723,10.0958976,46.6996339,20,2021-03-23T13:00:08Z,1478
46723,10.0958976,46.6996339,20,2021-03-23T13:00:08Z,1478
46723,10.0958976,46.6996339,20,2021-03-23T13:00:08Z,1478
46723,10.0959179,46.6995728,16,2021-03-23T13:15:09Z,1474
46723,10.095905,46.6995678,16,2021-03-23T13:15:09Z,1474
46723,10.0959179,46.6995728,16,2021-03-23T13:15:09Z,1474
46723,10.0959082,46.699614,15,2021-03-23T13:30:40Z,1474
46723,10.0959082,46.699614,15,2021-03-23T13:30:40Z,1474
46723,10.0958976,46.6996216,15,2021-03-23T13:30:40Z,1474
46723,10.0958765,46.6996245,15,2021-03-23T13:45:09Z,1474
46723,10.095887,46.6996169,15,2021-03-23T13:45:09Z,1474
46723,10.095887,46.6996169,15,2021-03-23T13:45:09Z,1474
46723,10.0958922,46.6996244,14,2021-03-23T14:04:21Z,1474
46723,10.0958793,46.6996194,14,2021-03-23T14:04:21Z,1474
46723,10.0958922,46.6996244,14,2021-03-23T14:04:21Z,1474
46723,10.0958922,46.6996244,22,2021-03-24T11:16:39Z,1474
46723,10.0958922,46.6996244,22,2021-03-24T11:16:39Z,1474
46723,10.0958922,46.6996244,22,2021-03-24T11:16:39Z,1474
46723,10.0958922,46.6996244,24,2021-03-24T11:31:39Z,1474
46723,10.0958922,46.6996244,24,2021-03-24T11:31:39Z,1474
46723,10.0958922,46.6996244,24,2021-03-24T11:31:39Z,1474
46723,10.0958922,46.6996244,23,2021-03-24T11:46:39Z,1474
46723,10.0958922,46.6996244,23,2021-03-24T11:46:39Z,1474
46723,10.0958922,46.6996244,23,2021-03-24T11:46:39Z,1474
46723,10.0958922,46.6996244,26,2021-03-24T12:01:39Z,1474
46723,10.0958922,46.6996244,26,2021-03-24T12:01:39Z,1474
46723,10.0958922,46.6996244,26,2021-03-24T12:01:39Z,1474
46723,10.0958922,46.6996244,31,2021-03-24T12:16:39Z,1474
46723,10.0958922,46.6996244,31,2021-03-24T12:16:39Z,1474
46723,10.0958922,46.6996244,31,2021-03-24T12:16:39Z,1474
46723,10.0959431,46.6996745,28,2021-03-24T12:30:38Z,1478
46723,10.0959325,46.6996821,28,2021-03-24T12:30:38Z,1478
46723,10.0959431,46.6996745,28,2021-03-24T12:30:38Z,1478
46723,10.0959105,46.6996143,26,2021-03-24T12:45:36Z,1474
46723,10.0959105,46.6996143,26,2021-03-24T12:45:36Z,1474
46723,10.0958976,46.6996093,26,2021-03-24T12:45:36Z,1474
46723,10.0958879,46.6996505,23,2021-03-24T13:00:08Z,1478
46723,10.0958879,46.6996505,23,2021-03-24T13:00:08Z,1478
46723,10.0958902,46.6996508,23,2021-03-24T13:00:08Z,1478
46723,10.0959286,46.6997842,22,2021-03-24T13:15:11Z,1478
46723,10.0959392,46.6997766,22,2021-03-24T13:15:11Z,1478
46723,10.0959392,46.6997766,22,2021-03-24T13:15:11Z,1478
46723,10.0959583,46.6996675,15,2021-03-24T15:00:39Z,1478
46723,10.095956,46.6996672,15,2021-03-24T15:00:39Z,1478
46723,10.095956,46.6996672,15,2021-03-24T15:00:39Z,1478
46723,10.095956,46.6996672,19,2021-03-24T19:01:39Z,1478
46723,10.095956,46.6996672,19,2021-03-24T19:01:39Z,1478
46723,10.095956,46.6996672,19,2021-03-24T19:01:39Z,1478
46723,10.0960706,46.6996089,18,2021-03-24T23:00:37Z,1474
46723,10.0960577,46.6996101,18,2021-03-24T23:00:37Z,1474
46723,10.0960706,46.6996089,18,2021-03-24T23:00:37Z,1474
46723,10.0960706,46.6996089,18,2021-03-25T03:01:38Z,1474
46723,10.0960706,46.6996089,18,2021-03-25T03:01:38Z,1474
46723,10.0960706,46.6996089,18,2021-03-25T03:01:38Z,1474
46723,10.0958885,46.6996205,12,2021-03-25T07:00:37Z,1474
46723,10.0958885,46.6996205,12,2021-03-25T07:00:37Z,1474
46723,10.0958885,46.6996205,12,2021-03-25T07:00:37Z,1474
46723,10.1709528,46.6726465,14,2021-04-18T14:01:02Z,1929
46723,10.1709633,46.672645,14,2021-04-18T14:01:02Z,1929
46723,10.1709633,46.672645,14,2021-04-18T14:01:02Z,1929
46723,10.1711536,46.672898000000004,3,2021-04-18T18:00:39Z,1948
46723,10.1711536,46.672898000000004,3,2021-04-18T18:00:39Z,1948
46723,10.1711559,46.6729045,3,2021-04-18T18:00:39Z,1948
46723,10.1681255,46.6734616,5,2021-04-18T22:00:39Z,1813
46723,10.1681255,46.6734616,5,2021-04-18T22:00:39Z,1813
46723,10.1681255,46.6734616,5,2021-04-18T22:00:39Z,1813
46723,10.1702336,46.6732076,9,2021-04-19T02:00:39Z,1936
46723,10.1702336,46.6732076,9,2021-04-19T02:00:39Z,1936
46723,10.1702359,46.673214,9,2021-04-19T02:00:39Z,1936
46723,10.1705702,46.6733444,13,2021-04-19T06:00:39Z,1936
46723,10.1705702,46.6733444,13,2021-04-19T06:00:39Z,1936
46723,10.1705702,46.6733444,13,2021-04-19T06:00:39Z,1936
46723,10.1709936,46.6735566,18,2021-04-19T10:01:02Z,1966
46723,10.1709936,46.6735566,18,2021-04-19T10:01:02Z,1966
46723,10.1709936,46.6735504,18,2021-04-19T10:01:02Z,1966
46723,10.1717764,46.6733519,14,2021-04-19T14:00:39Z,2017
46723,10.1717658,46.6733595,14,2021-04-19T14:00:39Z,2017
46723,10.1717764,46.6733519,14,2021-04-19T14:00:39Z,2017
46723,10.1718526,46.6732188,8,2021-04-19T18:00:39Z,2017
46723,10.1718526,46.6732188,8,2021-04-19T18:00:39Z,2017
46723,10.1718549,46.6732252,8,2021-04-19T18:00:39Z,2017
46723,10.1718457,46.6731994,3,2021-04-19T22:00:39Z,2017
46723,10.1718562,46.673198,3,2021-04-19T22:00:39Z,2001
46723,10.1718562,46.673198,3,2021-04-19T22:00:39Z,2001
46723,10.1717833,46.673581,4,2021-04-20T02:00:39Z,2017
46723,10.1717833,46.673581,4,2021-04-20T02:00:39Z,2017
46723,10.1717705,46.6735821,4,2021-04-20T02:00:39Z,2017
46723,10.1720633,46.6734609,24,2021-04-20T06:00:39Z,2017
46723,10.1720761,46.6734597,24,2021-04-20T06:00:39Z,2017
46723,10.1720761,46.6734597,24,2021-04-20T06:00:39Z,2017
46723,10.1725644,46.6735507,18,2021-04-20T10:00:39Z,2038
46723,10.1725539,46.6735583,18,2021-04-20T10:00:39Z,2038
46723,10.1725644,46.6735507,18,2021-04-20T10:00:39Z,2038
46723,10.1722394,46.6727857,16,2021-04-20T14:00:39Z,2023
46723,10.1722394,46.6727857,16,2021-04-20T14:00:39Z,2023
46723,10.1722394,46.6727796,16,2021-04-20T14:00:39Z,2023
46723,10.1726304,46.6727905,7,2021-04-20T18:00:39Z,2023
46723,10.1726304,46.672784299999996,7,2021-04-20T18:00:39Z,2023
46723,10.1726304,46.6727905,7,2021-04-20T18:00:39Z,2023
46723,10.1725341,46.672886,3,2021-04-20T22:00:39Z,2023
46723,10.1725318,46.6728795,3,2021-04-20T22:00:39Z,2023
46723,10.1725318,46.6728795,3,2021-04-20T22:00:39Z,2023
46723,10.1722967,46.6734765,7,2021-04-21T02:01:26Z,2038
46723,10.1722967,46.6734765,7,2021-04-21T02:01:26Z,2038
46723,10.1722967,46.6734703,7,2021-04-21T02:01:26Z,2038
46723,10.1724969,46.6728684,10,2021-04-21T06:00:39Z,2023
46723,10.1724969,46.6728684,10,2021-04-21T06:00:39Z,2023
46723,10.1724992,46.6728749,10,2021-04-21T06:00:39Z,2023
46723,10.1718084,46.673114,19,2021-04-21T10:01:10Z,2001
46723,10.1718084,46.673114,19,2021-04-21T10:01:10Z,2001
46723,10.1718107,46.6731143,19,2021-04-21T10:01:10Z,2001
46723,10.1720458,46.6729925,22,2021-04-21T14:00:39Z,2001
46723,10.1720329,46.6729937,22,2021-04-21T14:00:39Z,2001
46723,10.1720458,46.6729925,22,2021-04-21T14:00:39Z,2001
46723,10.1719146,46.6735521,7,2021-04-21T18:00:39Z,2017
46723,10.1719146,46.6735521,7,2021-04-21T18:00:39Z,2017
46723,10.1719017,46.6735532,7,2021-04-21T18:00:39Z,2017
46723,10.1720794,46.6735923,9,2021-04-21T22:01:02Z,2017
46723,10.1720794,46.6735923,9,2021-04-21T22:01:02Z,2017
46723,10.1720817,46.6735988,9,2021-04-21T22:01:02Z,2017
46723,10.1720514,46.6735882,9,2021-04-22T02:00:39Z,2017
46723,10.1720643,46.6735871,9,2021-04-22T02:00:39Z,2017
46723,10.1720643,46.6735871,9,2021-04-22T02:00:39Z,2017
46723,10.1723713,46.6729623,12,2021-04-22T06:01:39Z,2023
46723,10.1723713,46.6729623,12,2021-04-22T06:01:39Z,2023
46723,10.1723607,46.6729699,12,2021-04-22T06:01:39Z,2023
46723,10.171932,46.6731442,21,2021-04-22T10:00:39Z,2001
46723,10.1719426,46.6731428,21,2021-04-22T10:00:39Z,2001
46723,10.1719426,46.6731428,21,2021-04-22T10:00:39Z,2001
46723,10.1700182,46.6733352,17,2021-04-22T14:01:07Z,1906
46723,10.1700182,46.6733352,17,2021-04-22T14:01:07Z,1906
46723,10.1700182,46.6733352,17,2021-04-22T14:01:07Z,1906
46723,10.1715334,46.6732849,13,2021-04-22T18:00:37Z,1993
46723,10.1715205,46.6732799,13,2021-04-22T18:00:37Z,1993
46723,10.1715334,46.6732849,13,2021-04-22T18:00:37Z,1993
46723,10.1718457,46.6731871,9,2021-04-22T22:01:06Z,2001
46723,10.1718457,46.6731871,9,2021-04-22T22:01:06Z,2001
46723,10.1718457,46.6731871,9,2021-04-22T22:01:06Z,2001
46723,10.1717144,46.6734381,7,2021-04-23T02:00:37Z,2017
46723,10.1717144,46.6734381,7,2021-04-23T02:00:37Z,2017
46723,10.1717144,46.6734381,7,2021-04-23T02:00:37Z,2017
46723,10.1719663,46.6739804,7,2021-04-23T06:00:37Z,2029
46723,10.1719769,46.6739789,7,2021-04-23T06:00:37Z,2029
46723,10.1719769,46.6739789,7,2021-04-23T06:00:37Z,2029
46723,10.1700321,46.6734602,32,2021-04-23T10:02:06Z,1906
46723,10.1700321,46.6734602,32,2021-04-23T10:02:06Z,1906
46723,10.1700321,46.6734602,32,2021-04-23T10:02:06Z,1906
46723,10.1716142,46.6730475,21,2021-04-23T14:00:37Z,1976
46723,10.1716247,46.6730399,21,2021-04-23T14:00:37Z,1976
46723,10.1716247,46.6730399,21,2021-04-23T14:00:37Z,1976
46723,10.1726541,46.6736281,8,2021-04-23T18:00:37Z,2055
46723,10.1726541,46.6736342,8,2021-04-23T18:00:37Z,2055
46723,10.1726541,46.6736342,8,2021-04-23T18:00:37Z,2055
46723,10.1729047,46.6735433,8,2021-04-23T22:00:37Z,2055
46723,10.1729047,46.6735372,8,2021-04-23T22:00:37Z,2055
46723,10.1729047,46.6735433,8,2021-04-23T22:00:37Z,2055
46723,10.1728269,46.6734867,7,2021-04-24T02:00:37Z,2055
46723,10.1728164,46.6734881,7,2021-04-24T02:00:37Z,2055
46723,10.1728269,46.6734867,7,2021-04-24T02:00:37Z,2055
46723,10.1728467,46.673474,8,2021-04-24T06:00:37Z,2055
46723,10.1728467,46.673474,8,2021-04-24T06:00:37Z,2055
46723,10.1728467,46.673474,8,2021-04-24T06:00:37Z,2055
46723,10.1722473,46.672419,40,2021-04-24T10:00:37Z,2007
46723,10.1722579,46.6724176,40,2021-04-24T10:00:37Z,2007
46723,10.1722579,46.6724176,40,2021-04-24T10:00:37Z,2007
46723,10.1728375,46.6720783,23,2021-04-24T14:00:37Z,2016
46723,10.1728352,46.6720719,23,2021-04-24T14:00:37Z,2016
46723,10.1728352,46.6720719,23,2021-04-24T14:00:37Z,2016
46723,10.1728724,46.6734717,10,2021-04-24T18:00:37Z,2055
46723,10.1728724,46.6734717,10,2021-04-24T18:00:37Z,2055
46723,10.1728724,46.6734717,10,2021-04-24T18:00:37Z,2055
46723,10.1728724,46.6734717,11,2021-04-24T22:01:39Z,2055
46723,10.1728724,46.6734717,11,2021-04-24T22:01:39Z,2055
46723,10.1728724,46.6734717,11,2021-04-24T22:01:39Z,2055
46723,10.1726897,46.673604,10,2021-04-25T02:00:37Z,2055
46723,10.1726897,46.673604,10,2021-04-25T02:00:37Z,2055
46723,10.1726897,46.673604,10,2021-04-25T02:00:37Z,2055
46723,10.1722631,46.6731729,12,2021-04-25T06:00:37Z,2023
46723,10.1722525,46.6731743,12,2021-04-25T06:00:37Z,2023
46723,10.1722631,46.6731729,12,2021-04-25T06:00:37Z,2023
46723,10.1721767,46.6724567,35,2021-04-25T10:00:37Z,2007
46723,10.1721767,46.6724629,35,2021-04-25T10:00:37Z,2007
46723,10.1721767,46.6724629,35,2021-04-25T10:00:37Z,2007
46723,10.1717355,46.6733304,22,2021-04-25T14:00:37Z,2017
46723,10.1717355,46.6733242,22,2021-04-25T14:00:37Z,2017
46723,10.1717355,46.6733304,22,2021-04-25T14:00:37Z,2017
46723,10.1722875,46.673642,11,2021-04-25T18:00:37Z,2038
46723,10.1722875,46.673642,11,2021-04-25T18:00:37Z,2038
46723,10.1722875,46.673642,11,2021-04-25T18:00:37Z,2038
46723,10.1725295,46.6737555,7,2021-04-25T22:00:37Z,2049
46723,10.1725189,46.673757,7,2021-04-25T22:00:37Z,2049
46723,10.1725295,46.6737555,7,2021-04-25T22:00:37Z,2049
46723,10.1725737,46.6738232,8,2021-04-26T02:00:37Z,2049
46723,10.1725631,46.6738308,8,2021-04-26T02:00:37Z,2049
46723,10.1725737,46.6738232,8,2021-04-26T02:00:37Z,2049
46723,10.1752626,46.6715983,14,2021-04-26T06:01:06Z,2099
46723,10.1752497,46.6715995,14,2021-04-26T06:01:06Z,2099
46723,10.1752626,46.6715983,14,2021-04-26T06:01:06Z,2099
46723,10.1731871,46.6701035,12,2021-04-26T10:03:00Z,1966
46723,10.1731999,46.6701024,12,2021-04-26T10:03:00Z,1966
46723,10.1731999,46.6701024,12,2021-04-26T10:03:00Z,1966
46723,10.172123,46.6724426,24,2021-04-26T14:00:37Z,1984
46723,10.1721253,46.672449,24,2021-04-26T14:00:37Z,1984
46723,10.172123,46.6724426,24,2021-04-26T14:00:37Z,1984
46723,10.172755,46.6736256,11,2021-04-26T18:00:37Z,2055
46723,10.1727656,46.6736242,11,2021-04-26T18:00:37Z,2055
46723,10.1727656,46.6736242,11,2021-04-26T18:00:37Z,2055
46723,10.1728995,46.6734484,11,2021-04-26T22:01:36Z,2055
46723,10.1728889,46.673456,11,2021-04-26T22:01:36Z,2055
46723,10.1728995,46.6734484,11,2021-04-26T22:01:36Z,2055
46723,10.1728559,46.673543,12,2021-04-27T02:00:37Z,2055
46723,10.1728559,46.673543,12,2021-04-27T02:00:37Z,2055
46723,10.1728559,46.6735368,12,2021-04-27T02:00:37Z,2055
46723,10.1714084,46.6730659,13,2021-04-27T06:01:08Z,1976
46723,10.1714084,46.6730721,13,2021-04-27T06:01:08Z,1976
46723,10.1714084,46.6730721,13,2021-04-27T06:01:08Z,1976
46723,10.1700607,46.6743733,34,2021-04-27T10:01:30Z,1933
46723,10.170063,46.6743736,34,2021-04-27T10:01:30Z,1933
46723,10.1700607,46.6743733,34,2021-04-27T10:01:30Z,1933
46723,10.169065,46.6732124,27,2021-04-27T14:00:37Z,1850
46723,10.169065,46.6732124,27,2021-04-27T14:00:37Z,1850
46723,10.1690521,46.6732074,27,2021-04-27T14:00:37Z,1850
46723,10.1717593,46.6731436,14,2021-04-27T18:00:37Z,2001
46723,10.1717698,46.673136,14,2021-04-27T18:00:37Z,2001
46723,10.1717698,46.673136,14,2021-04-27T18:00:37Z,2001
46723,10.1726271,46.6726023,13,2021-04-27T22:00:37Z,2007
46723,10.1726271,46.6726023,13,2021-04-27T22:00:37Z,2007
46723,10.1726166,46.6726099,13,2021-04-27T22:00:37Z,2007
46723,10.1726166,46.6726161,12,2021-04-28T02:00:37Z,2007
46723,10.1726166,46.6726161,12,2021-04-28T02:00:37Z,2007
46723,10.1726166,46.6726099,12,2021-04-28T02:00:37Z,2007
46723,10.1720132,46.6724325,14,2021-04-28T06:00:37Z,1984
46723,10.1720109,46.6724322,14,2021-04-28T06:00:37Z,1984
46723,10.1720109,46.6724322,14,2021-04-28T06:00:37Z,1984
46723,10.1720669,46.6728786,31,2021-04-28T10:00:37Z,2001
46723,10.1720669,46.6728786,31,2021-04-28T10:00:37Z,2001
46723,10.172054,46.6728798,31,2021-04-28T10:00:37Z,2001
46723,10.1734676,46.6716021,18,2021-04-28T14:00:37Z,2023
46723,10.1734676,46.6716021,18,2021-04-28T14:00:37Z,2023
46723,10.1734699,46.6716085,18,2021-04-28T14:00:37Z,2023
46723,10.1732948,46.6734898,12,2021-04-28T18:00:37Z,2072
46723,10.1732819,46.6734909,12,2021-04-28T18:00:37Z,2072
46723,10.1732948,46.6734898,12,2021-04-28T18:00:37Z,2072
46723,10.1731177,46.6736006,11,2021-04-28T22:00:37Z,2055
46723,10.1731306,46.6735995,11,2021-04-28T22:00:37Z,2055
46723,10.1731306,46.6735995,11,2021-04-28T22:00:37Z,2055
46723,10.173067,46.67357,11,2021-04-29T02:00:37Z,2055
46723,10.1730775,46.6735624,11,2021-04-29T02:00:37Z,2055
46723,10.1730775,46.6735624,11,2021-04-29T02:00:37Z,2055
46723,10.1733456,46.6737672,18,2021-04-29T06:00:37Z,2078
46723,10.1733327,46.6737683,18,2021-04-29T06:00:37Z,2078
46723,10.1733456,46.6737672,18,2021-04-29T06:00:37Z,2078
46723,10.1717006,46.6733008,20,2021-04-29T10:00:37Z,2017
46723,10.1717006,46.6733008,20,2021-04-29T10:00:37Z,2017
46723,10.1717006,46.6733008,20,2021-04-29T10:00:37Z,2017
46723,10.1707839,46.6728914,17,2021-04-29T14:00:37Z,1948
46723,10.1707839,46.6728914,17,2021-04-29T14:00:37Z,1948
46723,10.1707839,46.6728914,17,2021-04-29T14:00:37Z,1948
46723,10.1709432,46.67299,12,2021-04-29T18:00:37Z,1948
46723,10.1709455,46.672996500000004,12,2021-04-29T18:00:37Z,1948
46723,10.1709432,46.67299,12,2021-04-29T18:00:37Z,1948
46723,10.1709722,46.6730525,14,2021-04-29T22:03:00Z,1948
46723,10.1709722,46.6730525,14,2021-04-29T22:03:00Z,1948
46723,10.1709593,46.6730474,14,2021-04-29T22:03:00Z,1948
46723,10.1710586,46.6730836,12,2021-04-30T02:00:37Z,1948
46723,10.1710457,46.6730786,12,2021-04-30T02:00:37Z,1948
46723,10.1710586,46.6730836,12,2021-04-30T02:00:37Z,1948
46723,10.1714378,46.6722283,14,2021-04-30T06:00:37Z,1958
46723,10.1714378,46.6722283,14,2021-04-30T06:00:37Z,1958
46723,10.1714401,46.6722286,14,2021-04-30T06:00:37Z,1958
46723,10.1717164,46.6737152,26,2021-04-30T10:00:37Z,2029
46723,10.1717141,46.6737087,26,2021-04-30T10:00:37Z,2029
46723,10.1717141,46.6737087,26,2021-04-30T10:00:37Z,2029
46723,10.172424,46.6728441,16,2021-04-30T14:00:37Z,2023
46723,10.172424,46.6728441,16,2021-04-30T14:00:37Z,2023
46723,10.172424,46.672838,16,2021-04-30T14:00:37Z,2023
46723,10.1718677,46.6736128,12,2021-04-30T18:00:37Z,2017
46723,10.1718549,46.6736078,12,2021-04-30T18:00:37Z,2017
46723,10.1718677,46.6736128,12,2021-04-30T18:00:37Z,2017
46723,10.1719182,46.6734388,14,2021-04-30T22:01:06Z,2017
46723,10.1719182,46.6734388,14,2021-04-30T22:01:06Z,2017
46723,10.1719182,46.6734388,14,2021-04-30T22:01:06Z,2017
46723,10.1715647,46.6734649,13,2021-05-01T02:00:37Z,1993
46723,10.1715753,46.6734573,13,2021-05-01T02:00:37Z,1993
46723,10.1715753,46.6734573,13,2021-05-01T02:00:37Z,1993
46723,10.1722697,46.6722162,17,2021-05-01T06:03:00Z,1992
46723,10.1722592,46.6722176,17,2021-05-01T06:03:00Z,1992
46723,10.1722697,46.6722162,17,2021-05-01T06:03:00Z,1992
46723,10.1769549,46.6696918,14,2021-05-01T10:00:37Z,2044
46723,10.1769549,46.6696979,14,2021-05-01T10:00:37Z,2044
46723,10.1769549,46.6696979,14,2021-05-01T10:00:37Z,2044
46723,10.175556,46.6707693,12,2021-05-01T14:00:37Z,2072
46723,10.1755432,46.6707643,12,2021-05-01T14:00:37Z,2072
46723,10.175556,46.6707693,12,2021-05-01T14:00:37Z,2072
46723,10.1754301,46.6707697,8,2021-05-01T18:00:37Z,2072
46723,10.1754172,46.6707708,8,2021-05-01T18:00:37Z,2072
46723,10.1754301,46.6707697,8,2021-05-01T18:00:37Z,2072
46723,10.1758155,46.6699442,9,2021-05-01T22:00:37Z,2032
46723,10.1758155,46.6699442,9,2021-05-01T22:00:37Z,2032
46723,10.1758155,46.6699442,9,2021-05-01T22:00:37Z,2032
46723,10.1724563,46.6729034,12,2021-05-02T02:00:37Z,2023
46723,10.1724692,46.6729085,12,2021-05-02T02:00:37Z,2023
46723,10.1724692,46.6729085,12,2021-05-02T02:00:37Z,2023
46723,10.1715825,46.6734158,15,2021-05-02T06:00:37Z,1993
46723,10.1715825,46.6734158,15,2021-05-02T06:00:37Z,1993
46723,10.171572,46.6734234,15,2021-05-02T06:00:37Z,1993
46723,10.1698913,46.6728762,18,2021-05-02T10:00:37Z,1887
46723,10.1698785,46.6728712,18,2021-05-02T10:00:37Z,1887
46723,10.1698913,46.6728762,18,2021-05-02T10:00:37Z,1887
46723,10.1684829,46.6737674,17,2021-05-02T14:00:37Z,1851
46723,10.1684935,46.6737598,17,2021-05-02T14:00:37Z,1851
46723,10.1684935,46.6737598,17,2021-05-02T14:00:37Z,1851
46723,10.172302,46.6735776,12,2021-05-02T18:00:37Z,2038
46723,10.172302,46.6735776,12,2021-05-02T18:00:37Z,2038
46723,10.1722914,46.673579,12,2021-05-02T18:00:37Z,2038
46723,10.1722268,46.6734111,9,2021-05-02T22:02:06Z,2038
46723,10.1722245,46.6734108,9,2021-05-02T22:02:06Z,2038
46723,10.1722245,46.6734108,9,2021-05-02T22:02:06Z,2038
46723,10.1722245,46.6734108,11,2021-05-03T02:01:39Z,2038
46723,10.1722245,46.6734108,11,2021-05-03T02:01:39Z,2038
46723,10.1722245,46.6734108,11,2021-05-03T02:01:39Z,2038
46723,10.1716326,46.6733705,22,2021-05-03T06:00:37Z,1993
46723,10.1716326,46.6733705,22,2021-05-03T06:00:37Z,1993
46723,10.1716326,46.6733705,22,2021-05-03T06:00:37Z,1993
46723,10.1724386,46.6714591,31,2021-05-03T10:00:37Z,1979
46723,10.1724514,46.6714641,31,2021-05-03T10:00:37Z,1979
46723,10.1724514,46.6714641,31,2021-05-03T10:00:37Z,1979
46723,10.1736817,46.6695701,24,2021-05-03T14:01:08Z,1966
46723,10.1736945,46.669569,24,2021-05-03T14:01:08Z,1966
46723,10.1736945,46.669569,24,2021-05-03T14:01:08Z,1966
46723,10.1724771,46.6728688,9,2021-05-03T18:00:37Z,2023
46723,10.1724642,46.6728638,9,2021-05-03T18:00:37Z,2023
46723,10.1724771,46.6728688,9,2021-05-03T18:00:37Z,2023
46723,10.1725041,46.6728578,8,2021-05-03T22:00:37Z,2023
46723,10.1725065,46.6728581,8,2021-05-03T22:00:37Z,2023
46723,10.1725041,46.6728578,8,2021-05-03T22:00:37Z,2023
46723,10.1724336,46.6729078,9,2021-05-04T02:00:37Z,2023
46723,10.1724336,46.6729078,9,2021-05-04T02:00:37Z,2023
46723,10.1724359,46.6729081,9,2021-05-04T02:00:37Z,2023
46723,10.1732674,46.6736603,12,2021-05-04T06:01:24Z,2072
46723,10.1732803,46.6736591,12,2021-05-04T06:01:24Z,2072
46723,10.1732803,46.6736591,12,2021-05-04T06:01:24Z,2072
46723,10.1799227,46.6685173,33,2021-05-04T10:01:32Z,2096
46723,10.1799122,46.6685249,33,2021-05-04T10:01:32Z,2096
46723,10.1799227,46.6685173,33,2021-05-04T10:01:32Z,2096
46723,10.1748175,46.6711898,16,2021-05-04T14:00:37Z,2055
46723,10.1748198,46.67119,16,2021-05-04T14:00:37Z,2055
46723,10.1748175,46.6711898,16,2021-05-04T14:00:37Z,2055
46723,10.1730947,46.6735609,12,2021-05-04T18:00:37Z,2055
46723,10.1730947,46.6735609,12,2021-05-04T18:00:37Z,2055
46723,10.1730947,46.6735609,12,2021-05-04T18:00:37Z,2055
46723,10.1731494,46.6735717,11,2021-05-04T22:00:37Z,2072
46723,10.1731388,46.6735731,11,2021-05-04T22:00:37Z,2055
46723,10.1731494,46.6735717,11,2021-05-04T22:00:37Z,2072
46723,10.172884,46.6734052,9,2021-05-05T02:00:37Z,2055
46723,10.1728863,46.6734116,9,2021-05-05T02:00:37Z,2055
46723,10.172884,46.6734052,9,2021-05-05T02:00:37Z,2055
46723,10.1723063,46.672633,17,2021-05-05T06:01:02Z,2007
46723,10.1723063,46.672633,17,2021-05-05T06:01:02Z,2007
46723,10.1722934,46.6726342,17,2021-05-05T06:01:02Z,2007
46723,10.1741011,46.6683951,19,2021-05-05T10:01:00Z,1947
46723,10.1740905,46.6684026,19,2021-05-05T10:01:00Z,1947
46723,10.1741011,46.6683951,19,2021-05-05T10:01:00Z,1947
46723,10.1803428,46.6605762,13,2021-05-05T14:00:37Z,1977
46723,10.1803428,46.6605762,13,2021-05-05T14:00:37Z,1977
46723,10.1803322,46.6605776,13,2021-05-05T14:00:37Z,1977
46723,10.1807633,46.6592999,8,2021-05-05T18:00:37Z,1997
46723,10.1807633,46.6592999,8,2021-05-05T18:00:37Z,1997
46723,10.1807633,46.6592999,8,2021-05-05T18:00:37Z,1997
46723,10.1808249,46.6593423,10,2021-05-05T22:00:37Z,1997
46723,10.1808249,46.6593423,10,2021-05-05T22:00:37Z,1997
46723,10.1808121,46.6593372,10,2021-05-05T22:00:37Z,1997
46723,10.1808075,46.6593676,9,2021-05-06T02:00:37Z,1997
46723,10.1808075,46.6593614,9,2021-05-06T02:00:37Z,1997
46723,10.1808075,46.6593676,9,2021-05-06T02:00:37Z,1997
46723,10.1815044,46.6604542,15,2021-05-06T06:00:37Z,2041
46723,10.1815044,46.6604604,15,2021-05-06T06:00:37Z,2041
46723,10.1815044,46.6604604,15,2021-05-06T06:00:37Z,2041
46723,10.1829955,46.6670932,17,2021-05-06T10:00:37Z,2148
46723,10.1829955,46.6670932,17,2021-05-06T10:00:37Z,2148
46723,10.1829826,46.6670943,17,2021-05-06T10:00:37Z,2148
46723,10.1746859,46.6701378,14,2021-05-06T14:01:06Z,1997
46723,10.1746836,46.6701314,14,2021-05-06T14:01:06Z,1997
46723,10.1746836,46.6701314,14,2021-05-06T14:01:06Z,1997
46723,10.1721853,46.6727892,15,2021-05-06T18:00:37Z,2023
46723,10.1721981,46.6727942,15,2021-05-06T18:00:37Z,2023
46723,10.1721981,46.6727942,15,2021-05-06T18:00:37Z,2023
46723,10.17212,46.6727552,12,2021-05-06T22:00:37Z,2001
46723,10.1721177,46.6727487,12,2021-05-06T22:00:37Z,2001
46723,10.1721177,46.6727487,12,2021-05-06T22:00:37Z,2001
46723,10.1721246,46.672731,13,2021-05-07T02:00:37Z,2001
46723,10.1721223,46.6727308,13,2021-05-07T02:00:37Z,2001
46723,10.1721223,46.6727308,13,2021-05-07T02:00:37Z,2001
46723,10.1716142,46.6724365,16,2021-05-07T06:02:18Z,1958
46723,10.1716142,46.6724365,16,2021-05-07T06:02:18Z,1958
46723,10.1716037,46.672438,16,2021-05-07T06:02:18Z,1958
46723,10.1705478,46.6727265,24,2021-05-07T10:02:00Z,1918
46723,10.1705478,46.6727265,24,2021-05-07T10:02:00Z,1918
46723,10.1705478,46.6727265,24,2021-05-07T10:02:00Z,1918
46723,10.1698039,46.6733791,16,2021-05-07T14:00:38Z,1906
46723,10.1698039,46.6733791,16,2021-05-07T14:00:38Z,1906
46723,10.1697933,46.6733867,16,2021-05-07T14:00:38Z,1906
46723,10.1701245,46.6728908,7,2021-05-07T18:00:37Z,1887
46723,10.1701245,46.6728908,7,2021-05-07T18:00:37Z,1887
46723,10.1701245,46.6728908,7,2021-05-07T18:00:37Z,1887
46723,10.1713214,46.6735019,7,2021-05-07T22:01:00Z,1993
46723,10.1713214,46.6735019,7,2021-05-07T22:01:00Z,1993
46723,10.1713214,46.6735019,7,2021-05-07T22:01:00Z,1993
46723,10.1722239,46.6728598,6,2021-05-08T02:00:37Z,2023
46723,10.1722239,46.6728598,6,2021-05-08T02:00:37Z,2023
46723,10.172211,46.6728609,6,2021-05-08T02:00:37Z,2023
46723,10.1727795,46.6719535,15,2021-05-08T06:00:37Z,2016
46723,10.1727795,46.6719535,15,2021-05-08T06:00:37Z,2016
46723,10.1727795,46.6719535,15,2021-05-08T06:00:37Z,2016
46723,10.1723343,46.6723657,39,2021-05-08T10:00:46Z,2007
46723,10.1723238,46.6723733,39,2021-05-08T10:00:46Z,2007
46723,10.1723343,46.6723657,39,2021-05-08T10:00:46Z,2007
46723,10.173768,46.6695889,23,2021-05-08T14:01:08Z,1966
46723,10.173768,46.6695951,23,2021-05-08T14:01:08Z,1966
46723,10.173768,46.6695951,23,2021-05-08T14:01:08Z,1966
46723,10.1723762,46.6728589,15,2021-05-08T18:00:37Z,2023
46723,10.1723633,46.6728539,15,2021-05-08T18:00:37Z,2023
46723,10.1723762,46.6728589,15,2021-05-08T18:00:37Z,2023
46723,10.1724121,46.6731504,10,2021-05-08T22:00:37Z,2023
46723,10.1724121,46.6731566,10,2021-05-08T22:00:37Z,2023
46723,10.1724121,46.6731566,10,2021-05-08T22:00:37Z,2023
46723,10.1725236,46.673449,8,2021-05-09T02:00:37Z,2038
46723,10.1725364,46.6734478,8,2021-05-09T02:00:37Z,2038
46723,10.1725364,46.6734478,8,2021-05-09T02:00:37Z,2038
46723,10.1725318,46.6728363,14,2021-05-09T06:00:37Z,2023
46723,10.1725318,46.6728363,14,2021-05-09T06:00:37Z,2023
46723,10.1725341,46.6728366,14,2021-05-09T06:00:37Z,2023
46723,10.1761554,46.6693435,38,2021-05-09T10:00:37Z,2026
46723,10.1761554,46.6693435,38,2021-05-09T10:00:37Z,2026
46723,10.1761577,46.6693438,38,2021-05-09T10:00:37Z,2026
46723,10.173468,46.668826,22,2021-05-09T14:00:37Z,1952
46723,10.173468,46.668826,22,2021-05-09T14:00:37Z,1952
46723,10.173468,46.668826,22,2021-05-09T14:00:37Z,1952
46723,10.1727406,46.6725793,16,2021-05-09T18:00:37Z,2030
46723,10.1727406,46.6725793,16,2021-05-09T18:00:37Z,2030
46723,10.1727406,46.6725731,16,2021-05-09T18:00:37Z,2030
46723,10.1723076,46.672791,14,2021-05-09T22:00:37Z,2023
46723,10.1723076,46.672791,14,2021-05-09T22:00:37Z,2023
46723,10.1723099,46.6727912,14,2021-05-09T22:00:37Z,2023
46723,10.1723258,46.6728601,15,2021-05-10T02:00:37Z,2023
46723,10.1723258,46.6728663,15,2021-05-10T02:00:37Z,2023
46723,10.1723258,46.6728663,15,2021-05-10T02:00:37Z,2023
46723,10.1736048,46.6694175,19,2021-05-10T06:01:54Z,1959
46723,10.1736048,46.6694175,19,2021-05-10T06:01:54Z,1959
46723,10.1736072,46.669424,19,2021-05-10T06:01:54Z,1959
46723,10.1763938,46.6678672,28,2021-05-10T10:01:06Z,1973
46723,10.1763914,46.6678607,28,2021-05-10T10:01:06Z,1973
46723,10.1763914,46.6678607,28,2021-05-10T10:01:06Z,1973
46723,10.1725639,46.6708706,21,2021-05-10T14:00:37Z,1967
46723,10.1725639,46.6708706,21,2021-05-10T14:00:37Z,1967
46723,10.1725639,46.6708706,21,2021-05-10T14:00:37Z,1967
46723,10.1726087,46.6726063,16,2021-05-10T18:00:37Z,2007
46723,10.1725981,46.6726077,16,2021-05-10T18:00:37Z,2007
46723,10.1726087,46.6726063,16,2021-05-10T18:00:37Z,2007
46723,10.1726611,46.6725798,14,2021-05-10T22:00:37Z,2030
46723,10.1726611,46.6725798,14,2021-05-10T22:00:37Z,2030
46723,10.1726634,46.6725801,14,2021-05-10T22:00:37Z,2030
46723,10.1724069,46.6727099,12,2021-05-11T02:00:37Z,2023
46723,10.1724069,46.6727099,12,2021-05-11T02:00:37Z,2023
46723,10.1723963,46.6727113,12,2021-05-11T02:00:37Z,2023
46723,10.1718965,46.672292,15,2021-05-11T06:01:54Z,1984
46723,10.171907,46.6722906,15,2021-05-11T06:01:54Z,1984
46723,10.171907,46.6722906,15,2021-05-11T06:01:54Z,1984
46723,10.1745138,46.6695219,15,2021-05-11T10:01:06Z,1970
46723,10.1745244,46.6695205,15,2021-05-11T10:01:06Z,1970
46723,10.1745244,46.6695205,15,2021-05-11T10:01:06Z,1970
46723,10.1756513,46.6703501,12,2021-05-11T14:01:06Z,2059
46723,10.175649,46.6703498,12,2021-05-11T14:01:06Z,2059
46723,10.175649,46.6703498,12,2021-05-11T14:01:06Z,2059
46723,10.1725593,46.6713144,11,2021-05-11T18:00:37Z,1979
46723,10.1725487,46.671322,11,2021-05-11T18:00:37Z,1979
46723,10.1725593,46.6713144,11,2021-05-11T18:00:37Z,1979
46723,10.1725148,46.6713445,10,2021-05-11T22:00:37Z,1979
46723,10.1725148,46.6713445,10,2021-05-11T22:00:37Z,1979
46723,10.1725019,46.6713395,10,2021-05-11T22:00:37Z,1979
46723,10.1726262,46.6717356,12,2021-05-12T02:00:37Z,1992
46723,10.1726133,46.6717368,12,2021-05-12T02:00:37Z,1992
46723,10.1726262,46.6717356,12,2021-05-12T02:00:37Z,1992
46723,10.1708957,46.673234,15,2021-05-12T06:01:06Z,1966
46723,10.1708957,46.673234,15,2021-05-12T06:01:06Z,1966
46723,10.170898,46.6732343,15,2021-05-12T06:01:06Z,1966
46723,10.1738749,46.6699487,18,2021-05-12T10:01:08Z,1975
46723,10.1738877,46.6699537,18,2021-05-12T10:01:08Z,1975
46723,10.1738877,46.6699537,18,2021-05-12T10:01:08Z,1975
46723,10.1744931,46.6688284,18,2021-05-12T14:01:36Z,1962
46723,10.1744931,46.6688284,18,2021-05-12T14:01:36Z,1962
46723,10.1744802,46.6688233,18,2021-05-12T14:01:36Z,1962
46723,10.1728929,46.671807,15,2021-05-12T18:00:37Z,2016
46723,10.1728824,46.6718085,15,2021-05-12T18:00:37Z,2016
46723,10.1728929,46.671807,15,2021-05-12T18:00:37Z,2016
46723,10.1727116,46.6719615,11,2021-05-12T22:00:37Z,2016
46723,10.1727244,46.6719603,11,2021-05-12T22:00:37Z,2016
46723,10.1727244,46.6719603,11,2021-05-12T22:00:37Z,2016
46723,10.1721936,46.6722383,8,2021-05-13T02:01:00Z,2007
46723,10.1721959,46.6722385,8,2021-05-13T02:01:00Z,2007
46723,10.1721936,46.6722383,8,2021-05-13T02:01:00Z,2007
46723,10.1713342,46.6733095,15,2021-05-13T06:01:24Z,1993
46723,10.1713214,46.6733045,15,2021-05-13T06:01:24Z,1993
46723,10.1713342,46.6733095,15,2021-05-13T06:01:24Z,1993
46723,10.1738647,46.6692537,31,2021-05-13T10:01:06Z,1958
46723,10.1738647,46.6692537,31,2021-05-13T10:01:06Z,1958
46723,10.173867,46.6692601,31,2021-05-13T10:01:06Z,1958
46723,10.1731811,46.6703029,18,2021-05-13T14:01:32Z,1979
46723,10.1731706,46.6703044,18,2021-05-13T14:01:32Z,1979
46723,10.1731811,46.6703029,18,2021-05-13T14:01:32Z,1979
46723,10.1731706,46.6714584,14,2021-05-13T18:00:37Z,2023
46723,10.1731706,46.6714522,14,2021-05-13T18:00:37Z,2023
46723,10.1731706,46.6714584,14,2021-05-13T18:00:37Z,2023
46723,10.1729932,46.671451,13,2021-05-13T22:00:37Z,2000
46723,10.173006,46.671456,13,2021-05-13T22:00:37Z,2000
46723,10.173006,46.671456,13,2021-05-13T22:00:37Z,2000
46723,10.1724412,46.6725217,9,2021-05-14T02:00:37Z,2007
46723,10.1724412,46.6725217,9,2021-05-14T02:00:37Z,2007
46723,10.1724412,46.6725155,9,2021-05-14T02:00:37Z,2007
46723,10.1729688,46.6718458,14,2021-05-14T06:00:37Z,2016
46723,10.1729688,46.6718458,14,2021-05-14T06:00:37Z,2016
46723,10.1729688,46.6718396,14,2021-05-14T06:00:37Z,2016
46723,10.1740298,46.6696528,26,2021-05-14T10:01:06Z,1966
46723,10.1740275,46.6696463,26,2021-05-14T10:01:06Z,1966
46723,10.1740275,46.6696463,26,2021-05-14T10:01:06Z,1966
46723,10.1755827,46.667715,16,2021-05-14T14:01:08Z,1937
46723,10.1755804,46.6677086,16,2021-05-14T14:01:08Z,1937
46723,10.1755804,46.6677086,16,2021-05-14T14:01:08Z,1937
46723,10.1719571,46.6724119,13,2021-05-14T18:00:37Z,1984
46723,10.17197,46.6724169,13,2021-05-14T18:00:37Z,1984
46723,10.17197,46.6724169,13,2021-05-14T18:00:37Z,1984
46723,10.1720897,46.6727076,11,2021-05-14T22:00:37Z,1984
46723,10.1720897,46.6727076,11,2021-05-14T22:00:37Z,1984
46723,10.1720897,46.6727076,11,2021-05-14T22:00:37Z,1984
46723,10.1720115,46.6726809,10,2021-05-15T02:00:37Z,1984
46723,10.1719987,46.6726759,10,2021-05-15T02:00:37Z,1984
46723,10.1720115,46.6726809,10,2021-05-15T02:00:37Z,1984
46723,10.1723686,46.6725909,16,2021-05-15T06:00:37Z,2007
46723,10.1723686,46.6725847,16,2021-05-15T06:00:37Z,2007
46723,10.1723686,46.6725909,16,2021-05-15T06:00:37Z,2007
46723,10.1737671,46.6696849,20,2021-05-15T10:00:37Z,1966
46723,10.1737671,46.6696849,20,2021-05-15T10:00:37Z,1966
46723,10.1737542,46.6696861,20,2021-05-15T10:00:37Z,1966
46723,10.1723462,46.6721025,17,2021-05-15T14:00:37Z,1992
46723,10.1723462,46.6721025,17,2021-05-15T14:00:37Z,1992
46723,10.1723462,46.6721025,17,2021-05-15T14:00:37Z,1992
46723,10.1718826,46.6723583,15,2021-05-15T18:00:37Z,1984
46723,10.1718826,46.6723521,15,2021-05-15T18:00:37Z,1984
46723,10.1718826,46.6723583,15,2021-05-15T18:00:37Z,1984
46723,10.1725757,46.6719775,13,2021-05-15T22:00:37Z,1992
46723,10.1725886,46.6719763,13,2021-05-15T22:00:37Z,1992
46723,10.1725886,46.6719763,13,2021-05-15T22:00:37Z,1992
46723,10.1723509,46.6721895,10,2021-05-16T02:00:37Z,1992
46723,10.1723614,46.6721819,10,2021-05-16T02:00:37Z,1992
46723,10.1723614,46.6721819,10,2021-05-16T02:00:37Z,1992
46723,10.1743519,46.6698109,16,2021-05-16T06:01:00Z,1983
46723,10.1743519,46.6698109,16,2021-05-16T06:01:00Z,1983
46723,10.1743542,46.6698173,16,2021-05-16T06:01:00Z,1983
46723,10.1727613,46.6732729,17,2021-05-16T10:01:36Z,2055
46723,10.1727484,46.673274,17,2021-05-16T10:01:36Z,2055
46723,10.1727613,46.6732729,17,2021-05-16T10:01:36Z,2055
46723,10.1732273,46.6699812,18,2021-05-16T14:00:37Z,1966
46723,10.1732273,46.6699812,18,2021-05-16T14:00:37Z,1966
46723,10.1732273,46.6699812,18,2021-05-16T14:00:37Z,1966
46723,10.1728135,46.6716841,16,2021-05-16T18:00:37Z,2000
46723,10.1728135,46.6716841,16,2021-05-16T18:00:37Z,2000
46723,10.1728006,46.6716791,16,2021-05-16T18:00:37Z,2000
46723,10.171971,46.6723765,12,2021-05-16T22:01:24Z,1984
46723,10.1719838,46.6723815,12,2021-05-16T22:01:24Z,1984
46723,10.1719838,46.6723815,12,2021-05-16T22:01:24Z,1984
46723,10.1718068,46.672733,12,2021-05-17T02:00:37Z,2001
46723,10.1718173,46.6727316,12,2021-05-17T02:00:37Z,2001
46723,10.1718173,46.6727316,12,2021-05-17T02:00:37Z,2001
46723,10.1732122,46.6699513,15,2021-05-17T06:00:37Z,1966
46723,10.1732122,46.6699513,15,2021-05-17T06:00:37Z,1966
46723,10.1732016,46.6699588,15,2021-05-17T06:00:37Z,1966
46723,10.173862,46.6693636,28,2021-05-17T10:01:32Z,1966
46723,10.1738643,46.6693638,28,2021-05-17T10:01:32Z,1966
46723,10.173862,46.6693636,28,2021-05-17T10:01:32Z,1966
46723,10.1703249,46.6731168,20,2021-05-17T14:00:37Z,1918
46723,10.1703355,46.6731154,20,2021-05-17T14:00:37Z,1918
46723,10.1703355,46.6731154,20,2021-05-17T14:00:37Z,1918
46723,10.1719782,46.6722486,13,2021-05-17T18:00:37Z,1984
46723,10.1719782,46.6722486,13,2021-05-17T18:00:37Z,1984
46723,10.1719782,46.6722486,13,2021-05-17T18:00:37Z,1984
46723,10.1718358,46.6723449,14,2021-05-17T22:00:37Z,1984
46723,10.1718464,46.6723373,14,2021-05-17T22:00:37Z,1984
46723,10.1718464,46.6723373,14,2021-05-17T22:00:37Z,1984
46723,10.1721075,46.6721401,12,2021-05-18T02:00:37Z,1968
46723,10.1721075,46.6721401,12,2021-05-18T02:00:37Z,1968
46723,10.1721075,46.6721401,12,2021-05-18T02:00:37Z,1968
46723,10.1740324,46.6705364,20,2021-05-18T06:00:37Z,1992
46723,10.1740301,46.6705362,20,2021-05-18T06:00:37Z,1992
46723,10.1740301,46.6705362,20,2021-05-18T06:00:37Z,1992
46723,10.1746952,46.6694601,33,2021-05-18T10:00:37Z,1979
46723,10.1746952,46.6694601,33,2021-05-18T10:00:37Z,1979
46723,10.1746846,46.6694677,33,2021-05-18T10:00:37Z,1979
46723,10.1730618,46.6696861,18,2021-05-18T14:00:37Z,1951
46723,10.1730618,46.6696799,18,2021-05-18T14:00:37Z,1951
46723,10.1730618,46.6696861,18,2021-05-18T14:00:37Z,1951
46723,10.1727775,46.6716703,14,2021-05-18T18:00:37Z,2000
46723,10.1727775,46.6716641,14,2021-05-18T18:00:37Z,2000
46723,10.1727775,46.6716703,14,2021-05-18T18:00:37Z,2000
46723,10.1729734,46.6716427,13,2021-05-18T22:00:37Z,2000
46723,10.1729734,46.6716489,13,2021-05-18T22:00:37Z,2000
46723,10.1729734,46.6716489,13,2021-05-18T22:00:37Z,2000
46723,10.171055,46.6731044,12,2021-05-19T02:00:37Z,1948
46723,10.1710678,46.6731032,12,2021-05-19T02:00:37Z,1948
46723,10.1710678,46.6731032,12,2021-05-19T02:00:37Z,1948
46723,10.1737667,46.6702641,22,2021-05-19T06:00:37Z,1992
46723,10.1737644,46.6702577,22,2021-05-19T06:00:37Z,1975
46723,10.1737644,46.6702577,22,2021-05-19T06:00:37Z,1975
46723,10.1741934,46.6696708,24,2021-05-19T10:00:37Z,1970
46723,10.1741934,46.6696647,24,2021-05-19T10:00:37Z,1970
46723,10.1741934,46.6696708,24,2021-05-19T10:00:37Z,1970
46723,10.1731363,46.669752,18,2021-05-19T14:00:37Z,1951
46723,10.1731363,46.669752,18,2021-05-19T14:00:37Z,1951
46723,10.1731363,46.669752,18,2021-05-19T14:00:37Z,1951
46723,10.1727868,46.6716528,15,2021-05-19T18:00:37Z,2000
46723,10.1727868,46.6716528,15,2021-05-19T18:00:37Z,2000
46723,10.1727868,46.6716528,15,2021-05-19T18:00:37Z,2000
46723,10.1727726,46.6716997,14,2021-05-19T22:00:37Z,2000
46723,10.1727749,46.6717061,14,2021-05-19T22:00:37Z,2000
46723,10.1727726,46.6716997,14,2021-05-19T22:00:37Z,2000
46723,10.1721286,46.6721064,11,2021-05-20T02:00:37Z,1968
46723,10.1721286,46.6721064,11,2021-05-20T02:00:37Z,1968
46723,10.1721286,46.6721003,11,2021-05-20T02:00:37Z,1968
46723,10.1716519,46.6708196,17,2021-05-20T06:01:00Z,1931
46723,10.1716648,46.6708185,17,2021-05-20T06:01:00Z,1931
46723,10.1716648,46.6708185,17,2021-05-20T06:01:00Z,1931
46723,10.174376,46.6695201,34,2021-05-20T10:01:00Z,1970
46723,10.1743889,46.6695251,34,2021-05-20T10:01:00Z,1970
46723,10.1743889,46.6695251,34,2021-05-20T10:01:00Z,1970
46723,10.1741934,46.6696647,22,2021-05-20T14:00:37Z,1970
46723,10.1742062,46.6696697,22,2021-05-20T14:00:37Z,1970
46723,10.1742062,46.6696697,22,2021-05-20T14:00:37Z,1970
46723,10.1731452,46.6714492,15,2021-05-20T18:00:37Z,2023
46723,10.1731452,46.6714492,15,2021-05-20T18:00:37Z,2023
46723,10.1731475,46.6714495,15,2021-05-20T18:00:37Z,2023
46723,10.1720923,46.672141,13,2021-05-20T22:00:37Z,1968
46723,10.1720923,46.672141,13,2021-05-20T22:00:37Z,1968
46723,10.1720818,46.6721424,13,2021-05-20T22:00:37Z,1968
46723,10.1722335,46.6721274,14,2021-05-21T02:00:37Z,1992
46723,10.1722335,46.6721274,14,2021-05-21T02:00:37Z,1992
46723,10.1722335,46.6721212,14,2021-05-21T02:00:37Z,1992
46723,10.1733773,46.6697086,20,2021-05-21T06:01:30Z,1959
46723,10.1733796,46.669715,20,2021-05-21T06:01:30Z,1959
46723,10.1733773,46.6697086,20,2021-05-21T06:01:30Z,1959
46723,10.1737028,46.6695303,21,2021-05-21T10:00:37Z,1966
46723,10.1737028,46.6695303,21,2021-05-21T10:00:37Z,1966
46723,10.1737028,46.6695303,21,2021-05-21T10:00:37Z,1966
46723,10.1726727,46.6702361,17,2021-05-21T14:00:37Z,1958
46723,10.1726727,46.6702361,17,2021-05-21T14:00:37Z,1958
46723,10.1726727,46.6702361,17,2021-05-21T14:00:37Z,1958
46723,10.1720726,46.6720426,14,2021-05-21T18:00:37Z,1968
46723,10.1720831,46.672035,14,2021-05-21T18:00:37Z,1968
46723,10.1720831,46.672035,14,2021-05-21T18:00:37Z,1968
46723,10.1720986,46.6718685,15,2021-05-21T22:00:37Z,1968
46723,10.1721009,46.6718749,15,2021-05-21T22:00:37Z,1968
46723,10.1720986,46.6718685,15,2021-05-21T22:00:37Z,1968
46723,10.1727023,46.6718863,12,2021-05-22T02:00:37Z,2016
46723,10.1727023,46.6718863,12,2021-05-22T02:00:37Z,2016
46723,10.1727023,46.6718863,12,2021-05-22T02:00:37Z,2016
46723,10.1729322,46.670312,21,2021-05-22T06:00:37Z,1968
46723,10.1729345,46.6703123,21,2021-05-22T06:00:37Z,1968
46723,10.1729322,46.670312,21,2021-05-22T06:00:37Z,1968
46723,10.1709645,46.6707717,33,2021-05-22T10:00:54Z,1913
46723,10.1709668,46.670772,33,2021-05-22T10:00:54Z,1913
46723,10.1709645,46.6707717,33,2021-05-22T10:00:54Z,1913
46723,10.1735478,46.6698508,19,2021-05-22T14:01:06Z,1966
46723,10.1735478,46.6698508,19,2021-05-22T14:01:06Z,1966
46723,10.1735478,46.6698508,19,2021-05-22T14:01:06Z,1966
46723,10.172096,46.672003,16,2021-05-22T18:00:37Z,1968
46723,10.172096,46.672003,16,2021-05-22T18:00:37Z,1968
46723,10.1720983,46.6720033,16,2021-05-22T18:00:37Z,1968
46723,10.172123,46.6720229,12,2021-05-22T22:00:37Z,1968
46723,10.1721102,46.6720241,12,2021-05-22T22:00:37Z,1968
46723,10.172123,46.6720229,12,2021-05-22T22:00:37Z,1968
46723,10.1721939,46.6720726,10,2021-05-23T02:01:30Z,1992
46723,10.1722044,46.6720711,10,2021-05-23T02:01:30Z,1992
46723,10.1722044,46.6720711,10,2021-05-23T02:01:30Z,1992
46723,10.1709699,46.6722253,17,2021-05-23T06:00:37Z,1929
46723,10.170967600000001,46.6722188,17,2021-05-23T06:00:37Z,1915
46723,10.170967600000001,46.6722188,17,2021-05-23T06:00:37Z,1915
46723,10.1740951,46.6697238,30,2021-05-23T10:00:37Z,1966
46723,10.1740928,46.6697235,30,2021-05-23T10:00:37Z,1966
46723,10.1740928,46.6697235,30,2021-05-23T10:00:37Z,1966
46723,10.1701079,46.6742518,22,2021-05-23T14:01:09Z,1933
46723,10.1701207,46.6742568,22,2021-05-23T14:01:09Z,1933
46723,10.1701207,46.6742568,22,2021-05-23T14:01:09Z,1933
46723,10.1707848,46.6741962,13,2021-05-23T18:00:39Z,1984
46723,10.1707848,46.6741962,13,2021-05-23T18:00:39Z,1984
46723,10.170772,46.6741912,13,2021-05-23T18:00:39Z,1984
46723,10.1714154,46.6723447,13,2021-05-23T22:00:39Z,1958
46723,10.1714025,46.6723459,13,2021-05-23T22:00:39Z,1958
46723,10.1714154,46.6723447,13,2021-05-23T22:00:39Z,1958
46723,10.1722308,46.6724101,12,2021-05-24T02:00:39Z,2007
46723,10.1722308,46.6724101,12,2021-05-24T02:00:39Z,2007
46723,10.1722308,46.6724101,12,2021-05-24T02:00:39Z,2007
46723,10.1717659,46.6725511,19,2021-05-24T06:01:08Z,1984
46723,10.1717659,46.6725511,19,2021-05-24T06:01:08Z,1984
46723,10.1717553,46.6725525,19,2021-05-24T06:01:08Z,1984
46723,10.1717553,46.6725525,16,2021-05-24T10:01:39Z,1984
46723,10.1717553,46.6725525,16,2021-05-24T10:01:39Z,1984
46723,10.1717553,46.6725525,16,2021-05-24T10:01:39Z,1984
46723,10.174866,46.6650613,13,2021-05-24T14:00:39Z,1864
46723,10.174866,46.6650613,13,2021-05-24T14:00:39Z,1864
46723,10.174866,46.6650613,13,2021-05-24T14:00:39Z,1864
46723,10.1736946,46.6683224,13,2021-05-24T18:00:39Z,1947
46723,10.1736817,46.6683236,13,2021-05-24T18:00:39Z,1947
46723,10.1736946,46.6683224,13,2021-05-24T18:00:39Z,1947
46723,10.1726107,46.6720133,16,2021-05-24T22:00:39Z,1992
46723,10.1726107,46.6720133,16,2021-05-24T22:00:39Z,1992
46723,10.1726107,46.6720133,16,2021-05-24T22:00:39Z,1992
46723,10.1720149,46.6720977,12,2021-05-25T02:00:39Z,1968
46723,10.1720149,46.6720977,12,2021-05-25T02:00:39Z,1968
46723,10.172002,46.6720927,12,2021-05-25T02:00:39Z,1968
46723,10.1723228,46.6721051,15,2021-05-25T06:01:02Z,1992
46723,10.1723228,46.6721051,15,2021-05-25T06:01:02Z,1992
46723,10.1723251,46.6721054,15,2021-05-25T06:01:02Z,1992
46723,10.1740305,46.6699138,24,2021-05-25T10:00:39Z,1975
46723,10.1740305,46.6699138,24,2021-05-25T10:00:39Z,1975
46723,10.1740199,46.6699214,24,2021-05-25T10:00:39Z,1975
46723,10.170069,46.6737298,20,2021-05-25T14:00:39Z,1922
46723,10.170069,46.6737237,20,2021-05-25T14:00:39Z,1922
46723,10.170069,46.6737298,20,2021-05-25T14:00:39Z,1922
46723,10.1709696,46.6718356,12,2021-05-25T18:00:39Z,1915
46723,10.1709568,46.6718306,12,2021-05-25T18:00:39Z,1915
46723,10.1709696,46.6718356,12,2021-05-25T18:00:39Z,1915
46723,10.1717293,46.6720232,9,2021-05-25T22:00:39Z,1968
46723,10.1717164,46.6720243,9,2021-05-25T22:00:39Z,1968
46723,10.1717293,46.6720232,9,2021-05-25T22:00:39Z,1968
46723,10.1722301,46.6727291,8,2021-05-26T02:00:37Z,2023
46723,10.1722301,46.6727291,8,2021-05-26T02:00:37Z,2023
46723,10.1722301,46.6727291,8,2021-05-26T02:00:37Z,2023
46723,10.1707101,46.6730124,13,2021-05-26T06:00:58Z,1948
46723,10.1706995,46.6730138,13,2021-05-26T06:00:58Z,1948
46723,10.1707101,46.6730124,13,2021-05-26T06:00:58Z,1948
46723,10.171343,46.6709514,27,2021-05-26T10:01:38Z,1931
46723,10.1713453,46.6709516,27,2021-05-26T10:01:38Z,1931
46723,10.171343,46.6709514,27,2021-05-26T10:01:38Z,1931
46723,10.1710762,46.6709663,24,2021-05-26T14:01:02Z,1913
46723,10.1710868,46.6709649,24,2021-05-26T14:01:02Z,1913
46723,10.1710868,46.6709649,24,2021-05-26T14:01:02Z,1913
46723,10.1710184,46.6718606,19,2021-05-26T18:00:39Z,1915
46723,10.1710056,46.6718556,19,2021-05-26T18:00:39Z,1915
46723,10.1710184,46.6718606,19,2021-05-26T18:00:39Z,1915
46723,10.1711698,46.67182,16,2021-05-26T22:01:08Z,1915
46723,10.1711803,46.6718124,16,2021-05-26T22:01:08Z,1915
46723,10.1711803,46.6718124,16,2021-05-26T22:01:08Z,1915
46723,10.1715648,46.6720579,14,2021-05-27T02:01:08Z,1942
46723,10.1715753,46.6720503,14,2021-05-27T02:01:08Z,1942
46723,10.1715753,46.6720503,14,2021-05-27T02:01:08Z,1942
46723,10.1719934,46.672871,17,2021-05-27T06:02:39Z,2001
46723,10.1719934,46.6728772,17,2021-05-27T06:02:39Z,2001
46723,10.1719934,46.6728772,17,2021-05-27T06:02:39Z,2001
46723,10.1731891,46.6704299,18,2021-05-27T10:01:56Z,1979
46723,10.1731891,46.6704299,18,2021-05-27T10:01:56Z,1979
46723,10.1731891,46.6704299,18,2021-05-27T10:01:56Z,1979
46723,10.1740298,46.6697021,18,2021-05-27T14:00:39Z,1966
46723,10.1740404,46.6697007,18,2021-05-27T14:00:39Z,1966
46723,10.1740404,46.6697007,18,2021-05-27T14:00:39Z,1966
46723,10.1717214,46.6721739,13,2021-05-27T18:00:39Z,1968
46723,10.1717214,46.6721739,13,2021-05-27T18:00:39Z,1968
46723,10.1717237,46.6721803,13,2021-05-27T18:00:39Z,1968
46723,10.1718028,46.6721049,13,2021-05-27T22:00:39Z,1968
46723,10.1718028,46.6721049,13,2021-05-27T22:00:39Z,1968
46723,10.1718028,46.6721049,13,2021-05-27T22:00:39Z,1968
46723,10.1720178,46.6724207,9,2021-05-28T02:01:08Z,1984
46723,10.1720155,46.6724142,9,2021-05-28T02:01:08Z,1984
46723,10.1720155,46.6724142,9,2021-05-28T02:01:08Z,1984
46723,10.1722078,46.6711608,15,2021-05-28T06:01:02Z,1967
46723,10.1722055,46.6711544,15,2021-05-28T06:01:02Z,1967
46723,10.1722055,46.6711544,15,2021-05-28T06:01:02Z,1967
46723,10.1742441,46.6700161,30,2021-05-28T10:00:39Z,1983
46723,10.1742547,46.6700147,30,2021-05-28T10:00:39Z,1983
46723,10.1742547,46.6700147,30,2021-05-28T10:00:39Z,1983
46723,10.1722206,46.6722705,25,2021-05-28T14:01:34Z,2007
46723,10.1722077,46.6722716,25,2021-05-28T14:01:34Z,2007
46723,10.1722206,46.6722705,25,2021-05-28T14:01:34Z,2007
46723,10.1719453,46.6718851,17,2021-05-28T18:00:39Z,1968
46723,10.1719347,46.6718927,17,2021-05-28T18:00:39Z,1968
46723,10.1719453,46.6718851,17,2021-05-28T18:00:39Z,1968
46723,10.1718174,46.6720836,16,2021-05-28T22:00:39Z,1968
46723,10.1718302,46.6720825,16,2021-05-28T22:00:39Z,1968
46723,10.1718302,46.6720825,16,2021-05-28T22:00:39Z,1968
46723,10.1723307,46.6727998,11,2021-05-29T02:00:56Z,2023
46723,10.1723307,46.6727998,11,2021-05-29T02:00:56Z,2023
46723,10.172333,46.6728063,11,2021-05-29T02:00:56Z,2023
46723,10.1719463,46.6709066,23,2021-05-29T06:00:39Z,1949
46723,10.1719487,46.6709069,23,2021-05-29T06:00:39Z,1949
46723,10.1719463,46.6709066,23,2021-05-29T06:00:39Z,1949
46723,10.1736975,46.6698735,32,2021-05-29T10:01:09Z,1975
46723,10.1736975,46.6698735,32,2021-05-29T10:01:09Z,1975
46723,10.1736975,46.6698735,32,2021-05-29T10:01:09Z,1975
46723,10.1728969,46.6702938,25,2021-05-29T14:00:39Z,1968
46723,10.1729075,46.6702924,25,2021-05-29T14:00:39Z,1968
46723,10.1729075,46.6702924,25,2021-05-29T14:00:39Z,1968
46723,10.1711282,46.6728642,18,2021-05-29T18:00:39Z,1948
46723,10.1711282,46.6728642,18,2021-05-29T18:00:39Z,1948
46723,10.1711282,46.6728642,18,2021-05-29T18:00:39Z,1948
46723,10.1716251,46.672183,14,2021-05-29T22:01:08Z,1942
46723,10.1716251,46.672183,14,2021-05-29T22:01:08Z,1942
46723,10.1716274,46.6721833,14,2021-05-29T22:01:08Z,1942
46723,10.1722394,46.6721254,11,2021-05-30T02:01:08Z,1992
46723,10.1722288,46.672133,11,2021-05-30T02:01:08Z,1992
46723,10.1722394,46.6721254,11,2021-05-30T02:01:08Z,1992
46723,10.1724511,46.6723703,14,2021-05-30T06:01:08Z,2007
46723,10.1724488,46.6723639,14,2021-05-30T06:01:08Z,2007
46723,10.1724488,46.6723639,14,2021-05-30T06:01:08Z,2007
46723,10.1741568,46.6698711,33,2021-05-30T10:00:39Z,1983
46723,10.1741568,46.6698711,33,2021-05-30T10:00:39Z,1983
46723,10.1741439,46.6698723,33,2021-05-30T10:00:39Z,1983
46723,10.172091,46.6725138,22,2021-05-30T14:01:08Z,1984
46723,10.172091,46.6725138,22,2021-05-30T14:01:08Z,1984
46723,10.1720804,46.6725214,22,2021-05-30T14:01:08Z,1984
46723,10.1720109,46.6724199,16,2021-05-30T18:00:39Z,1984
46723,10.1720109,46.6724199,16,2021-05-30T18:00:39Z,1984
46723,10.1720132,46.6724201,16,2021-05-30T18:00:39Z,1984
46723,10.1717775,46.6721328,13,2021-05-30T22:00:39Z,1968
46723,10.1717798,46.6721392,13,2021-05-30T22:00:39Z,1968
46723,10.1717775,46.6721328,13,2021-05-30T22:00:39Z,1968
46723,10.1723139,46.672901,7,2021-05-31T02:00:39Z,2023
46723,10.1723267,46.6729061,7,2021-05-31T02:00:39Z,2023
46723,10.1723267,46.6729061,7,2021-05-31T02:00:39Z,2023
46723,10.1717006,46.6725726,13,2021-05-31T06:00:39Z,1984
46723,10.1716901,46.6725802,13,2021-05-31T06:00:39Z,1984
46723,10.1717006,46.6725726,13,2021-05-31T06:00:39Z,1984
46723,10.1739639,46.6704747,31,2021-05-31T10:01:08Z,1992
46723,10.1739639,46.6704747,31,2021-05-31T10:01:08Z,1992
46723,10.1739533,46.6704761,31,2021-05-31T10:01:08Z,1992
46723,10.1736401,46.6698739,24,2021-05-31T14:00:39Z,1975
46723,10.1736296,46.6698815,24,2021-05-31T14:00:39Z,1975
46723,10.1736401,46.6698739,24,2021-05-31T14:00:39Z,1975
46723,10.1721378,46.672126,17,2021-05-31T18:01:08Z,1968
46723,10.1721378,46.672126,17,2021-05-31T18:01:08Z,1968
46723,10.1721378,46.672126,17,2021-05-31T18:01:08Z,1968
46723,10.17222,46.6720465,14,2021-05-31T22:00:39Z,1992
46723,10.17222,46.6720465,14,2021-05-31T22:00:39Z,1992
46723,10.1722223,46.6720529,14,2021-05-31T22:00:39Z,1992
46723,10.171969,46.6724573,12,2021-06-01T02:00:39Z,1984
46723,10.171969,46.6724573,12,2021-06-01T02:00:39Z,1984
46723,10.171969,46.6724573,12,2021-06-01T02:00:39Z,1984
46723,10.1727347,46.670767,17,2021-06-01T06:01:02Z,1982
46723,10.1727324,46.6707667,17,2021-06-01T06:01:02Z,1982
46723,10.1727324,46.6707667,17,2021-06-01T06:01:02Z,1982
46723,10.1735827,46.6698866,31,2021-06-01T10:01:08Z,1966
46723,10.1735933,46.6698852,31,2021-06-01T10:01:08Z,1966
46723,10.1735933,46.6698852,31,2021-06-01T10:01:08Z,1966
46723,10.1737186,46.6704384,25,2021-06-01T14:01:02Z,1992
46723,10.1737186,46.6704384,25,2021-06-01T14:01:02Z,1992
46723,10.173708,46.670446,25,2021-06-01T14:01:02Z,1992
46723,10.1707546,46.6729515,19,2021-06-01T18:01:27Z,1948
46723,10.1707417,46.6729464,19,2021-06-01T18:01:27Z,1948
46723,10.1707546,46.6729515,19,2021-06-01T18:01:27Z,1948
46723,10.171518,46.6720445,16,2021-06-01T22:00:39Z,1942
46723,10.171518,46.6720445,16,2021-06-01T22:00:39Z,1942
46723,10.171518,46.6720384,16,2021-06-01T22:00:39Z,1942
46723,10.1708739,46.6729018,14,2021-06-02T02:00:39Z,1948
46723,10.1708739,46.6729018,14,2021-06-02T02:00:39Z,1948
46723,10.1708611,46.6728968,14,2021-06-02T02:00:39Z,1948
46723,10.1708784,46.6705872,24,2021-06-02T06:00:39Z,1920
46723,10.1708761,46.670586900000004,24,2021-06-02T06:00:39Z,1920
46723,10.1708761,46.670586900000004,24,2021-06-02T06:00:39Z,1920
46723,10.1720251,46.6717683,23,2021-06-02T10:02:32Z,1968
46723,10.1720251,46.6717683,23,2021-06-02T10:02:32Z,1968
46723,10.1720145,46.6717697,23,2021-06-02T10:02:32Z,1968
46723,10.1708869,46.6718762,21,2021-06-02T14:00:39Z,1915
46723,10.1708869,46.6718701,21,2021-06-02T14:00:39Z,1915
46723,10.1708869,46.6718762,21,2021-06-02T14:00:39Z,1915
46723,10.1709067,46.671123,17,2021-06-02T18:00:39Z,1913
46723,10.1708962,46.6711306,17,2021-06-02T18:00:39Z,1913
46723,10.1709067,46.671123,17,2021-06-02T18:00:39Z,1913
46723,10.1715575,46.6720253,15,2021-06-02T22:00:39Z,1942
46723,10.1715552,46.6720251,15,2021-06-02T22:00:39Z,1942
46723,10.1715552,46.6720251,15,2021-06-02T22:00:39Z,1942
46723,10.1712376,46.6729906,12,2021-06-03T02:01:02Z,1976
46723,10.1712376,46.6729906,12,2021-06-03T02:01:02Z,1976
46723,10.1712376,46.6729845,12,2021-06-03T02:01:02Z,1976
46723,10.1731281,46.6705375,20,2021-06-03T06:01:08Z,1968
46723,10.1731304,46.6705377,20,2021-06-03T06:01:08Z,1968
46723,10.1731281,46.6705375,20,2021-06-03T06:01:08Z,1968
46723,10.1735593,46.6699879,27,2021-06-03T10:00:39Z,1966
46723,10.1735616,46.6699882,27,2021-06-03T10:00:39Z,1966
46723,10.1735593,46.6699879,27,2021-06-03T10:00:39Z,1966
46723,10.1720759,46.6721012,24,2021-06-03T14:01:07Z,1968
46723,10.1720759,46.6721012,24,2021-06-03T14:01:07Z,1968
46723,10.1720653,46.6721088,24,2021-06-03T14:01:07Z,1968
46723,10.171272,46.6716916,15,2021-06-03T18:00:37Z,1934
46723,10.171272,46.6716916,15,2021-06-03T18:00:37Z,1934
46723,10.1712615,46.671693,15,2021-06-03T18:00:37Z,1934
46723,10.1707986,46.671136,17,2021-06-03T22:00:37Z,1913
46723,10.170788,46.6711375,17,2021-06-03T22:00:37Z,1913
46723,10.1707986,46.671136,17,2021-06-03T22:00:37Z,1913
46723,10.1697411,46.6752716,13,2021-06-04T02:00:37Z,1952
46723,10.1697411,46.6752716,13,2021-06-04T02:00:37Z,1952
46723,10.1697411,46.6752655,13,2021-06-04T02:00:37Z,1952
46723,10.1699641,46.6706224,22,2021-06-04T06:02:06Z,1897
46723,10.1699641,46.6706224,22,2021-06-04T06:02:06Z,1897
46723,10.1699664,46.6706226,22,2021-06-04T06:02:06Z,1897
46723,10.1709381,46.6705562,27,2021-06-04T10:01:36Z,1920
46723,10.1709252,46.6705574,27,2021-06-04T10:01:36Z,1920
46723,10.1709381,46.6705562,27,2021-06-04T10:01:36Z,1920
46723,10.1704232,46.6730885,25,2021-06-04T14:00:37Z,1918
46723,10.1704232,46.6730885,25,2021-06-04T14:00:37Z,1918
46723,10.1704232,46.6730823,25,2021-06-04T14:00:37Z,1918
46723,10.171043,46.6702131,18,2021-06-04T18:00:37Z,1922
46723,10.1710453,46.6702134,18,2021-06-04T18:00:37Z,1922
46723,10.171043,46.6702131,18,2021-06-04T18:00:37Z,1922
46723,10.1706255,46.6707395,17,2021-06-04T22:00:37Z,1908
46723,10.1706278,46.6707398,17,2021-06-04T22:00:37Z,1908
46723,10.1706255,46.6707395,17,2021-06-04T22:00:37Z,1908
46723,10.1704333,46.6709623,16,2021-06-05T02:01:02Z,1898
46723,10.1704438,46.6709548,16,2021-06-05T02:01:02Z,1898
46723,10.1704438,46.6709548,16,2021-06-05T02:01:02Z,1898
46723,10.1713192,46.6710579,22,2021-06-05T06:01:06Z,1931
46723,10.1713192,46.6710579,22,2021-06-05T06:01:06Z,1931
46723,10.1713215,46.6710582,22,2021-06-05T06:01:06Z,1931
46723,10.1703377,46.6745041,24,2021-06-05T10:00:54Z,1958
46723,10.1703377,46.6745041,24,2021-06-05T10:00:54Z,1958
46723,10.1703248,46.6744991,24,2021-06-05T10:00:54Z,1958
46723,10.1717435,46.6726551,26,2021-06-05T14:00:54Z,1984
46723,10.1717411,46.6726549,26,2021-06-05T14:00:54Z,1984
46723,10.1717411,46.6726549,26,2021-06-05T14:00:54Z,1984
46723,10.1718998,46.6723321,16,2021-06-05T18:00:37Z,1984
46723,10.1718892,46.6723335,16,2021-06-05T18:00:37Z,1984
46723,10.1718998,46.6723321,16,2021-06-05T18:00:37Z,1984
46723,10.1720835,46.6713942,14,2021-06-05T22:01:08Z,1957
46723,10.1720858,46.6714006,14,2021-06-05T22:01:08Z,1957
46723,10.1720835,46.6713942,14,2021-06-05T22:01:08Z,1957
46723,10.1722701,46.6720876,12,2021-06-06T02:00:54Z,1992
46723,10.1722572,46.6720887,12,2021-06-06T02:00:54Z,1992
46723,10.1722701,46.6720876,12,2021-06-06T02:00:54Z,1992
46723,10.1711948,46.672797,21,2021-06-06T06:03:00Z,1976
46723,10.1711948,46.672797,21,2021-06-06T06:03:00Z,1976
46723,10.1711842,46.6727984,21,2021-06-06T06:03:00Z,1976
46723,10.17133,46.6723287,25,2021-06-06T10:00:37Z,1958
46723,10.17133,46.6723287,25,2021-06-06T10:00:37Z,1958
46723,10.17133,46.6723287,25,2021-06-06T10:00:37Z,1958
46723,10.172095,46.6712906,21,2021-06-06T14:00:37Z,1957
46723,10.172095,46.6712906,21,2021-06-06T14:00:37Z,1957
46723,10.172095,46.6712906,21,2021-06-06T14:00:37Z,1957
46723,10.171546,46.6720857,20,2021-06-06T18:00:37Z,1942
46723,10.171546,46.6720857,20,2021-06-06T18:00:37Z,1942
46723,10.1715483,46.672086,20,2021-06-06T18:00:37Z,1942
46723,10.1710788,46.67185,19,2021-06-06T22:00:37Z,1915
46723,10.1710788,46.67185,19,2021-06-06T22:00:37Z,1915
46723,10.1710788,46.67185,19,2021-06-06T22:00:37Z,1915
46723,10.1716476,46.6716593,16,2021-06-07T02:00:37Z,1934
46723,10.1716499,46.6716657,16,2021-06-07T02:00:37Z,1934
46723,10.1716476,46.6716593,16,2021-06-07T02:00:37Z,1934
46723,10.1718519,46.6729392,21,2021-06-07T06:03:00Z,2001
46723,10.1718519,46.6729392,21,2021-06-07T06:03:00Z,2001
46723,10.1718391,46.6729342,21,2021-06-07T06:03:00Z,2001
46723,10.1714893,46.672390300000004,21,2021-06-07T10:00:37Z,1958
46723,10.1714893,46.672390300000004,21,2021-06-07T10:00:37Z,1958
46723,10.1714916,46.6723968,21,2021-06-07T10:00:37Z,1958
46723,10.1697983,46.6732833,26,2021-06-07T14:00:37Z,1906
46723,10.1697983,46.6732833,26,2021-06-07T14:00:37Z,1906
46723,10.1698006,46.6732835,26,2021-06-07T14:00:37Z,1906
46723,10.1708374,46.6718432,18,2021-06-07T18:00:37Z,1915
46723,10.170848,46.6718356,18,2021-06-07T18:00:37Z,1915
46723,10.170848,46.6718356,18,2021-06-07T18:00:37Z,1915
46723,10.171026,46.6722706,20,2021-06-07T22:00:37Z,1929
46723,10.1710365,46.672263,20,2021-06-07T22:00:37Z,1929
46723,10.1710365,46.672263,20,2021-06-07T22:00:37Z,1929
46723,10.170872,46.6725816,20,2021-06-08T02:00:37Z,1929
46723,10.1708591,46.6725827,20,2021-06-08T02:00:37Z,1929
46723,10.170872,46.6725816,20,2021-06-08T02:00:37Z,1929
46723,10.1699239,46.673825,21,2021-06-08T06:00:37Z,1922
46723,10.1699368,46.6738238,21,2021-06-08T06:00:37Z,1922
46723,10.1699368,46.6738238,21,2021-06-08T06:00:37Z,1922
46723,10.1716037,46.6723639,29,2021-06-08T10:00:37Z,1958
46723,10.1716142,46.6723625,29,2021-06-08T10:00:37Z,1958
46723,10.1716142,46.6723625,29,2021-06-08T10:00:37Z,1958
46723,10.1716565,46.6707585,20,2021-06-08T14:00:37Z,1931
46723,10.1716671,46.670757,20,2021-06-08T14:00:37Z,1931
46723,10.1716671,46.670757,20,2021-06-08T14:00:37Z,1931
46723,10.1725213,46.6728933,16,2021-06-08T18:00:37Z,2023
46723,10.1725213,46.6728933,16,2021-06-08T18:00:37Z,2023
46723,10.1725084,46.6728883,16,2021-06-08T18:00:37Z,2023
46723,10.1720947,46.6720672,16,2021-06-08T22:00:37Z,1968
46723,10.1720818,46.6720684,16,2021-06-08T22:00:37Z,1968
46723,10.1720947,46.6720672,16,2021-06-08T22:00:37Z,1968
46723,10.1722018,46.6728228,18,2021-06-09T02:00:54Z,2023
46723,10.1721995,46.6728226,18,2021-06-09T02:00:54Z,2023
46723,10.1721995,46.6728226,18,2021-06-09T02:00:54Z,2023
46723,10.1708124,46.6716622,21,2021-06-09T06:01:00Z,1910
46723,10.1708124,46.6716684,21,2021-06-09T06:01:00Z,1910
46723,10.1708124,46.6716684,21,2021-06-09T06:01:00Z,1910
46723,10.1727797,46.6755829,30,2021-06-09T10:00:37Z,2067
46723,10.1727797,46.6755829,30,2021-06-09T10:00:37Z,2067
46723,10.1727668,46.6755841,30,2021-06-09T10:00:37Z,2067
46723,10.1718681,46.6728485,21,2021-06-09T14:00:37Z,2001
46723,10.1718681,46.6728485,21,2021-06-09T14:00:37Z,2001
46723,10.1718575,46.67285,21,2021-06-09T14:00:37Z,2001
46723,10.1717211,46.6721483,17,2021-06-09T18:01:01Z,1968
46723,10.1717211,46.6721545,17,2021-06-09T18:01:01Z,1968
46723,10.1717211,46.6721545,17,2021-06-09T18:01:01Z,1968
46723,10.1716188,46.6723507,19,2021-06-09T22:00:37Z,1958
46723,10.1716188,46.6723507,19,2021-06-09T22:00:37Z,1958
46723,10.1716083,46.6723521,19,2021-06-09T22:00:37Z,1958
46723,10.1717741,46.6733331,17,2021-06-10T02:00:37Z,2017
46723,10.1717741,46.6733331,17,2021-06-10T02:00:37Z,2017
46723,10.1717612,46.6733342,17,2021-06-10T02:00:37Z,2017
46723,10.172232,46.6744193,20,2021-06-10T06:01:00Z,2055
46723,10.172232,46.6744193,20,2021-06-10T06:01:00Z,2055
46723,10.172232,46.6744131,20,2021-06-10T06:01:00Z,2055
46723,10.1716326,46.6745677,27,2021-06-10T10:01:05Z,2011
46723,10.1716326,46.6745677,27,2021-06-10T10:01:05Z,2011
46723,10.1716326,46.6745677,27,2021-06-10T10:01:05Z,2011
46723,10.1699516,46.6734086,25,2021-06-10T14:00:37Z,1906
46723,10.1699516,46.6734086,25,2021-06-10T14:00:37Z,1906
46723,10.1699411,46.6734162,25,2021-06-10T14:00:37Z,1906
46723,10.1718523,46.6722428,16,2021-06-10T18:00:37Z,1984
46723,10.1718652,46.6722478,16,2021-06-10T18:00:37Z,1984
46723,10.1718652,46.6722478,16,2021-06-10T18:00:37Z,1984
46723,10.1712687,46.6715035,20,2021-06-10T22:00:37Z,1934
46723,10.1712793,46.671502,20,2021-06-10T22:00:37Z,1934
46723,10.1712793,46.671502,20,2021-06-10T22:00:37Z,1934
46723,10.1706565,46.6709062,18,2021-06-11T02:00:37Z,1898
46723,10.1706565,46.6709062,18,2021-06-11T02:00:37Z,1898
46723,10.1706436,46.6709074,18,2021-06-11T02:00:37Z,1898
46723,10.1720878,46.6714493,22,2021-06-11T06:00:37Z,1957
46723,10.1720878,46.6714493,22,2021-06-11T06:00:37Z,1957
46723,10.1720878,46.6714432,22,2021-06-11T06:00:37Z,1957
46723,10.1722102,46.6758335,26,2021-06-11T10:00:37Z,2049
46723,10.1722102,46.6758335,26,2021-06-11T10:00:37Z,2049
46723,10.1722102,46.6758335,26,2021-06-11T10:00:37Z,2049
46723,10.1721596,46.6727298,27,2021-06-11T14:00:37Z,2001
46723,10.1721596,46.6727298,27,2021-06-11T14:00:37Z,2001
46723,10.1721596,46.6727298,27,2021-06-11T14:00:37Z,2001
46723,10.1711996,46.6707487,19,2021-06-11T18:01:06Z,1932
46723,10.1711996,46.6707487,19,2021-06-11T18:01:06Z,1932
46723,10.171189,46.6707501,19,2021-06-11T18:01:06Z,1932
46723,10.1709713,46.6717106,17,2021-06-11T22:00:37Z,1910
46723,10.1709842,46.6717156,17,2021-06-11T22:00:37Z,1910
46723,10.1709842,46.6717156,17,2021-06-11T22:00:37Z,1910
46723,10.171172,46.6733753,16,2021-06-12T02:00:37Z,1966
46723,10.1711743,46.6733756,16,2021-06-12T02:00:37Z,1966
46723,10.171172,46.6733753,16,2021-06-12T02:00:37Z,1966
46723,10.171172,46.6733753,17,2021-06-12T06:01:39Z,1966
46723,10.171172,46.6733753,17,2021-06-12T06:01:39Z,1966
46723,10.171172,46.6733753,17,2021-06-12T06:01:39Z,1966
46723,10.1694008,46.6754024,30,2021-06-12T10:00:37Z,1933
46723,10.1694113,46.6753948,30,2021-06-12T10:00:37Z,1933
46723,10.1694113,46.6753948,30,2021-06-12T10:00:37Z,1933
46723,10.1698962,46.6734268,28,2021-06-12T14:00:37Z,1906
46723,10.1699068,46.6734254,28,2021-06-12T14:00:37Z,1906
46723,10.1699068,46.6734254,28,2021-06-12T14:00:37Z,1906
46723,10.1717751,46.672114,20,2021-06-12T18:02:07Z,1968
46723,10.1717728,46.6721137,20,2021-06-12T18:02:07Z,1968
46723,10.1717728,46.6721137,20,2021-06-12T18:02:07Z,1968
46723,10.1707026,46.6762566,20,2021-06-12T22:00:37Z,2005
46723,10.1707003,46.6762564,20,2021-06-12T22:00:37Z,2005
46723,10.1707003,46.6762564,20,2021-06-12T22:00:37Z,2005
46723,10.1712483,46.6759707,21,2021-06-13T02:00:37Z,2018
46723,10.1712506,46.675971,21,2021-06-13T02:00:37Z,2018
46723,10.1712483,46.6759707,21,2021-06-13T02:00:37Z,2018
46723,10.1723112,46.6732763,21,2021-06-13T06:03:00Z,2038
46723,10.1723089,46.6732698,21,2021-06-13T06:03:00Z,2038
46723,10.1723089,46.6732698,21,2021-06-13T06:03:00Z,2038
46723,10.174718500000001,46.6764061,27,2021-06-13T10:01:06Z,2055
46723,10.1747208,46.6764064,27,2021-06-13T10:01:06Z,2055
46723,10.174718500000001,46.6764061,27,2021-06-13T10:01:06Z,2055
46723,10.1719656,46.6747005,28,2021-06-13T14:00:37Z,2037
46723,10.171955,46.674702,28,2021-06-13T14:00:37Z,2037
46723,10.1719656,46.6747005,28,2021-06-13T14:00:37Z,2037
46723,10.1686827,46.674621,19,2021-06-13T18:01:06Z,1871
46723,10.1686955,46.674626,19,2021-06-13T18:01:06Z,1871
46723,10.1686955,46.674626,19,2021-06-13T18:01:06Z,1871
46723,10.1678393,46.673416,18,2021-06-13T22:00:37Z,1813
46723,10.1678393,46.673416,18,2021-06-13T22:00:37Z,1813
46723,10.1678287,46.6734236,18,2021-06-13T22:00:37Z,1813
46723,10.1731422,46.6705215,15,2021-06-14T02:02:06Z,1979
46723,10.1731422,46.6705276,15,2021-06-14T02:02:06Z,1979
46723,10.1731422,46.6705276,15,2021-06-14T02:02:06Z,1979
46723,10.1731963,46.670265,22,2021-06-14T06:01:08Z,1979
46723,10.173194,46.6702586,22,2021-06-14T06:01:08Z,1966
46723,10.173194,46.6702586,22,2021-06-14T06:01:08Z,1966
46723,10.1734469,46.6700816,30,2021-06-14T10:01:36Z,1966
46723,10.1734469,46.6700754,30,2021-06-14T10:01:36Z,1966
46723,10.1734469,46.6700816,30,2021-06-14T10:01:36Z,1966
46723,10.1734785,46.670608,28,2021-06-14T14:00:37Z,1979
46723,10.1734762,46.6706078,28,2021-06-14T14:00:37Z,1979
46723,10.1734762,46.6706078,28,2021-06-14T14:00:37Z,1979
46723,10.1706106,46.6719447,22,2021-06-14T18:00:37Z,1890
46723,10.1706106,46.6719386,22,2021-06-14T18:00:37Z,1890
46723,10.1706106,46.6719447,22,2021-06-14T18:00:37Z,1890
46723,10.1702512,46.6712075,16,2021-06-14T22:00:37Z,1898
46723,10.1702407,46.6712151,16,2021-06-14T22:00:37Z,1898
46723,10.1702512,46.6712075,16,2021-06-14T22:00:37Z,1898
46723,10.1709766,46.6715155,14,2021-06-15T02:01:00Z,1910
46723,10.1709766,46.6715216,14,2021-06-15T02:01:00Z,1910
46723,10.1709766,46.6715216,14,2021-06-15T02:01:00Z,1910
46723,10.1716503,46.671031,21,2021-06-15T06:02:54Z,1931
46723,10.1716503,46.671031,21,2021-06-15T06:02:54Z,1931
46723,10.1716374,46.671026,21,2021-06-15T06:02:54Z,1931
46723,10.1702518,46.6717709,30,2021-06-15T10:01:32Z,1890
46723,10.1702518,46.6717709,30,2021-06-15T10:01:32Z,1890
46723,10.1702413,46.6717724,30,2021-06-15T10:01:32Z,1890
46723,10.1695665,46.6734081,29,2021-06-15T14:00:37Z,1875
46723,10.1695793,46.6734069,29,2021-06-15T14:00:37Z,1875
46723,10.1695793,46.6734069,29,2021-06-15T14:00:37Z,1875
46723,10.1711708,46.6715327,22,2021-06-15T18:00:54Z,1910
46723,10.1711731,46.6715329,22,2021-06-15T18:00:54Z,1910
46723,10.1711708,46.6715327,22,2021-06-15T18:00:54Z,1910
46723,10.1726718,46.6762078,19,2021-06-15T22:00:37Z,2052
46723,10.1726718,46.6762078,19,2021-06-15T22:00:37Z,2052
46723,10.1726718,46.6762078,19,2021-06-15T22:00:37Z,2052
46723,10.1726007,46.6736395,17,2021-06-16T02:00:37Z,2038
46723,10.1725984,46.673633,17,2021-06-16T02:00:37Z,2038
46723,10.1725984,46.673633,17,2021-06-16T02:00:37Z,2038
46723,10.1726237,46.6758884,25,2021-06-16T06:00:54Z,2049
46723,10.1726342,46.675887,25,2021-06-16T06:00:54Z,2049
46723,10.1726342,46.675887,25,2021-06-16T06:00:54Z,2049
46723,10.1760305,46.676715,28,2021-06-16T10:01:02Z,2018
46723,10.1760305,46.6767212,28,2021-06-16T10:01:02Z,2018
46723,10.1760305,46.6767212,28,2021-06-16T10:01:02Z,2018
46723,10.1831801,46.6838992,31,2021-06-16T14:00:37Z,2208
46723,10.1831801,46.6838992,31,2021-06-16T14:00:37Z,2208
46723,10.1831696,46.6839007,31,2021-06-16T14:00:37Z,2208
46723,10.171874,46.6745744,21,2021-06-16T18:00:54Z,2035
46723,10.1718868,46.6745794,21,2021-06-16T18:00:54Z,2035
46723,10.1718868,46.6745794,21,2021-06-16T18:00:54Z,2035
46723,10.166353,46.6747073,23,2021-06-16T22:00:34Z,1824
46723,10.1663553,46.6747076,23,2021-06-16T22:00:34Z,1824
46723,10.166353,46.6747073,23,2021-06-16T22:00:34Z,1824
46723,10.1706228,46.6716826,21,2021-06-17T02:00:37Z,1890
46723,10.1706228,46.6716826,21,2021-06-17T02:00:37Z,1890
46723,10.1706251,46.6716828,21,2021-06-17T02:00:37Z,1890
46723,10.1710998,46.6728715,22,2021-06-17T06:02:36Z,1948
46723,10.1711104,46.6728639,22,2021-06-17T06:02:36Z,1948
46723,10.1711104,46.6728639,22,2021-06-17T06:02:36Z,1948
46723,10.1750716,46.6758607,29,2021-06-17T10:00:37Z,2072
46723,10.1750716,46.6758607,29,2021-06-17T10:00:37Z,2072
46723,10.1750611,46.6758622,29,2021-06-17T10:00:37Z,2072
46723,10.1741359,46.6749721,23,2021-06-17T14:00:37Z,2096
46723,10.1741487,46.674971,23,2021-06-17T14:00:37Z,2096
46723,10.1741487,46.674971,23,2021-06-17T14:00:37Z,2096
46723,10.1680516,46.6736443,22,2021-06-17T18:01:30Z,1813
46723,10.1680411,46.6736457,22,2021-06-17T18:01:30Z,1813
46723,10.1680516,46.6736443,22,2021-06-17T18:01:30Z,1813
46723,10.1686828,46.6729487,20,2021-06-17T22:00:37Z,1815
46723,10.1686828,46.6729487,20,2021-06-17T22:00:37Z,1815
46723,10.1686828,46.6729425,20,2021-06-17T22:00:37Z,1815
46723,10.1709152,46.6717579,20,2021-06-18T02:00:37Z,1915
46723,10.1709152,46.6717579,20,2021-06-18T02:00:37Z,1915
46723,10.1709152,46.6717517,20,2021-06-18T02:00:37Z,1915
46723,10.1720667,46.6715571,26,2021-06-18T06:01:02Z,1957
46723,10.1720795,46.6715621,26,2021-06-18T06:01:02Z,1957
46723,10.1720795,46.6715621,26,2021-06-18T06:01:02Z,1957
46723,10.1705921,46.6717575,29,2021-06-18T10:00:37Z,1890
46723,10.1705921,46.6717575,29,2021-06-18T10:00:37Z,1890
46723,10.1705921,46.6717513,29,2021-06-18T10:00:37Z,1890
46723,10.1714033,46.6705828,29,2021-06-18T14:00:37Z,1932
46723,10.1713928,46.6705904,29,2021-06-18T14:00:37Z,1932
46723,10.1714033,46.6705828,29,2021-06-18T14:00:37Z,1932
46723,10.1728428,46.6717845,21,2021-06-18T18:01:06Z,2016
46723,10.1728428,46.6717845,21,2021-06-18T18:01:06Z,2016
46723,10.1728428,46.6717845,21,2021-06-18T18:01:06Z,2016
46723,10.1686007,46.6730529,21,2021-06-18T22:00:37Z,1815
46723,10.1686007,46.6730529,21,2021-06-18T22:00:37Z,1815
46723,10.168603,46.6730532,21,2021-06-18T22:00:37Z,1815
46723,10.1720257,46.6719861,18,2021-06-19T02:00:37Z,1968
46723,10.1720363,46.6719785,18,2021-06-19T02:00:37Z,1968
46723,10.1720363,46.6719785,18,2021-06-19T02:00:37Z,1968
46723,10.1727582,46.6761773,26,2021-06-19T06:01:08Z,2052
46723,10.1727582,46.6761773,26,2021-06-19T06:01:08Z,2052
46723,10.1727582,46.6761773,26,2021-06-19T06:01:08Z,2052
46723,10.1769195,46.675998,31,2021-06-19T10:00:54Z,2042
46723,10.1769089,46.6760056,31,2021-06-19T10:00:54Z,2042
46723,10.1769195,46.675998,31,2021-06-19T10:00:54Z,2042
46723,10.1762036,46.6756118,30,2021-06-19T14:00:37Z,2071
46723,10.1761908,46.6756068,30,2021-06-19T14:00:37Z,2071
46723,10.1762036,46.6756118,30,2021-06-19T14:00:37Z,2071
46723,10.1761156,46.6757859,22,2021-06-19T18:00:37Z,2052
46723,10.1761156,46.6757859,22,2021-06-19T18:00:37Z,2052
46723,10.1761156,46.6757797,22,2021-06-19T18:00:37Z,2052
46723,10.1775163,46.6749413,19,2021-06-19T22:00:37Z,2063
46723,10.1775163,46.6749413,19,2021-06-19T22:00:37Z,2063
46723,10.1775057,46.6749428,19,2021-06-19T22:00:37Z,2063
46723,10.1761542,46.6757639,20,2021-06-20T02:02:06Z,2052
46723,10.1761413,46.6757651,20,2021-06-20T02:02:06Z,2052
46723,10.1761542,46.6757639,20,2021-06-20T02:02:06Z,2052
46723,10.1758957,46.6773015,28,2021-06-20T06:00:56Z,1999
46723,10.1758957,46.6773015,28,2021-06-20T06:00:56Z,1999
46723,10.175898,46.677308,28,2021-06-20T06:00:56Z,1999
46723,10.175251,46.6767684,29,2021-06-20T10:00:37Z,2027
46723,10.175251,46.6767684,29,2021-06-20T10:00:37Z,2027
46723,10.1752405,46.6767699,29,2021-06-20T10:00:37Z,2027
46723,10.1743937,46.6756667,23,2021-06-20T14:00:37Z,2075
46723,10.1743937,46.6756667,23,2021-06-20T14:00:37Z,2075
46723,10.1743937,46.6756667,23,2021-06-20T14:00:37Z,2075
46723,10.1710062,46.6728633,19,2021-06-20T18:00:37Z,1948
46723,10.1710062,46.6728572,19,2021-06-20T18:00:37Z,1948
46723,10.1710062,46.6728633,19,2021-06-20T18:00:37Z,1948
46723,10.1686558,46.6730892,19,2021-06-20T22:00:37Z,1815
46723,10.1686558,46.6730892,19,2021-06-20T22:00:37Z,1815
46723,10.1686452,46.6730968,19,2021-06-20T22:00:37Z,1815
46723,10.1698896,46.673248,21,2021-06-21T02:00:54Z,1906
46723,10.1698873,46.6732416,21,2021-06-21T02:00:54Z,1906
46723,10.1698873,46.6732416,21,2021-06-21T02:00:54Z,1906
46723,10.1734659,46.6748681,27,2021-06-21T06:01:06Z,2081
46723,10.1734764,46.6748605,27,2021-06-21T06:01:06Z,2081
46723,10.1734764,46.6748605,27,2021-06-21T06:01:06Z,2081
46723,10.1755761,46.6767003,29,2021-06-21T10:00:37Z,2027
46723,10.1755656,46.6767017,29,2021-06-21T10:00:37Z,2027
46723,10.1755761,46.6767003,29,2021-06-21T10:00:37Z,2027
46723,10.1740811,46.6754242,27,2021-06-21T14:00:37Z,2084
46723,10.1740917,46.6754166,27,2021-06-21T14:00:37Z,2084
46723,10.1740917,46.6754166,27,2021-06-21T14:00:37Z,2084
46723,10.1763114,46.6754868,22,2021-06-21T18:01:36Z,2071
46723,10.1763114,46.6754868,22,2021-06-21T18:01:36Z,2071
46723,10.1763009,46.6754944,22,2021-06-21T18:01:36Z,2071
46723,10.1763276,46.6747605,20,2021-06-21T22:00:37Z,2088
46723,10.1763147,46.6747555,20,2021-06-21T22:00:37Z,2088
46723,10.1763276,46.6747605,20,2021-06-21T22:00:37Z,2088
46723,10.1742493,46.6754737,18,2021-06-22T02:00:37Z,2088
46723,10.174247,46.6754734,18,2021-06-22T02:00:37Z,2088
46723,10.174247,46.6754734,18,2021-06-22T02:00:37Z,2088
46723,10.174247,46.6754734,25,2021-06-22T06:01:38Z,2088
46723,10.174247,46.6754734,25,2021-06-22T06:01:38Z,2088
46723,10.174247,46.6754734,25,2021-06-22T06:01:38Z,2088
46723,10.1784362,46.6754587,32,2021-06-22T10:00:37Z,2024
46723,10.1784362,46.6754587,32,2021-06-22T10:00:37Z,2024
46723,10.1784362,46.6754525,32,2021-06-22T10:00:37Z,2024
46723,10.176043,46.6757872,26,2021-06-22T14:00:37Z,2061
46723,10.176043,46.6757872,26,2021-06-22T14:00:37Z,2061
46723,10.176043,46.6757872,26,2021-06-22T14:00:37Z,2061
46723,10.1725874,46.6761699,22,2021-06-22T18:01:08Z,2043
46723,10.1726003,46.6761749,22,2021-06-22T18:01:08Z,2043
46723,10.1726003,46.6761749,22,2021-06-22T18:01:08Z,2043
46723,10.1759214,46.6769351,19,2021-06-22T22:00:54Z,2018
46723,10.1759085,46.6769301,19,2021-06-22T22:00:54Z,2018
46723,10.1759214,46.6769351,19,2021-06-22T22:00:54Z,2018
46723,10.1746146,46.67711,18,2021-06-23T02:01:00Z,2035
46723,10.174604,46.6771175,18,2021-06-23T02:01:00Z,2019
46723,10.1746146,46.67711,18,2021-06-23T02:01:00Z,2035
46723,10.1747626,46.6776587,24,2021-06-23T06:03:01Z,1989
46723,10.1747626,46.6776587,24,2021-06-23T06:03:01Z,1989
46723,10.1747498,46.6776599,24,2021-06-23T06:03:01Z,1989
46723,10.1758363,46.6768151,29,2021-06-23T10:01:08Z,2018
46723,10.1758386,46.6768215,29,2021-06-23T10:01:08Z,2018
46723,10.1758363,46.6768151,29,2021-06-23T10:01:08Z,2018
46723,10.1763583,46.6754816,22,2021-06-23T14:00:37Z,2071
46723,10.176347700000001,46.6754892,22,2021-06-23T14:00:37Z,2071
46723,10.1763583,46.6754816,22,2021-06-23T14:00:37Z,2071
46723,10.1695757,46.6736066,20,2021-06-23T18:02:07Z,1875
46723,10.1695757,46.6736066,20,2021-06-23T18:02:07Z,1875
46723,10.1695757,46.6736066,20,2021-06-23T18:02:07Z,1875
46723,10.1726824,46.6753424,19,2021-06-23T22:00:37Z,2067
46723,10.1726719,46.6753439,19,2021-06-23T22:00:37Z,2067
46723,10.1726824,46.6753424,19,2021-06-23T22:00:37Z,2067
46723,10.1731912,46.6749412,18,2021-06-24T02:00:37Z,2081
46723,10.1731912,46.6749412,18,2021-06-24T02:00:37Z,2081
46723,10.1731784,46.6749423,18,2021-06-24T02:00:37Z,2081
46723,10.1725574,46.6760923,24,2021-06-24T06:00:37Z,2049
46723,10.1725574,46.6760923,24,2021-06-24T06:00:37Z,2049
46723,10.1725597,46.6760926,24,2021-06-24T06:00:37Z,2049
46723,10.1775621,46.6760442,31,2021-06-24T10:00:37Z,2021
46723,10.1775621,46.6760442,31,2021-06-24T10:00:37Z,2021
46723,10.1775493,46.6760392,31,2021-06-24T10:00:37Z,2021
46723,10.1748138,46.6758511,25,2021-06-24T14:00:37Z,2072
46723,10.1748138,46.6758573,25,2021-06-24T14:00:37Z,2072
46723,10.1748138,46.6758573,25,2021-06-24T14:00:37Z,2072
46723,10.172256,46.6756404,20,2021-06-24T18:01:06Z,2054
46723,10.172256,46.6756404,20,2021-06-24T18:01:06Z,2054
46723,10.1722432,46.6756416,20,2021-06-24T18:01:06Z,2054
46723,10.1720335,46.6752294,20,2021-06-24T22:00:37Z,2036
46723,10.1720335,46.6752294,20,2021-06-24T22:00:37Z,2036
46723,10.1720335,46.6752294,20,2021-06-24T22:00:37Z,2036
46723,10.1733745,46.6748355,17,2021-06-25T02:01:32Z,2081
46723,10.1733768,46.6748419,17,2021-06-25T02:01:32Z,2081
46723,10.1733745,46.6748355,17,2021-06-25T02:01:32Z,2081
46723,10.1733745,46.6748355,23,2021-06-25T06:01:38Z,2081
46723,10.1733745,46.6748355,23,2021-06-25T06:01:38Z,2081
46723,10.1733745,46.6748355,23,2021-06-25T06:01:38Z,2081
46723,10.1769798,46.6754443,27,2021-06-25T10:01:24Z,2059
46723,10.1769798,46.6754443,27,2021-06-25T10:01:24Z,2059
46723,10.1769669,46.6754393,27,2021-06-25T10:01:24Z,2059
46723,10.1714368,46.6722502,20,2021-06-25T14:01:00Z,1958
46723,10.1714368,46.6722502,20,2021-06-25T14:01:00Z,1958
46723,10.1714263,46.6722517,20,2021-06-25T14:01:00Z,1958
46723,10.1697499,46.6729629,19,2021-06-25T18:01:36Z,1887
46723,10.1697499,46.6729629,19,2021-06-25T18:01:36Z,1887
46723,10.1697499,46.6729568,19,2021-06-25T18:01:36Z,1887
46723,10.1682742,46.6732469,17,2021-06-25T22:00:37Z,1830
46723,10.1682614,46.6732481,17,2021-06-25T22:00:37Z,1830
46723,10.1682742,46.6732469,17,2021-06-25T22:00:37Z,1830
46723,10.1700574,46.6748208,21,2021-06-26T02:01:32Z,1941
46723,10.1700597,46.674821,21,2021-06-26T02:01:32Z,1941
46723,10.1700574,46.6748208,21,2021-06-26T02:01:32Z,1941
46723,10.1713036,46.6727241,21,2021-06-26T06:01:02Z,1976
46723,10.1713141,46.6727165,21,2021-06-26T06:01:02Z,1976
46723,10.1713141,46.6727165,21,2021-06-26T06:01:02Z,1976
46723,10.1762412,46.6750934,26,2021-06-26T10:00:37Z,2088
46723,10.1762412,46.6750934,26,2021-06-26T10:00:37Z,2088
46723,10.1762435,46.6750999,26,2021-06-26T10:00:37Z,2088
46723,10.1745991,46.676104,28,2021-06-26T14:01:07Z,2075
46723,10.1745991,46.676104,28,2021-06-26T14:01:07Z,2075
46723,10.1745863,46.6761051,28,2021-06-26T14:01:07Z,2075
46723,10.1702853,46.6731422,22,2021-06-26T18:00:37Z,1918
46723,10.1702853,46.6731422,22,2021-06-26T18:00:37Z,1918
46723,10.1702853,46.6731422,22,2021-06-26T18:00:37Z,1918
46723,10.1675167,46.6746208,22,2021-06-26T22:01:36Z,1838
46723,10.1675061,46.6746223,22,2021-06-26T22:01:36Z,1838
46723,10.1675167,46.6746208,22,2021-06-26T22:01:36Z,1838
46723,10.1726574,46.6750998,19,2021-06-27T02:00:37Z,2070
46723,10.1726468,46.6751012,19,2021-06-27T02:00:37Z,2056
46723,10.1726574,46.6750998,19,2021-06-27T02:00:37Z,2070
46723,10.1721212,46.6747706,22,2021-06-27T06:00:37Z,2037
46723,10.1721341,46.6747694,22,2021-06-27T06:00:37Z,2037
46723,10.1721341,46.6747694,22,2021-06-27T06:00:37Z,2037
46723,10.1749714,46.676513,27,2021-06-27T10:01:36Z,2055
46723,10.1749714,46.676513,27,2021-06-27T10:01:36Z,2055
46723,10.1749608,46.6765206,27,2021-06-27T10:01:36Z,2055
46723,10.1767002,46.6752074,27,2021-06-27T14:01:32Z,2059
46723,10.1767002,46.6752074,27,2021-06-27T14:01:32Z,2059
46723,10.1766873,46.6752024,27,2021-06-27T14:01:32Z,2059
46723,10.1703671,46.6731852,23,2021-06-27T18:00:37Z,1918
46723,10.17038,46.673184,23,2021-06-27T18:00:37Z,1918
46723,10.17038,46.673184,23,2021-06-27T18:00:37Z,1918
46723,10.1673937,46.6748023,21,2021-06-27T22:00:37Z,1856
46723,10.167396,46.6748087,21,2021-06-27T22:00:37Z,1856
46723,10.1673937,46.6748023,21,2021-06-27T22:00:37Z,1856
46723,10.1706908,46.675051,18,2021-06-28T02:02:30Z,1963
46723,10.1706885,46.6750508,18,2021-06-28T02:02:30Z,1963
46723,10.1706885,46.6750508,18,2021-06-28T02:02:30Z,1963
46723,10.1721328,46.6748336,24,2021-06-28T06:00:37Z,2037
46723,10.1721351,46.6748339,24,2021-06-28T06:00:37Z,2037
46723,10.1721328,46.6748336,24,2021-06-28T06:00:37Z,2037
46723,10.1763863,46.6769792,32,2021-06-28T10:00:37Z,2009
46723,10.1763735,46.6769804,32,2021-06-28T10:00:37Z,2009
46723,10.1763863,46.6769792,32,2021-06-28T10:00:37Z,2009
46723,10.1738862,46.6776269,29,2021-06-28T14:00:37Z,1996
46723,10.1738862,46.6776269,29,2021-06-28T14:00:37Z,1996
46723,10.1738733,46.6776218,29,2021-06-28T14:00:37Z,1996
46723,10.1705248,46.6729398,25,2021-06-28T18:00:37Z,1918
46723,10.1705248,46.6729398,25,2021-06-28T18:00:37Z,1918
46723,10.1705248,46.6729336,25,2021-06-28T18:00:37Z,1918
46723,10.172702,46.6714288,22,2021-06-28T22:00:37Z,2000
46723,10.1726892,46.6714299,22,2021-06-28T22:00:37Z,2000
46723,10.172702,46.6714288,22,2021-06-28T22:00:37Z,2000
46723,10.1723604,46.6725987,20,2021-06-29T02:00:56Z,2007
46723,10.1723475,46.6725999,20,2021-06-29T02:00:56Z,2007
46723,10.1723604,46.6725987,20,2021-06-29T02:00:56Z,2007
46723,10.1747261,46.6762483,24,2021-06-29T06:01:07Z,2055
46723,10.1747261,46.6762483,24,2021-06-29T06:01:07Z,2055
46723,10.1747261,46.6762483,24,2021-06-29T06:01:07Z,2055
46723,10.1729368,46.6708248,26,2021-06-29T10:00:37Z,1982
46723,10.1729368,46.6708248,26,2021-06-29T10:00:37Z,1982
46723,10.172924,46.6708259,26,2021-06-29T10:00:37Z,1982
46723,10.1729615,46.6721279,22,2021-06-29T14:00:37Z,2016
46723,10.1729744,46.6721268,22,2021-06-29T14:00:37Z,2016
46723,10.1729744,46.6721268,22,2021-06-29T14:00:37Z,2016
46723,10.1731986,46.6703393,21,2021-06-29T18:00:37Z,1979
46723,10.1731986,46.6703393,21,2021-06-29T18:00:37Z,1979
46723,10.1732009,46.6703396,21,2021-06-29T18:00:37Z,1979
46723,10.1729081,46.6706583,23,2021-06-29T22:00:37Z,1968
46723,10.1729081,46.6706583,23,2021-06-29T22:00:37Z,1968
46723,10.1729081,46.6706583,23,2021-06-29T22:00:37Z,1968
46723,10.1725592,46.672166,20,2021-06-30T02:01:00Z,1992
46723,10.1725592,46.672166,20,2021-06-30T02:01:00Z,1992
46723,10.1725592,46.672166,20,2021-06-30T02:01:00Z,1992
46723,10.1713702,46.6727433,23,2021-06-30T06:01:06Z,1976
46723,10.1713596,46.6727447,23,2021-06-30T06:01:06Z,1976
46723,10.1713702,46.6727433,23,2021-06-30T06:01:06Z,1976
46723,10.1708288,46.6726832,18,2021-06-30T10:00:37Z,1929
46723,10.1708288,46.6726832,18,2021-06-30T10:00:37Z,1929
46723,10.1708288,46.6726832,18,2021-06-30T10:00:37Z,1929
46723,10.1728794,46.6711399,26,2021-06-30T14:00:37Z,1982
46723,10.1728817,46.6711401,26,2021-06-30T14:00:37Z,1982
46723,10.1728794,46.6711399,26,2021-06-30T14:00:37Z,1982
46723,10.1719723,46.6723555,21,2021-06-30T18:00:54Z,1984
46723,10.1719723,46.6723555,21,2021-06-30T18:00:54Z,1984
46723,10.1719618,46.6723631,21,2021-06-30T18:00:54Z,1984
46723,10.1735016,46.670839,20,2021-06-30T22:00:37Z,1999
46723,10.1735016,46.670839,20,2021-06-30T22:00:37Z,1999
46723,10.1735016,46.6708329,20,2021-06-30T22:00:37Z,1999
46723,10.172888,46.6712502,18,2021-07-01T02:01:30Z,2000
46723,10.1728903,46.6712505,18,2021-07-01T02:01:30Z,2000
46723,10.172888,46.6712502,18,2021-07-01T02:01:30Z,2000
46723,10.1735549,46.6751534,22,2021-07-01T06:01:08Z,2081
46723,10.1735443,46.675161,22,2021-07-01T06:01:08Z,2077
46723,10.1735549,46.6751534,22,2021-07-01T06:01:08Z,2081
46723,10.1751541,46.6760722,22,2021-07-01T10:01:24Z,2067
46723,10.1751646,46.6760646,22,2021-07-01T10:01:24Z,2067
46723,10.1751646,46.6760646,22,2021-07-01T10:01:24Z,2067
46723,10.1739756,46.6756236,23,2021-07-01T14:01:36Z,2084
46723,10.1739862,46.6756221,23,2021-07-01T14:01:36Z,2084
46723,10.1739862,46.6756221,23,2021-07-01T14:01:36Z,2084
46723,10.1692973,46.6747927,19,2021-07-01T18:01:00Z,1921
46723,10.1692973,46.6747927,19,2021-07-01T18:01:00Z,1921
46723,10.1692973,46.6747927,19,2021-07-01T18:01:00Z,1921
46723,10.1678125,46.6747177,21,2021-07-01T22:01:32Z,1872
46723,10.1678148,46.674718,21,2021-07-01T22:01:32Z,1872
46723,10.1678125,46.6747177,21,2021-07-01T22:01:32Z,1872
46723,10.1709989,46.6730221,19,2021-07-02T02:01:06Z,1948
46723,10.1709989,46.6730282,19,2021-07-02T02:01:06Z,1948
46723,10.1709989,46.6730282,19,2021-07-02T02:01:06Z,1948
46723,10.1746028,46.6752995,21,2021-07-02T06:01:06Z,2088
46723,10.1746028,46.6752995,21,2021-07-02T06:01:06Z,2088
46723,10.1746028,46.6752995,21,2021-07-02T06:01:06Z,2088
46723,10.1767143,46.6747471,27,2021-07-02T10:01:30Z,2076
46723,10.176712,46.6747406,27,2021-07-02T10:01:30Z,2076
46723,10.176712,46.6747406,27,2021-07-02T10:01:30Z,2076
46723,10.1758036,46.6745887,25,2021-07-02T14:00:56Z,2111
46723,10.1758165,46.6745937,25,2021-07-02T14:00:56Z,2111
46723,10.1758165,46.6745937,25,2021-07-02T14:00:56Z,2111
46723,10.1719967,46.6724914,21,2021-07-02T18:00:37Z,1984
46723,10.1719967,46.6724852,21,2021-07-02T18:00:37Z,1984
46723,10.1719967,46.6724914,21,2021-07-02T18:00:37Z,1984
46723,10.1680812,46.6746836,18,2021-07-02T22:01:24Z,1872
46723,10.1680812,46.6746898,18,2021-07-02T22:01:24Z,1872
46723,10.1680812,46.6746898,18,2021-07-02T22:01:24Z,1872
46723,10.1723736,46.6729749,17,2021-07-03T02:01:06Z,2023
46723,10.1723607,46.6729699,17,2021-07-03T02:01:06Z,2023
46723,10.1723736,46.6729749,17,2021-07-03T02:01:06Z,2023
46723,10.1719153,46.6724061,23,2021-07-03T06:00:37Z,1984
46723,10.1719153,46.6724061,23,2021-07-03T06:00:37Z,1984
46723,10.1719176,46.6724126,23,2021-07-03T06:00:37Z,1984
46723,10.1757291,46.6756459,29,2021-07-03T10:02:06Z,2080
46723,10.1757291,46.6756459,29,2021-07-03T10:02:06Z,2080
46723,10.1757186,46.6756474,29,2021-07-03T10:02:06Z,2061
46723,10.1730115,46.675094,21,2021-07-03T14:01:36Z,2070
46723,10.173022,46.6750864,21,2021-07-03T14:01:36Z,2070
46723,10.173022,46.6750864,21,2021-07-03T14:01:36Z,2070
46723,10.1719667,46.67184,21,2021-07-03T18:00:37Z,1968
46723,10.1719539,46.6718349,21,2021-07-03T18:00:37Z,1968
46723,10.1719667,46.67184,21,2021-07-03T18:00:37Z,1968
46723,10.1710415,46.6722274,21,2021-07-03T22:00:37Z,1929
46723,10.1710415,46.6722274,21,2021-07-03T22:00:37Z,1929
46723,10.1710286,46.6722285,21,2021-07-03T22:00:37Z,1929
46723,10.1712442,46.6739902,20,2021-07-04T02:03:01Z,2005
46723,10.1712442,46.6739902,20,2021-07-04T02:03:01Z,2005
46723,10.1712336,46.6739978,20,2021-07-04T02:03:01Z,2005
46723,10.1723731,46.6751277,23,2021-07-04T06:00:38Z,2056
46723,10.172386,46.6751327,23,2021-07-04T06:00:38Z,2056
46723,10.172386,46.6751327,23,2021-07-04T06:00:38Z,2056
46723,10.1722186,46.6729376,26,2021-07-04T10:00:37Z,2023
46723,10.1722186,46.6729376,26,2021-07-04T10:00:37Z,2023
46723,10.1722209,46.6729379,26,2021-07-04T10:00:37Z,2023
46723,10.1723637,46.672682,21,2021-07-04T14:00:37Z,2007
46723,10.172366,46.6726884,21,2021-07-04T14:00:37Z,2007
46723,10.1723637,46.672682,21,2021-07-04T14:00:37Z,2007
46723,10.1719493,46.671674,18,2021-07-04T18:00:37Z,1957
46723,10.1719621,46.671679,18,2021-07-04T18:00:37Z,1957
46723,10.1719621,46.671679,18,2021-07-04T18:00:37Z,1957
46723,10.1666059,46.6744933,17,2021-07-04T22:00:37Z,1810
46723,10.1666165,46.6744919,17,2021-07-04T22:00:37Z,1810
46723,10.1666165,46.6744919,17,2021-07-04T22:00:37Z,1810
46723,10.170153000000001,46.6743655,19,2021-07-05T02:03:00Z,1933
46723,10.1701402,46.6743667,19,2021-07-05T02:03:00Z,1933
46723,10.170153000000001,46.6743655,19,2021-07-05T02:03:00Z,1933
46723,10.1747399,46.675534,24,2021-07-05T06:00:37Z,2088
46723,10.1747399,46.675534,24,2021-07-05T06:00:37Z,2088
46723,10.1747399,46.675534,24,2021-07-05T06:00:37Z,2088
46723,10.1745583,46.6753913,29,2021-07-05T10:00:37Z,2088
46723,10.1745606,46.6753916,29,2021-07-05T10:00:37Z,2088
46723,10.1745583,46.6753913,29,2021-07-05T10:00:37Z,2088
46723,10.1741405,46.6751208,27,2021-07-05T14:00:37Z,2096
46723,10.174151,46.6751132,27,2021-07-05T14:00:37Z,2096
46723,10.174151,46.6751132,27,2021-07-05T14:00:37Z,2096
46723,10.170566,46.6734312,19,2021-07-05T18:00:37Z,1936
46723,10.1705683,46.6734376,19,2021-07-05T18:00:37Z,1936
46723,10.170566,46.6734312,19,2021-07-05T18:00:37Z,1936
46723,10.1675622,46.6737974,19,2021-07-05T22:00:37Z,1818
46723,10.1675517,46.6737989,19,2021-07-05T22:00:37Z,1818
46723,10.1675622,46.6737974,19,2021-07-05T22:00:37Z,1818
46723,10.17074,46.6739354,17,2021-07-06T02:02:00Z,1978
46723,10.1707423,46.6739356,17,2021-07-06T02:02:00Z,1978
46723,10.17074,46.6739354,17,2021-07-06T02:02:00Z,1978
46723,10.1713955,46.6743692,20,2021-07-06T06:00:37Z,2011
46723,10.1713826,46.6743642,20,2021-07-06T06:00:37Z,2011
46723,10.1713955,46.6743692,20,2021-07-06T06:00:37Z,2011
46723,10.1792105,46.675983,29,2021-07-06T10:01:06Z,2007
46723,10.1792105,46.675983,29,2021-07-06T10:01:06Z,2007
46723,10.1792105,46.675983,29,2021-07-06T10:01:06Z,2007
46723,10.1748679,46.6749529,27,2021-07-06T14:01:06Z,2099
46723,10.1748679,46.6749529,27,2021-07-06T14:01:06Z,2099
46723,10.1748679,46.6749529,27,2021-07-06T14:01:06Z,2099
46723,10.1727406,46.6712896,22,2021-07-06T18:00:55Z,2000
46723,10.1727535,46.6712946,22,2021-07-06T18:00:55Z,2000
46723,10.1727535,46.6712946,22,2021-07-06T18:00:55Z,2000
46723,10.1720086,46.6724196,21,2021-07-06T22:00:37Z,1984
46723,10.1720214,46.6724184,21,2021-07-06T22:00:37Z,1984
46723,10.1720214,46.6724184,21,2021-07-06T22:00:37Z,1984
46723,10.1727326,46.6736803,19,2021-07-07T02:00:37Z,2055
46723,10.1727326,46.6736803,19,2021-07-07T02:00:37Z,2055
46723,10.1727221,46.6736818,19,2021-07-07T02:00:37Z,2055
46723,10.1750697,46.6750776,25,2021-07-07T06:00:37Z,2099
46723,10.1750697,46.6750776,25,2021-07-07T06:00:37Z,2099
46723,10.1750591,46.675079,25,2021-07-07T06:00:37Z,2099
46723,10.1753869,46.6752651,27,2021-07-07T10:00:37Z,2085
46723,10.1753763,46.6752727,27,2021-07-07T10:00:37Z,2085
46723,10.1753869,46.6752651,27,2021-07-07T10:00:37Z,2085
46723,10.1723258,46.6729712,28,2021-07-07T14:00:37Z,2023
46723,10.1723363,46.6729697,28,2021-07-07T14:00:37Z,2023
46723,10.1723363,46.6729697,28,2021-07-07T14:00:37Z,2023
46723,10.1726892,46.6711584,18,2021-07-07T18:00:38Z,1982
46723,10.1726869,46.6711581,18,2021-07-07T18:00:38Z,1982
46723,10.1726869,46.6711581,18,2021-07-07T18:00:38Z,1982
46723,10.1725477,46.6713316,21,2021-07-07T22:00:37Z,1979
46723,10.1725349,46.6713327,21,2021-07-07T22:00:37Z,1979
46723,10.1725477,46.6713316,21,2021-07-07T22:00:37Z,1979
46723,10.1723895,46.6714516,21,2021-07-08T02:02:36Z,1979
46723,10.1723895,46.6714516,21,2021-07-08T02:02:36Z,1979
46723,10.1723918,46.6714519,21,2021-07-08T02:02:36Z,1979
46723,10.1720909,46.674797,23,2021-07-08T06:00:37Z,2037
46723,10.1720909,46.674797,23,2021-07-08T06:00:37Z,2037
46723,10.1720909,46.674797,23,2021-07-08T06:00:37Z,2037
46723,10.173549,46.6751369,27,2021-07-08T10:00:56Z,2081
46723,10.1735595,46.6751293,27,2021-07-08T10:00:56Z,2081
46723,10.1735595,46.6751293,27,2021-07-08T10:00:56Z,2081
46723,10.1730794,46.6749441,21,2021-07-08T14:01:02Z,2070
46723,10.1730794,46.6749441,21,2021-07-08T14:01:02Z,2070
46723,10.1730794,46.6749379,21,2021-07-08T14:01:02Z,2070
46723,10.1698338,46.674913,22,2021-07-08T18:01:08Z,1941
46723,10.1698338,46.674913,22,2021-07-08T18:01:08Z,1941
46723,10.1698209,46.674908,22,2021-07-08T18:01:08Z,1941
46723,10.1696524,46.6748823,20,2021-07-08T22:01:08Z,1921
46723,10.1696547,46.6748888,20,2021-07-08T22:01:08Z,1921
46723,10.1696524,46.6748823,20,2021-07-08T22:01:08Z,1921
46723,10.1710687,46.6745068,15,2021-07-09T02:01:05Z,1984
46723,10.1710687,46.6745068,15,2021-07-09T02:01:05Z,1984
46723,10.1710687,46.6745006,15,2021-07-09T02:01:05Z,1984
46723,10.1710687,46.6745006,21,2021-07-09T06:01:38Z,1984
46723,10.1710687,46.6745006,21,2021-07-09T06:01:38Z,1984
46723,10.1710687,46.6745006,21,2021-07-09T06:01:38Z,1984
46723,10.1749368,46.6757375,27,2021-07-09T10:01:02Z,2072
46723,10.1749239,46.6757387,27,2021-07-09T10:01:02Z,2072
46723,10.1749368,46.6757375,27,2021-07-09T10:01:02Z,2072
46723,10.1723363,46.6730006,25,2021-07-09T14:00:37Z,2023
46723,10.1723258,46.6730082,25,2021-07-09T14:00:37Z,2023
46723,10.1723363,46.6730006,25,2021-07-09T14:00:37Z,2023
46723,10.1698374,46.6746578,20,2021-07-09T18:00:37Z,1933
46723,10.1698351,46.6746575,20,2021-07-09T18:00:37Z,1933
46723,10.1698351,46.6746575,20,2021-07-09T18:00:37Z,1933
46723,10.1659854,46.6758981,20,2021-07-09T22:01:38Z,1831
46723,10.1659854,46.6758981,20,2021-07-09T22:01:38Z,1831
46723,10.1659877,46.6759046,20,2021-07-09T22:01:38Z,1831
46723,10.1723824,46.6740427,17,2021-07-10T02:00:37Z,2049
46723,10.1723801,46.6740362,17,2021-07-10T02:00:37Z,2049
46723,10.1723801,46.6740362,17,2021-07-10T02:00:37Z,2049
46723,10.1726532,46.6722245,21,2021-07-10T06:00:37Z,2030
46723,10.1726532,46.6722245,21,2021-07-10T06:00:37Z,2030
46723,10.1726403,46.6722195,21,2021-07-10T06:00:37Z,1992
46723,10.1760648,46.6770205,29,2021-07-10T10:00:37Z,2018
46723,10.1760625,46.6770202,29,2021-07-10T10:00:37Z,2018
46723,10.1760625,46.6770202,29,2021-07-10T10:00:37Z,2018
46723,10.174058,46.6757178,28,2021-07-10T14:00:37Z,2074
46723,10.1740475,46.6757254,28,2021-07-10T14:00:37Z,2074
46723,10.174058,46.6757178,28,2021-07-10T14:00:37Z,2074
46723,10.174058,46.6757178,21,2021-07-10T18:01:39Z,2074
46723,10.174058,46.6757178,21,2021-07-10T18:01:39Z,2074
46723,10.174058,46.6757178,21,2021-07-10T18:01:39Z,2074
46723,10.1663294,46.675722,22,2021-07-10T22:00:37Z,1849
46723,10.1663271,46.6757156,22,2021-07-10T22:00:37Z,1849
46723,10.1663271,46.6757156,22,2021-07-10T22:00:37Z,1849
46723,10.1701705,46.6743155,15,2021-07-11T02:01:02Z,1933
46723,10.1701834,46.6743205,15,2021-07-11T02:01:02Z,1933
46723,10.1701834,46.6743205,15,2021-07-11T02:01:02Z,1933
46723,10.1750054,46.6754969,22,2021-07-11T06:02:10Z,2088
46723,10.1749925,46.675498,22,2021-07-11T06:02:10Z,2088
46723,10.1750054,46.6754969,22,2021-07-11T06:02:10Z,2088
46723,10.1721477,46.6729435,23,2021-07-11T10:00:37Z,2001
46723,10.1721477,46.6729497,23,2021-07-11T10:00:37Z,2001
46723,10.1721477,46.6729497,23,2021-07-11T10:00:37Z,2001
46723,10.1698521,46.6733776,30,2021-07-11T14:00:37Z,1906
46723,10.1698521,46.6733838,30,2021-07-11T14:00:37Z,1906
46723,10.1698521,46.6733838,30,2021-07-11T14:00:37Z,1906
46723,10.1680867,46.6754583,20,2021-07-11T18:00:37Z,1887
46723,10.1680867,46.6754583,20,2021-07-11T18:00:37Z,1887
46723,10.168089,46.6754585,20,2021-07-11T18:00:37Z,1887
46723,10.1681382,46.6747687,19,2021-07-11T22:00:37Z,1872
46723,10.1681254,46.6747698,19,2021-07-11T22:00:37Z,1872
46723,10.1681382,46.6747687,19,2021-07-11T22:00:37Z,1872
46723,10.1709339,46.6740257,16,2021-07-12T02:00:37Z,1978
46723,10.1709339,46.6740257,16,2021-07-12T02:00:37Z,1978
46723,10.1709362,46.6740321,16,2021-07-12T02:00:37Z,1978
46723,10.172139,46.6747955,23,2021-07-12T06:00:37Z,2037
46723,10.172139,46.6747955,23,2021-07-12T06:00:37Z,2037
46723,10.1721285,46.6748031,23,2021-07-12T06:00:37Z,2037
46723,10.1756942,46.6763014,30,2021-07-12T10:00:37Z,2039
46723,10.1756836,46.6763028,30,2021-07-12T10:00:37Z,2039
46723,10.1756942,46.6763014,30,2021-07-12T10:00:37Z,2039
46723,10.1744382,46.6755872,27,2021-07-12T14:00:37Z,2088
46723,10.1744405,46.6755875,27,2021-07-12T14:00:37Z,2088
46723,10.1744382,46.6755872,27,2021-07-12T14:00:37Z,2088
46723,10.1746816,46.6755193,24,2021-07-12T18:00:37Z,2088
46723,10.1746839,46.6755258,24,2021-07-12T18:00:37Z,2088
46723,10.1746816,46.6755193,24,2021-07-12T18:00:37Z,2088
46723,10.1776212,46.6765668,23,2021-07-12T22:01:00Z,2009
46723,10.1776106,46.6765683,23,2021-07-12T22:01:00Z,2009
46723,10.1776212,46.6765668,23,2021-07-12T22:01:00Z,2009
46723,10.1760951,46.6756116,21,2021-07-13T02:00:37Z,2071
46723,10.176108,46.6756166,21,2021-07-13T02:00:37Z,2071
46723,10.176108,46.6756166,21,2021-07-13T02:00:37Z,2071
46723,10.1722644,46.6742256,26,2021-07-13T06:01:02Z,2055
46723,10.1722644,46.6742256,26,2021-07-13T06:01:02Z,2055
46723,10.1722538,46.674227,26,2021-07-13T06:01:02Z,2055
46723,10.1718199,46.6747445,20,2021-07-13T10:01:00Z,2037
46723,10.1718199,46.6747445,20,2021-07-13T10:01:00Z,2037
46723,10.1718199,46.6747445,20,2021-07-13T10:01:00Z,2037
46723,10.1720536,46.674798,25,2021-07-13T14:00:37Z,2037
46723,10.172056,46.6747983,25,2021-07-13T14:00:37Z,2037
46723,10.1720536,46.674798,25,2021-07-13T14:00:37Z,2037
46723,10.1704512,46.6739195,20,2021-07-13T18:00:37Z,1950
46723,10.1704512,46.6739195,20,2021-07-13T18:00:37Z,1950
46723,10.1704383,46.6739145,20,2021-07-13T18:00:37Z,1950
46723,10.1695756,46.6748038,19,2021-07-13T22:01:02Z,1921
46723,10.1695756,46.6748099,19,2021-07-13T22:01:02Z,1921
46723,10.1695756,46.6748099,19,2021-07-13T22:01:02Z,1921
46723,10.1727048,46.6752384,14,2021-07-14T02:01:38Z,2067
46723,10.1727025,46.6752319,14,2021-07-14T02:01:38Z,2067
46723,10.1727025,46.6752319,14,2021-07-14T02:01:38Z,2067
46723,10.1726362,46.6759604,22,2021-07-14T06:01:30Z,2049
46723,10.1726362,46.6759604,22,2021-07-14T06:01:30Z,2049
46723,10.1726257,46.675968,22,2021-07-14T06:01:30Z,2049
46723,10.1743159,46.6754928,26,2021-07-14T10:01:30Z,2088
46723,10.1743053,46.6754943,26,2021-07-14T10:01:30Z,2088
46723,10.1743159,46.6754928,26,2021-07-14T10:01:30Z,2088
46723,10.1697556,46.6747876,25,2021-07-14T14:00:37Z,1941
46723,10.1697556,46.6747876,25,2021-07-14T14:00:37Z,1941
46723,10.1697556,46.6747876,25,2021-07-14T14:00:37Z,1941
46723,10.1751514,46.6750712,18,2021-07-14T18:01:08Z,2099
46723,10.1751514,46.6750712,18,2021-07-14T18:01:08Z,2099
46723,10.1751409,46.6750726,18,2021-07-14T18:01:08Z,2099
46723,10.1719864,46.6748572,20,2021-07-14T22:00:37Z,2037
46723,10.1719864,46.6748572,20,2021-07-14T22:00:37Z,2037
46723,10.1719735,46.6748522,20,2021-07-14T22:00:37Z,2037
46723,10.17348,46.6751113,18,2021-07-15T02:01:03Z,2081
46723,10.1734672,46.6751063,18,2021-07-15T02:01:03Z,2081
46723,10.17348,46.6751113,18,2021-07-15T02:01:03Z,2081
46723,10.17348,46.6751113,21,2021-07-15T06:01:40Z,2081
46723,10.17348,46.6751113,21,2021-07-15T06:01:40Z,2081
46723,10.17348,46.6751113,21,2021-07-15T06:01:40Z,2081
46723,10.1724461,46.6729366,24,2021-07-15T10:00:56Z,2023
46723,10.1724332,46.6729378,24,2021-07-15T10:00:56Z,2023
46723,10.1724461,46.6729366,24,2021-07-15T10:00:56Z,2023
46723,10.1716751,46.6754453,19,2021-07-15T14:00:37Z,2036
46723,10.1716774,46.6754456,19,2021-07-15T14:00:37Z,2036
46723,10.1716751,46.6754453,19,2021-07-15T14:00:37Z,2036
46723,10.1724706,46.6712521,21,2021-07-15T18:01:30Z,1979
46723,10.1724577,46.6712533,21,2021-07-15T18:01:30Z,1979
46723,10.1724706,46.6712521,21,2021-07-15T18:01:30Z,1979
46723,10.1729398,46.6705677,22,2021-07-15T22:00:37Z,1968
46723,10.1729398,46.6705677,22,2021-07-15T22:00:37Z,1968
46723,10.1729292,46.6705691,22,2021-07-15T22:00:37Z,1968
46723,10.172974,46.6715828,16,2021-07-16T02:01:24Z,2000
46723,10.1729717,46.6715764,16,2021-07-16T02:01:24Z,2000
46723,10.1729717,46.6715764,16,2021-07-16T02:01:24Z,2000
46723,10.1710312,46.6725877,20,2021-07-16T06:01:00Z,1929
46723,10.1710312,46.6725877,20,2021-07-16T06:01:00Z,1929
46723,10.1710207,46.6725891,20,2021-07-16T06:01:00Z,1929
46723,10.1716508,46.6721067,27,2021-07-16T10:01:02Z,1942
46723,10.1716531,46.6721069,27,2021-07-16T10:01:02Z,1942
46723,10.1716508,46.6721067,27,2021-07-16T10:01:02Z,1942
46723,10.1708987,46.6728288,23,2021-07-16T14:00:37Z,1948
46723,10.1709115,46.6728339,23,2021-07-16T14:00:37Z,1948
46723,10.1709115,46.6728339,23,2021-07-16T14:00:37Z,1948
46723,10.167789,46.6751523,21,2021-07-16T18:01:06Z,1872
46723,10.167789,46.6751523,21,2021-07-16T18:01:06Z,1872
46723,10.1677784,46.6751599,21,2021-07-16T18:01:06Z,1887
46723,10.1675503,46.6745851,22,2021-07-16T22:00:37Z,1838
46723,10.1675608,46.6745837,22,2021-07-16T22:00:37Z,1838
46723,10.1675608,46.6745837,22,2021-07-16T22:00:37Z,1838
46723,10.1688677,46.6735757,19,2021-07-17T02:01:30Z,1850
46723,10.1688677,46.6735757,19,2021-07-17T02:01:30Z,1850
46723,10.1688549,46.6735707,19,2021-07-17T02:01:30Z,1850
46723,10.1714217,46.6721277,23,2021-07-17T06:00:37Z,1942
46723,10.1714217,46.6721339,23,2021-07-17T06:00:37Z,1942
46723,10.1714217,46.6721339,23,2021-07-17T06:00:37Z,1942
46723,10.1719565,46.6724841,24,2021-07-17T10:00:37Z,1984
46723,10.171967,46.6724827,24,2021-07-17T10:00:37Z,1984
46723,10.171967,46.6724827,24,2021-07-17T10:00:37Z,1984
46723,10.1696937,46.6742444,24,2021-07-17T14:00:37Z,1909
46723,10.1697066,46.6742494,24,2021-07-17T14:00:37Z,1909
46723,10.1697066,46.6742494,24,2021-07-17T14:00:37Z,1909
46723,10.1697622,46.6748554,21,2021-07-17T18:00:37Z,1941
46723,10.1697622,46.6748554,21,2021-07-17T18:00:37Z,1941
46723,10.1697622,46.6748554,21,2021-07-17T18:00:37Z,1941
46723,10.1687983,46.6723387,23,2021-07-17T22:01:30Z,1826
46723,10.1687983,46.6723387,23,2021-07-17T22:01:30Z,1826
46723,10.1687878,46.6723463,23,2021-07-17T22:01:30Z,1826
46723,10.1692232,46.6737527,20,2021-07-18T02:00:54Z,1870
46723,10.1692232,46.6737527,20,2021-07-18T02:00:54Z,1870
46723,10.1692103,46.6737477,20,2021-07-18T02:00:54Z,1870
46723,10.1694642,46.674425,23,2021-07-18T06:00:37Z,1909
46723,10.1694642,46.6744188,23,2021-07-18T06:00:37Z,1909
46723,10.1694642,46.674425,23,2021-07-18T06:00:37Z,1909
46723,10.1716511,46.6726506,24,2021-07-18T10:01:08Z,1958
46723,10.1716406,46.6726521,24,2021-07-18T10:01:08Z,1958
46723,10.1716511,46.6726506,24,2021-07-18T10:01:08Z,1958
46723,10.1721737,46.6730223,22,2021-07-18T14:00:37Z,2023
46723,10.1721737,46.6730223,22,2021-07-18T14:00:37Z,2023
46723,10.1721761,46.6730226,22,2021-07-18T14:00:37Z,2023
46723,10.1709933,46.6728275,21,2021-07-18T18:00:37Z,1948
46723,10.1709933,46.6728275,21,2021-07-18T18:00:37Z,1948
46723,10.1709804,46.6728225,21,2021-07-18T18:00:37Z,1948
46723,10.1690785,46.6732378,20,2021-07-18T22:00:37Z,1850
46723,10.1690785,46.6732378,20,2021-07-18T22:00:37Z,1850
46723,10.1690679,46.6732393,20,2021-07-18T22:00:37Z,1850
46723,10.1713871,46.6719571,18,2021-07-19T02:02:00Z,1942
46723,10.1713871,46.6719571,18,2021-07-19T02:02:00Z,1942
46723,10.1713894,46.6719635,18,2021-07-19T02:02:00Z,1942
46723,10.1702906,46.6736506,20,2021-07-19T06:01:36Z,1936
46723,10.1702906,46.6736506,20,2021-07-19T06:01:36Z,1936
46723,10.17028,46.6736582,20,2021-07-19T06:01:36Z,1936
46723,10.1701956,46.6736696,31,2021-07-19T10:00:54Z,1906
46723,10.1701933,46.6736693,31,2021-07-19T10:00:54Z,1906
46723,10.1701933,46.6736693,31,2021-07-19T10:00:54Z,1906
46723,10.1708658,46.6718852,32,2021-07-19T14:00:37Z,1915
46723,10.1708763,46.6718777,32,2021-07-19T14:00:37Z,1915
46723,10.1708763,46.6718777,32,2021-07-19T14:00:37Z,1915
46723,10.1698402,46.6733322,22,2021-07-19T18:00:37Z,1906
46723,10.1698402,46.6733322,22,2021-07-19T18:00:37Z,1906
46723,10.1698402,46.6733322,22,2021-07-19T18:00:37Z,1906
46723,10.1698402,46.6733322,18,2021-07-19T22:01:38Z,1906
46723,10.1698402,46.6733322,18,2021-07-19T22:01:38Z,1906
46723,10.1698402,46.6733322,18,2021-07-19T22:01:38Z,1906
46723,10.1754047,46.675142,17,2021-07-20T02:00:35Z,2099
46723,10.1754175,46.675147,17,2021-07-20T02:00:35Z,2099
46723,10.1754175,46.675147,17,2021-07-20T02:00:35Z,2099
46723,10.1709046,46.6735489,19,2021-07-20T06:00:37Z,1966
46723,10.1709174,46.6735477,19,2021-07-20T06:00:37Z,1966
46723,10.1709174,46.6735477,19,2021-07-20T06:00:37Z,1966
46723,10.1769053,46.6760511,28,2021-07-20T10:03:00Z,2042
46723,10.1768924,46.676046,28,2021-07-20T10:03:00Z,2042
46723,10.1769053,46.6760511,28,2021-07-20T10:03:00Z,2042
46723,10.1742592,46.6757111,27,2021-07-20T14:01:00Z,2075
46723,10.1742486,46.6757187,27,2021-07-20T14:01:00Z,2075
46723,10.1742592,46.6757111,27,2021-07-20T14:01:00Z,2075
46723,10.1749341,46.674965,23,2021-07-20T18:00:37Z,2099
46723,10.1749213,46.6749661,23,2021-07-20T18:00:37Z,2099
46723,10.1749341,46.674965,23,2021-07-20T18:00:37Z,2099
46723,10.1787501,46.6744398,18,2021-07-20T22:01:55Z,2042
46723,10.1787501,46.6744459,18,2021-07-20T22:01:55Z,2042
46723,10.1787501,46.6744459,18,2021-07-20T22:01:55Z,2042
46723,10.1756286,46.6756678,16,2021-07-21T02:00:54Z,2061
46723,10.1756286,46.6756678,16,2021-07-21T02:00:54Z,2061
46723,10.1756157,46.6756689,16,2021-07-21T02:00:54Z,2061
46723,10.172332,46.6729146,19,2021-07-21T06:00:37Z,2023
46723,10.1723192,46.6729157,19,2021-07-21T06:00:37Z,2023
46723,10.172332,46.6729146,19,2021-07-21T06:00:37Z,2023
46723,10.1720445,46.672452,28,2021-07-21T10:02:06Z,1984
46723,10.1720445,46.672452,28,2021-07-21T10:02:06Z,1984
46723,10.1720317,46.672447,28,2021-07-21T10:02:06Z,1984
46723,10.1720224,46.6724212,32,2021-07-21T14:01:00Z,1984
46723,10.1720224,46.6724212,32,2021-07-21T14:01:00Z,1984
46723,10.1720224,46.6724212,32,2021-07-21T14:01:00Z,1984
46723,10.1707034,46.6734322,23,2021-07-21T18:01:06Z,1966
46723,10.1707163,46.6734372,23,2021-07-21T18:01:06Z,1966
46723,10.1707163,46.6734372,23,2021-07-21T18:01:06Z,1966
46723,10.1702684,46.6747368,23,2021-07-21T22:00:37Z,1963
46723,10.1702707,46.6747432,23,2021-07-21T22:00:37Z,1963
46723,10.1702684,46.6747368,23,2021-07-21T22:00:37Z,1963
46723,10.1678655,46.6751681,24,2021-07-22T02:01:36Z,1887
46723,10.1678655,46.6751743,24,2021-07-22T02:01:36Z,1887
46723,10.1678655,46.6751743,24,2021-07-22T02:01:36Z,1887
46723,10.1720412,46.6729056,24,2021-07-22T06:00:37Z,2001
46723,10.1720283,46.6729068,24,2021-07-22T06:00:37Z,2001
46723,10.1720412,46.6729056,24,2021-07-22T06:00:37Z,2001
46723,10.1719314,46.6724265,29,2021-07-22T10:01:00Z,1984
46723,10.1719443,46.6724315,29,2021-07-22T10:01:00Z,1984
46723,10.1719443,46.6724315,29,2021-07-22T10:01:00Z,1984
46723,10.1723568,46.672601,22,2021-07-22T14:00:37Z,2007
46723,10.1723696,46.6725998,22,2021-07-22T14:00:37Z,2007
46723,10.1723696,46.6725998,22,2021-07-22T14:00:37Z,2007
46723,10.1696496,46.6731585,21,2021-07-22T18:00:37Z,1857
46723,10.1696496,46.6731585,21,2021-07-22T18:00:37Z,1857
46723,10.1696496,46.6731585,21,2021-07-22T18:00:37Z,1857
46723,10.1708264,46.6735222,22,2021-07-22T22:00:37Z,1966
46723,10.1708136,46.6735172,22,2021-07-22T22:00:37Z,1966
46723,10.1708264,46.6735222,22,2021-07-22T22:00:37Z,1966
46723,10.1688366,46.6753406,20,2021-07-23T02:00:37Z,1917
46723,10.1688366,46.6753406,20,2021-07-23T02:00:37Z,1917
46723,10.1688237,46.6753356,20,2021-07-23T02:00:37Z,1917
46723,10.172364,46.6725903,23,2021-07-23T06:00:54Z,2007
46723,10.172364,46.6725842,23,2021-07-23T06:00:54Z,2007
46723,10.172364,46.6725903,23,2021-07-23T06:00:54Z,2007
46723,10.1723188,46.6729395,28,2021-07-23T10:01:54Z,2023
46723,10.1723211,46.6729459,28,2021-07-23T10:01:54Z,2023
46723,10.1723188,46.6729395,28,2021-07-23T10:01:54Z,2023
46723,10.1725592,46.6722277,30,2021-07-23T14:00:37Z,2007
46723,10.1725592,46.6722339,30,2021-07-23T14:00:37Z,2007
46723,10.1725592,46.6722339,30,2021-07-23T14:00:37Z,2007
46723,10.1754894,46.6750698,22,2021-07-23T18:01:06Z,2099
46723,10.1754894,46.6750698,22,2021-07-23T18:01:06Z,2099
46723,10.1754917,46.6750762,22,2021-07-23T18:01:06Z,2099
46723,10.1777299,46.6749943,22,2021-07-23T22:00:37Z,2049
46723,10.1777299,46.6749943,22,2021-07-23T22:00:37Z,2049
46723,10.1777299,46.6749881,22,2021-07-23T22:00:37Z,2049
46723,10.1750611,46.6752697,19,2021-07-24T02:01:08Z,2088
46723,10.1750611,46.6752697,19,2021-07-24T02:01:08Z,2088
46723,10.1750611,46.6752697,19,2021-07-24T02:01:08Z,2088
46723,10.1723564,46.6728531,23,2021-07-24T06:00:37Z,2023
46723,10.1723564,46.6728531,23,2021-07-24T06:00:37Z,2023
46723,10.1723587,46.6728533,23,2021-07-24T06:00:37Z,2023
46723,10.1726255,46.6722089,34,2021-07-24T10:00:37Z,1992
46723,10.1726255,46.6722089,34,2021-07-24T10:00:37Z,1992
46723,10.1726126,46.6722039,34,2021-07-24T10:00:37Z,1992
46723,10.1726278,46.6715551,26,2021-07-24T14:00:56Z,1979
46723,10.1726278,46.6715612,26,2021-07-24T14:00:56Z,1979
46723,10.1726278,46.6715612,26,2021-07-24T14:00:56Z,1979
46723,10.173255,46.6702189,23,2021-07-24T18:00:37Z,1966
46723,10.1732656,46.6702113,23,2021-07-24T18:00:37Z,1966
46723,10.1732656,46.6702113,23,2021-07-24T18:00:37Z,1966
46723,10.1735517,46.670337,21,2021-07-24T22:01:06Z,1979
46723,10.1735517,46.6703309,21,2021-07-24T22:01:06Z,1979
46723,10.1735517,46.670337,21,2021-07-24T22:01:06Z,1979
46723,10.172802,46.671004,22,2021-07-25T02:01:06Z,1982
46723,10.1727996,46.6710037,22,2021-07-25T02:01:06Z,1982
46723,10.1727996,46.6710037,22,2021-07-25T02:01:06Z,1982
46723,10.1721366,46.6715669,24,2021-07-25T06:01:30Z,1957
46723,10.1721471,46.6715655,24,2021-07-25T06:01:30Z,1957
46723,10.1721471,46.6715655,24,2021-07-25T06:01:30Z,1957
46723,10.1730861,46.6723522,20,2021-07-25T10:01:32Z,2030
46723,10.1730756,46.6723598,20,2021-07-25T10:01:32Z,2030
46723,10.1730861,46.6723522,20,2021-07-25T10:01:32Z,2030
46723,10.172478,46.6741366,20,2021-07-25T14:00:37Z,2049
46723,10.172478,46.6741366,20,2021-07-25T14:00:37Z,2049
46723,10.172478,46.6741366,20,2021-07-25T14:00:37Z,2049
46723,10.17242,46.6741598,18,2021-07-25T18:00:37Z,2049
46723,10.1724177,46.6741596,18,2021-07-25T18:00:37Z,2049
46723,10.1724177,46.6741596,18,2021-07-25T18:00:37Z,2049
46723,10.174156,46.6744975,18,2021-07-25T22:00:37Z,2100
46723,10.174156,46.6744975,18,2021-07-25T22:00:37Z,2100
46723,10.1741583,46.674504,18,2021-07-25T22:00:37Z,2100
46723,10.1745945,46.675332,20,2021-07-26T02:01:32Z,2088
46723,10.1745945,46.675332,20,2021-07-26T02:01:32Z,2088
46723,10.1745817,46.675327,20,2021-07-26T02:01:32Z,2088
46723,10.1779363,46.6739409,24,2021-07-26T06:00:37Z,2088
46723,10.1779363,46.6739347,24,2021-07-26T06:00:37Z,2088
46723,10.1779363,46.6739409,24,2021-07-26T06:00:37Z,2088
46723,10.1722466,46.6728985,26,2021-07-26T10:00:37Z,2023
46723,10.1722595,46.6728974,26,2021-07-26T10:00:37Z,2023
46723,10.1722595,46.6728974,26,2021-07-26T10:00:37Z,2023
46723,10.1752114,46.6753127,24,2021-07-26T14:01:00Z,2085
46723,10.1752009,46.6753141,24,2021-07-26T14:01:00Z,2085
46723,10.1752114,46.6753127,24,2021-07-26T14:01:00Z,2085
46723,10.1725395,46.6713209,20,2021-07-26T18:01:36Z,1979
46723,10.1725395,46.6713209,20,2021-07-26T18:01:36Z,1979
46723,10.1725395,46.6713209,20,2021-07-26T18:01:36Z,1979
46723,10.1729569,46.6706587,21,2021-07-26T22:00:37Z,1968
46723,10.1729569,46.6706587,21,2021-07-26T22:00:37Z,1968
46723,10.1729569,46.6706587,21,2021-07-26T22:00:37Z,1968
46723,10.1731712,46.6725278,20,2021-07-27T02:01:37Z,2054
46723,10.1731689,46.6725213,20,2021-07-27T02:01:37Z,2054
46723,10.1731689,46.6725213,20,2021-07-27T02:01:37Z,2054
46723,10.1764578,46.6738957,21,2021-07-27T06:01:36Z,2119
46723,10.1764555,46.6738954,21,2021-07-27T06:01:36Z,2119
46723,10.1764555,46.6738954,21,2021-07-27T06:01:36Z,2119
46723,10.1739456,46.6758114,25,2021-07-27T10:01:06Z,2074
46723,10.1739456,46.6758114,25,2021-07-27T10:01:06Z,2074
46723,10.1739327,46.6758126,25,2021-07-27T10:01:06Z,2074
46723,10.1752345,46.6754018,25,2021-07-27T14:01:00Z,2085
46723,10.175224,46.6754032,25,2021-07-27T14:01:00Z,2085
46723,10.1752345,46.6754018,25,2021-07-27T14:01:00Z,2085
46723,10.1747142,46.6747587,21,2021-07-27T18:00:38Z,2099
46723,10.1747248,46.6747573,21,2021-07-27T18:00:38Z,2099
46723,10.1747248,46.6747573,21,2021-07-27T18:00:38Z,2099
46723,10.1778915,46.6749883,21,2021-07-27T22:01:07Z,2049
46723,10.1778915,46.6749821,21,2021-07-27T22:01:07Z,2049
46723,10.1778915,46.6749883,21,2021-07-27T22:01:07Z,2049
46723,10.1754027,46.6750624,22,2021-07-28T02:00:37Z,2099
46723,10.1754132,46.675061,22,2021-07-28T02:00:37Z,2099
46723,10.1754132,46.675061,22,2021-07-28T02:00:37Z,2099
46723,10.1752576,46.6751884,23,2021-07-28T06:00:37Z,2085
46723,10.1752576,46.6751946,23,2021-07-28T06:00:37Z,2085
46723,10.1752576,46.6751946,23,2021-07-28T06:00:37Z,2085
46723,10.1751877,46.6757217,19,2021-07-28T10:00:37Z,2067
46723,10.1751854,46.6757214,19,2021-07-28T10:00:37Z,2067
46723,10.1751854,46.6757214,19,2021-07-28T10:00:37Z,2067
46723,10.1741095,46.6761698,21,2021-07-28T14:01:38Z,2061
46723,10.1741095,46.676176,21,2021-07-28T14:01:38Z,2061
46723,10.1741095,46.676176,21,2021-07-28T14:01:38Z,2061
46723,10.1723784,46.6747906,19,2021-07-28T18:00:37Z,2056
46723,10.1723784,46.6747845,19,2021-07-28T18:00:37Z,2056
46723,10.1723784,46.6747906,19,2021-07-28T18:00:37Z,2056
46723,10.1772331,46.6758113,19,2021-07-28T22:01:36Z,2031
46723,10.1772331,46.6758113,19,2021-07-28T22:01:36Z,2031
46723,10.1772202,46.6758125,19,2021-07-28T22:01:36Z,2031
46723,10.1749473,46.6749153,19,2021-07-29T02:00:37Z,2099
46723,10.1749473,46.6749153,19,2021-07-29T02:00:37Z,2099
46723,10.1749496,46.6749218,19,2021-07-29T02:00:37Z,2099
46723,10.1790007,46.6741884,24,2021-07-29T06:02:38Z,2042
46723,10.1790007,46.6741946,24,2021-07-29T06:02:38Z,2042
46723,10.1790007,46.6741946,24,2021-07-29T06:02:38Z,2042
46723,10.172397,46.6730156,27,2021-07-29T10:00:37Z,2023
46723,10.1723864,46.673017,27,2021-07-29T10:00:37Z,2023
46723,10.172397,46.6730156,27,2021-07-29T10:00:37Z,2023
46723,10.1727722,46.6725257,30,2021-07-29T14:00:37Z,2030
46723,10.1727722,46.6725257,30,2021-07-29T14:00:37Z,2030
46723,10.1727617,46.6725333,30,2021-07-29T14:00:37Z,2030
46723,10.1777158,46.676621,20,2021-07-29T18:02:06Z,2009
46723,10.1777181,46.6766212,20,2021-07-29T18:02:06Z,2009
46723,10.1777158,46.676621,20,2021-07-29T18:02:06Z,2009
46723,10.1776179,46.6765946,20,2021-07-29T22:00:37Z,2009
46723,10.1776179,46.6765946,20,2021-07-29T22:00:37Z,2009
46723,10.1776179,46.6765885,20,2021-07-29T22:00:37Z,2009
46723,10.1762059,46.6755998,18,2021-07-30T02:01:08Z,2071
46723,10.1761954,46.6756074,18,2021-07-30T02:01:08Z,2071
46723,10.1762059,46.6755998,18,2021-07-30T02:01:08Z,2071
46723,10.172907,46.6743458,24,2021-07-30T06:01:01Z,2070
46723,10.1728942,46.674347,24,2021-07-30T06:01:01Z,2070
46723,10.172907,46.6743458,24,2021-07-30T06:01:01Z,2070
46723,10.1720102,46.6725106,28,2021-07-30T10:01:36Z,1984
46723,10.1720102,46.6725106,28,2021-07-30T10:01:36Z,1984
46723,10.1720125,46.6725171,28,2021-07-30T10:01:36Z,1984
46723,10.1761314,46.6770211,28,2021-07-30T14:00:54Z,2009
46723,10.1761209,46.6770287,28,2021-07-30T14:00:54Z,2009
46723,10.1761314,46.6770211,28,2021-07-30T14:00:54Z,2009
46723,10.176171,46.6774401,19,2021-07-30T18:01:24Z,1994
46723,10.176171,46.6774401,19,2021-07-30T18:01:24Z,1994
46723,10.176171,46.6774401,19,2021-07-30T18:01:24Z,1994
46723,10.1792565,46.6742665,19,2021-07-30T22:01:38Z,2031
46723,10.1792565,46.6742665,19,2021-07-30T22:01:38Z,2031
46723,10.1792565,46.6742603,19,2021-07-30T22:01:38Z,2031
46723,10.1790897,46.6740542,21,2021-07-31T02:01:31Z,2048
46723,10.1790897,46.6740542,21,2021-07-31T02:01:31Z,2048
46723,10.1790897,46.6740542,21,2021-07-31T02:01:31Z,2048
46723,10.1725601,46.6747297,24,2021-07-31T06:01:06Z,2056
46723,10.1725473,46.6747247,24,2021-07-31T06:01:06Z,2056
46723,10.1725601,46.6747297,24,2021-07-31T06:01:06Z,2056
46723,10.1758676,46.6768839,28,2021-07-31T10:00:37Z,2018
46723,10.1758676,46.6768839,28,2021-07-31T10:00:37Z,2018
46723,10.1758571,46.6768853,28,2021-07-31T10:00:37Z,2018
46723,10.1727775,46.6717134,20,2021-07-31T14:00:37Z,2000
46723,10.1727775,46.6717134,20,2021-07-31T14:00:37Z,2000
46723,10.1727775,46.6717134,20,2021-07-31T14:00:37Z,2000
46723,10.1728541,46.6706803,20,2021-07-31T18:00:37Z,1968
46723,10.1728646,46.6706727,20,2021-07-31T18:00:37Z,1968
46723,10.1728646,46.6706727,20,2021-07-31T18:00:37Z,1968
46723,10.1724801,46.6712109,21,2021-07-31T22:01:54Z,1967
46723,10.1724696,46.6712123,21,2021-07-31T22:01:54Z,1967
46723,10.1724801,46.6712109,21,2021-07-31T22:01:54Z,1967
46723,10.1735336,46.6706814,18,2021-08-01T02:00:37Z,1979
46723,10.1735207,46.6706764,18,2021-08-01T02:00:37Z,1979
46723,10.1735336,46.6706814,18,2021-08-01T02:00:37Z,1979
46723,10.1735155,46.6707357,18,2021-08-01T06:00:54Z,1979
46723,10.1735155,46.6707357,18,2021-08-01T06:00:54Z,1979
46723,10.1735155,46.6707357,18,2021-08-01T06:00:54Z,1979
46723,10.174794,46.6761292,21,2021-08-01T10:00:37Z,2072
46723,10.1748069,46.6761342,21,2021-08-01T10:00:37Z,2072
46723,10.1748069,46.6761342,21,2021-08-01T10:00:37Z,2072
46723,10.1741942,46.6764062,20,2021-08-01T14:03:00Z,2061
46723,10.1741942,46.6764062,20,2021-08-01T14:03:00Z,2061
46723,10.1741813,46.6764073,20,2021-08-01T14:03:00Z,2061
46723,10.1741813,46.6764073,21,2021-08-01T18:01:38Z,2061
46723,10.1741813,46.6764073,21,2021-08-01T18:01:38Z,2061
46723,10.1741813,46.6764073,21,2021-08-01T18:01:38Z,2061
46723,10.1774009,46.6764338,18,2021-08-01T22:01:32Z,2015
46723,10.1774009,46.6764276,18,2021-08-01T22:01:32Z,2015
46723,10.1774009,46.6764338,18,2021-08-01T22:01:32Z,2015
46723,10.1744385,46.6770014,16,2021-08-02T02:01:06Z,2042
46723,10.1744385,46.6770014,16,2021-08-02T02:01:06Z,2042
46723,10.1744385,46.6770014,16,2021-08-02T02:01:06Z,2042
46723,10.1732713,46.6758929,23,2021-08-02T06:00:37Z,2069
46723,10.173269,46.6758864,23,2021-08-02T06:00:37Z,2069
46723,10.173269,46.6758864,23,2021-08-02T06:00:37Z,2069
46723,10.1758376,46.677115,24,2021-08-02T10:00:37Z,1999
46723,10.1758376,46.677115,24,2021-08-02T10:00:37Z,1999
46723,10.1758399,46.6771214,24,2021-08-02T10:00:37Z,1999
46723,10.1756249,46.6772129,22,2021-08-02T14:00:37Z,1999
46723,10.1756249,46.6772129,22,2021-08-02T14:00:37Z,1999
46723,10.1756249,46.6772129,22,2021-08-02T14:00:37Z,1999
46723,10.1756249,46.6772129,19,2021-08-02T18:01:39Z,1999
46723,10.1756249,46.6772129,19,2021-08-02T18:01:39Z,1999
46723,10.1756249,46.6772129,19,2021-08-02T18:01:39Z,1999
46723,10.1778368,46.6764648,16,2021-08-02T22:01:06Z,2009
46723,10.1778263,46.6764663,16,2021-08-02T22:01:06Z,2009
46723,10.1778368,46.6764648,16,2021-08-02T22:01:06Z,2009
46723,10.1749427,46.6749148,20,2021-08-03T02:01:06Z,2099
46723,10.1749427,46.6749148,20,2021-08-03T02:01:06Z,2099
46723,10.174945,46.6749212,20,2021-08-03T02:01:06Z,2099
46723,10.174125,46.6759909,21,2021-08-03T06:01:24Z,2075
46723,10.1741121,46.675992,21,2021-08-03T06:01:24Z,2074
46723,10.174125,46.6759909,21,2021-08-03T06:01:24Z,2075
46723,10.1749595,46.6758504,21,2021-08-03T10:00:54Z,2072
46723,10.1749595,46.6758504,21,2021-08-03T10:00:54Z,2072
46723,10.174949,46.675858,21,2021-08-03T10:00:54Z,2072
46723,10.1732089,46.6775272,23,2021-08-03T14:00:54Z,2022
46723,10.1732089,46.6775272,23,2021-08-03T14:00:54Z,2022
46723,10.173196,46.6775222,23,2021-08-03T14:00:54Z,2022
46723,10.1733932,46.6772947,21,2021-08-03T18:01:38Z,2022
46723,10.1733932,46.6772947,21,2021-08-03T18:01:38Z,2022
46723,10.1733932,46.6772947,21,2021-08-03T18:01:38Z,2022
46723,10.1761479,46.6769684,22,2021-08-03T22:01:06Z,2009
46723,10.1761374,46.676976,22,2021-08-03T22:01:06Z,2009
46723,10.1761479,46.6769684,22,2021-08-03T22:01:06Z,2009
46723,10.1719755,46.6750552,20,2021-08-04T02:01:50Z,2037
46723,10.171986,46.6750476,20,2021-08-04T02:01:50Z,2037
46723,10.171986,46.6750476,20,2021-08-04T02:01:50Z,2037
46723,10.1754472,46.6761246,21,2021-08-04T06:01:06Z,2067
46723,10.1754472,46.6761246,21,2021-08-04T06:01:06Z,2067
46723,10.1754343,46.6761258,21,2021-08-04T06:01:06Z,2067
46723,10.1773201,46.6761035,22,2021-08-04T10:00:54Z,2031
46723,10.1773201,46.6761035,22,2021-08-04T10:00:54Z,2031
46723,10.1773224,46.6761099,22,2021-08-04T10:00:54Z,2031
46723,10.1765456,46.6775655,22,2021-08-04T14:01:30Z,1994
46723,10.1765456,46.6775655,22,2021-08-04T14:01:30Z,1994
46723,10.176535,46.6775669,22,2021-08-04T14:01:30Z,1994
46723,10.1703524,46.6758846,21,2021-08-04T18:01:06Z,1983
46723,10.1703501,46.6758782,21,2021-08-04T18:01:06Z,1983
46723,10.1703501,46.6758782,21,2021-08-04T18:01:06Z,1983
46723,10.1762442,46.6779035,17,2021-08-04T22:01:36Z,1986
46723,10.1762442,46.6779097,17,2021-08-04T22:01:36Z,1986
46723,10.1762442,46.6779097,17,2021-08-04T22:01:36Z,1986
46723,10.1763942,46.6762361,19,2021-08-05T02:01:30Z,2031
46723,10.1763965,46.6762425,19,2021-08-05T02:01:30Z,2031
46723,10.1763942,46.6762361,19,2021-08-05T02:01:30Z,2031
46723,10.1760338,46.674663,24,2021-08-05T06:02:00Z,2111
46723,10.1760232,46.6746705,24,2021-08-05T06:02:00Z,2096
46723,10.1760338,46.674663,24,2021-08-05T06:02:00Z,2111
46723,10.1774453,46.6740832,25,2021-08-05T10:01:40Z,2101
46723,10.1774453,46.6740832,25,2021-08-05T10:01:40Z,2101
46723,10.1774476,46.6740897,25,2021-08-05T10:01:40Z,2101
46723,10.1764769,46.6745415,23,2021-08-05T14:00:37Z,2104
46723,10.1764746,46.674535,23,2021-08-05T14:00:37Z,2104
46723,10.1764746,46.674535,23,2021-08-05T14:00:37Z,2104
46723,10.178785,46.6737103,18,2021-08-05T18:00:37Z,2060
46723,10.178785,46.6737103,18,2021-08-05T18:00:37Z,2060
46723,10.178785,46.6737103,18,2021-08-05T18:00:37Z,2060
46723,10.1794702,46.674517,18,2021-08-05T22:01:36Z,2031
46723,10.1794597,46.6745184,18,2021-08-05T22:01:36Z,2031
46723,10.1794702,46.674517,18,2021-08-05T22:01:36Z,2031
46723,10.1774104,46.6755286,16,2021-08-06T02:01:00Z,2047
46723,10.1774104,46.6755286,16,2021-08-06T02:01:00Z,2047
46723,10.1774127,46.675535000000004,16,2021-08-06T02:01:00Z,2047
46723,10.1731098,46.6750226,22,2021-08-06T06:01:00Z,2070
46723,10.1731098,46.6750226,22,2021-08-06T06:01:00Z,2070
46723,10.1731098,46.6750226,22,2021-08-06T06:01:00Z,2070
46723,10.1757882,46.6772424,29,2021-08-06T10:01:06Z,1999
46723,10.1757882,46.6772424,29,2021-08-06T10:01:06Z,1999
46723,10.1757905,46.6772426,29,2021-08-06T10:01:06Z,1999
46723,10.1755204,46.6774458,25,2021-08-06T14:01:06Z,2006
46723,10.1755204,46.6774458,25,2021-08-06T14:01:06Z,2006
46723,10.1755075,46.6774408,25,2021-08-06T14:01:06Z,2006
46723,10.1748299,46.6777908,20,2021-08-06T18:01:36Z,1989
46723,10.1748299,46.6777908,20,2021-08-06T18:01:36Z,1989
46723,10.1748171,46.6777858,20,2021-08-06T18:01:36Z,1989
46723,10.1760905,46.6769935,20,2021-08-06T22:00:37Z,2009
46723,10.1761034,46.6769923,20,2021-08-06T22:00:37Z,2009
46723,10.1761034,46.6769923,20,2021-08-06T22:00:37Z,2009
46723,10.1770802,46.679766,17,2021-08-07T02:02:00Z,2044
46723,10.1770825,46.6797724,17,2021-08-07T02:02:00Z,2044
46723,10.1770802,46.679766,17,2021-08-07T02:02:00Z,2044
46723,10.1714037,46.6743983,20,2021-08-07T06:00:37Z,2011
46723,10.1714037,46.6743983,20,2021-08-07T06:00:37Z,2011
46723,10.1714037,46.6743983,20,2021-08-07T06:00:37Z,2011
46723,10.175618,46.6775206,28,2021-08-07T10:00:37Z,1999
46723,10.1756052,46.6775156,28,2021-08-07T10:00:37Z,1999
46723,10.175618,46.6775206,28,2021-08-07T10:00:37Z,1999
46723,10.1760955,46.6769702,23,2021-08-07T14:00:37Z,2009
46723,10.1760955,46.6769702,23,2021-08-07T14:00:37Z,2009
46723,10.1760978,46.6769767,23,2021-08-07T14:00:37Z,2009
46723,10.1725441,46.6714202,19,2021-08-07T18:01:36Z,1979
46723,10.1725441,46.6714202,19,2021-08-07T18:01:36Z,1979
46723,10.1725441,46.6714202,19,2021-08-07T18:01:36Z,1979
46723,10.1725253,46.6713554,22,2021-08-07T22:00:37Z,1979
46723,10.1725253,46.6713554,22,2021-08-07T22:00:37Z,1979
46723,10.1725276,46.6713619,22,2021-08-07T22:00:37Z,1979
46723,10.1725276,46.6713619,17,2021-08-08T02:01:39Z,1979
46723,10.1725276,46.6713619,17,2021-08-08T02:01:39Z,1979
46723,10.1725276,46.6713619,17,2021-08-08T02:01:39Z,1979
46723,10.1772057,46.6756979,22,2021-08-08T06:01:30Z,2031
46723,10.1771951,46.6757055,22,2021-08-08T06:01:30Z,2031
46723,10.1772057,46.6756979,22,2021-08-08T06:01:30Z,2031
46723,10.1757344,46.675889,26,2021-08-08T10:01:06Z,2061
46723,10.175745,46.6758814,26,2021-08-08T10:01:06Z,2061
46723,10.175745,46.6758814,26,2021-08-08T10:01:06Z,2061
46723,10.1756124,46.6774741,26,2021-08-08T14:02:00Z,1999
46723,10.1756101,46.6774677,26,2021-08-08T14:02:00Z,1999
46723,10.1756101,46.6774677,26,2021-08-08T14:02:00Z,1999
46723,10.1756101,46.6774677,21,2021-08-08T18:01:39Z,1999
46723,10.1756101,46.6774677,21,2021-08-08T18:01:39Z,1999
46723,10.1756101,46.6774677,21,2021-08-08T18:01:39Z,1999
46723,10.1742228,46.6779859,22,2021-08-08T22:01:00Z,1993
46723,10.1742228,46.6779797,22,2021-08-08T22:01:00Z,1993
46723,10.1742228,46.6779859,22,2021-08-08T22:01:00Z,1993
46723,10.1761235,46.676888,22,2021-08-09T02:01:06Z,2009
46723,10.1761235,46.676888,22,2021-08-09T02:01:06Z,2009
46723,10.1761235,46.676888,22,2021-08-09T02:01:06Z,2009
46723,10.1724798,46.672617,21,2021-08-09T06:00:37Z,2007
46723,10.1724669,46.672612,21,2021-08-09T06:00:37Z,2007
46723,10.1724798,46.672617,21,2021-08-09T06:00:37Z,2007
46723,10.1746516,46.6761638,27,2021-08-09T10:01:36Z,2055
46723,10.1746492,46.6761574,27,2021-08-09T10:01:36Z,2055
46723,10.1746492,46.6761574,27,2021-08-09T10:01:36Z,2055
46723,10.1749569,46.6764108,25,2021-08-09T14:01:36Z,2055
46723,10.1749674,46.6764094,25,2021-08-09T14:01:36Z,2055
46723,10.1749674,46.6764094,25,2021-08-09T14:01:36Z,2055
46723,10.1737691,46.6780347,21,2021-08-09T18:00:37Z,1996
46723,10.1737796,46.6780333,21,2021-08-09T18:00:37Z,1996
46723,10.1737796,46.6780333,21,2021-08-09T18:00:37Z,1996
46723,10.1762601,46.6795644,18,2021-08-09T22:00:37Z,2024
46723,10.1762601,46.6795706,18,2021-08-09T22:00:37Z,2024
46723,10.1762601,46.6795706,18,2021-08-09T22:00:37Z,2024
46723,10.1762624,46.6795338,19,2021-08-10T02:00:37Z,2017
46723,10.1762647,46.6795403,19,2021-08-10T02:00:37Z,2017
46723,10.1762624,46.6795338,19,2021-08-10T02:00:37Z,2017
46723,10.1760157,46.6770007,24,2021-08-10T06:01:25Z,2018
46723,10.1760157,46.6770007,24,2021-08-10T06:01:25Z,2018
46723,10.176018,46.677001,24,2021-08-10T06:01:25Z,2018
46723,10.175524,46.6773881,29,2021-08-10T10:00:37Z,2006
46723,10.1755346,46.6773866,29,2021-08-10T10:00:37Z,2006
46723,10.1755346,46.6773866,29,2021-08-10T10:00:37Z,2006
46723,10.1759365,46.6773847,26,2021-08-10T14:00:37Z,1999
46723,10.1759237,46.6773797,26,2021-08-10T14:00:37Z,1999
46723,10.1759365,46.6773847,26,2021-08-10T14:00:37Z,1999
46723,10.1725983,46.6761755,22,2021-08-10T18:00:37Z,2043
46723,10.1725983,46.6761755,22,2021-08-10T18:00:37Z,2043
46723,10.172585399999999,46.6761767,22,2021-08-10T18:00:37Z,2043
46723,10.177765,46.6765791,18,2021-08-10T22:00:54Z,2009
46723,10.1777755,46.6765715,18,2021-08-10T22:00:54Z,2009
46723,10.1777755,46.6765715,18,2021-08-10T22:00:54Z,2009
46723,10.1733511,46.6756526,18,2021-08-11T02:01:08Z,2069
46723,10.1733511,46.6756526,18,2021-08-11T02:01:08Z,2069
46723,10.1733511,46.6756465,18,2021-08-11T02:01:08Z,2069
46723,10.1739499,46.6746632,24,2021-08-11T06:01:30Z,2091
46723,10.1739628,46.674662,24,2021-08-11T06:01:30Z,2091
46723,10.1739628,46.674662,24,2021-08-11T06:01:30Z,2091
46723,10.1756411,46.6771962,27,2021-08-11T10:00:37Z,1999
46723,10.1756411,46.6771962,27,2021-08-11T10:00:37Z,1999
46723,10.1756434,46.6772027,27,2021-08-11T10:00:37Z,1999
46723,10.1756434,46.6772027,27,2021-08-11T14:01:39Z,1999
46723,10.1756434,46.6772027,27,2021-08-11T14:01:39Z,1999
46723,10.1756434,46.6772027,27,2021-08-11T14:01:39Z,1999
46723,10.1728162,46.6758702,22,2021-08-11T18:00:37Z,2061
46723,10.1728162,46.6758702,22,2021-08-11T18:00:37Z,2061
46723,10.1728057,46.6758778,22,2021-08-11T18:00:37Z,2061
46723,10.1728057,46.6758778,20,2021-08-11T22:01:39Z,2061
46723,10.1728057,46.6758778,20,2021-08-11T22:01:39Z,2061
46723,10.1728057,46.6758778,20,2021-08-11T22:01:39Z,2061
46723,10.1748903,46.6752252,18,2021-08-12T02:01:32Z,2088
46723,10.174888,46.6752188,18,2021-08-12T02:01:32Z,2088
46723,10.174888,46.6752188,18,2021-08-12T02:01:32Z,2088
46723,10.1721282,46.6748022,22,2021-08-12T06:00:37Z,2037
46723,10.1721305,46.6748087,22,2021-08-12T06:00:37Z,2037
46723,10.1721282,46.6748022,22,2021-08-12T06:00:37Z,2037
46723,10.1720662,46.6748576,36,2021-08-12T10:00:37Z,2037
46723,10.1720662,46.6748576,36,2021-08-12T10:00:37Z,2037
46723,10.1720533,46.6748526,36,2021-08-12T10:00:37Z,2037
46723,10.1752286,46.6771192,27,2021-08-12T14:03:00Z,2006
46723,10.175218,46.6771268,27,2021-08-12T14:03:00Z,2006
46723,10.1752286,46.6771192,27,2021-08-12T14:03:00Z,2006
46723,10.178661,46.6736484,20,2021-08-12T18:00:37Z,2083
46723,10.1786715,46.6736469,20,2021-08-12T18:00:37Z,2083
46723,10.1786715,46.6736469,20,2021-08-12T18:00:37Z,2083
46723,10.1777962,46.6746546,21,2021-08-12T22:01:36Z,2067
46723,10.1777985,46.674661,21,2021-08-12T22:01:36Z,2067
46723,10.1777962,46.6746546,21,2021-08-12T22:01:36Z,2067
46723,10.1767401,46.6750718,21,2021-08-13T02:01:30Z,2076
46723,10.1767401,46.6750718,21,2021-08-13T02:01:30Z,2076
46723,10.1767295,46.6750733,21,2021-08-13T02:01:30Z,2076
46723,10.1721222,46.674798,23,2021-08-13T06:00:37Z,2037
46723,10.1721094,46.6747992,23,2021-08-13T06:00:37Z,2037
46723,10.1721222,46.674798,23,2021-08-13T06:00:37Z,2037
46723,10.1720948,46.6749809,31,2021-08-13T10:00:37Z,2037
46723,10.1721077,46.6749859,31,2021-08-13T10:00:37Z,2037
46723,10.1721077,46.6749859,31,2021-08-13T10:00:37Z,2037
46723,10.1756263,46.6767845,26,2021-08-13T14:01:00Z,2018
46723,10.1756239,46.6767781,26,2021-08-13T14:01:00Z,2018
46723,10.1756239,46.6767781,26,2021-08-13T14:01:00Z,2018
46723,10.1733395,46.677299,24,2021-08-13T18:00:37Z,2022
46723,10.1733418,46.6772993,24,2021-08-13T18:00:37Z,2022
46723,10.1733395,46.677299,24,2021-08-13T18:00:37Z,2022
46723,10.1725597,46.676179,22,2021-08-13T22:00:37Z,2043
46723,10.1725597,46.676179,22,2021-08-13T22:00:37Z,2043
46723,10.1725597,46.676179,22,2021-08-13T22:00:37Z,2043
46723,10.1733491,46.6756101,20,2021-08-14T02:02:00Z,2077
46723,10.1733491,46.6756101,20,2021-08-14T02:02:00Z,2077
46723,10.1733491,46.6756039,20,2021-08-14T02:02:00Z,2077
46723,10.1750637,46.6758078,25,2021-08-14T06:00:54Z,2072
46723,10.1750743,46.6758002,25,2021-08-14T06:00:54Z,2072
46723,10.1750743,46.6758002,25,2021-08-14T06:00:54Z,2072
46723,10.1757967,46.6771428,31,2021-08-14T10:00:37Z,1999
46723,10.1757967,46.6771428,31,2021-08-14T10:00:37Z,1999
46723,10.1757839,46.6771378,31,2021-08-14T10:00:37Z,1999
46723,10.1740115,46.6765261,28,2021-08-14T14:00:37Z,2061
46723,10.1739987,46.6765272,28,2021-08-14T14:00:37Z,2061
46723,10.1740115,46.6765261,28,2021-08-14T14:00:37Z,2061
46723,10.1776416,46.6760129,22,2021-08-14T18:00:54Z,2021
46723,10.1776416,46.6760129,22,2021-08-14T18:00:54Z,2021
46723,10.1776311,46.6760205,22,2021-08-14T18:00:54Z,2021
46723,10.177667,46.6766329,20,2021-08-14T22:01:38Z,2001
46723,10.1776693,46.6766332,20,2021-08-14T22:01:38Z,2001
46723,10.177667,46.6766329,20,2021-08-14T22:01:38Z,2001
46723,10.1752912,46.6763684,20,2021-08-15T02:00:37Z,2048
46723,10.1752912,46.6763684,20,2021-08-15T02:00:37Z,2048
46723,10.1752912,46.6763684,20,2021-08-15T02:00:37Z,2048
46723,10.1721654,46.6748074,24,2021-08-15T06:00:37Z,2056
46723,10.1721654,46.6748074,24,2021-08-15T06:00:37Z,2056
46723,10.1721654,46.6748074,24,2021-08-15T06:00:37Z,2056
46723,10.1755029,46.677465,29,2021-08-15T10:00:37Z,2006
46723,10.1755029,46.677465,29,2021-08-15T10:00:37Z,2006
46723,10.1755029,46.677465,29,2021-08-15T10:00:37Z,2006
46723,10.1744751,46.6761408,28,2021-08-15T14:01:08Z,2061
46723,10.1744751,46.6761408,28,2021-08-15T14:01:08Z,2061
46723,10.1744623,46.6761419,28,2021-08-15T14:01:08Z,2061
46723,10.1767661,46.6757493,22,2021-08-15T18:00:54Z,2042
46723,10.1767533,46.6757443,22,2021-08-15T18:00:54Z,2042
46723,10.1767661,46.6757493,22,2021-08-15T18:00:54Z,2042
46723,10.1771404,46.6768735,21,2021-08-15T22:02:01Z,2002
46723,10.177151,46.6768659,21,2021-08-15T22:02:01Z,2002
46723,10.177151,46.6768659,21,2021-08-15T22:02:01Z,2002
46723,10.1763164,46.6762041,23,2021-08-16T02:00:37Z,2031
46723,10.1763164,46.6762041,23,2021-08-16T02:00:37Z,2031
46723,10.1763035,46.6762053,23,2021-08-16T02:00:37Z,2031
46723,10.1726323,46.6751471,23,2021-08-16T06:00:37Z,2056
46723,10.1726428,46.6751457,23,2021-08-16T06:00:37Z,2056
46723,10.1726428,46.6751457,23,2021-08-16T06:00:37Z,2056
46723,10.1739597,46.6766285,29,2021-08-16T10:00:37Z,2043
46723,10.1739597,46.6766285,29,2021-08-16T10:00:37Z,2043
46723,10.1739492,46.6766361,29,2021-08-16T10:00:37Z,2043
46723,10.1745579,46.6754151,21,2021-08-16T14:00:37Z,2088
46723,10.1745579,46.6754151,21,2021-08-16T14:00:37Z,2088
46723,10.1745579,46.6754089,21,2021-08-16T14:00:37Z,2088
46723,10.1740316,46.6763971,19,2021-08-16T18:00:54Z,2061
46723,10.1740445,46.6764021,19,2021-08-16T18:00:54Z,2061
46723,10.1740445,46.6764021,19,2021-08-16T18:00:54Z,2061
46723,10.1751132,46.6787476,18,2021-08-16T22:02:57Z,1977
46723,10.175126,46.6787526,18,2021-08-16T22:02:57Z,1977
46723,10.175126,46.6787526,18,2021-08-16T22:02:57Z,1977
46723,10.1734348,46.6775833,19,2021-08-17T02:03:00Z,2022
46723,10.1734348,46.6775895,19,2021-08-17T02:03:00Z,2022
46723,10.1734348,46.6775895,19,2021-08-17T02:03:00Z,2022
46723,10.1732964,46.6757468,20,2021-08-17T06:00:37Z,2069
46723,10.1732964,46.6757468,20,2021-08-17T06:00:37Z,2069
46723,10.1732858,46.6757482,20,2021-08-17T06:00:37Z,2069
46723,10.1742727,46.6754032,23,2021-08-17T10:01:02Z,2088
46723,10.174275,46.6754097,23,2021-08-17T10:01:02Z,2088
46723,10.1742727,46.6754032,23,2021-08-17T10:01:02Z,2088
46723,10.1742727,46.6754032,23,2021-08-17T14:01:38Z,2088
46723,10.1742727,46.6754032,23,2021-08-17T14:01:38Z,2088
46723,10.1742727,46.6754032,23,2021-08-17T14:01:38Z,2088
46723,10.1741329,46.6748836,19,2021-08-17T18:00:37Z,2096
46723,10.1741329,46.6748836,19,2021-08-17T18:00:37Z,2096
46723,10.1741201,46.6748786,19,2021-08-17T18:00:37Z,2096
46723,10.1748006,46.6755181,18,2021-08-17T22:00:37Z,2088
46723,10.1748112,46.6755167,18,2021-08-17T22:00:37Z,2088
46723,10.1748112,46.6755167,18,2021-08-17T22:00:37Z,2088
46723,10.1767671,46.6758508,22,2021-08-18T02:00:37Z,2042
46723,10.1767671,46.6758446,22,2021-08-18T02:00:37Z,2042
46723,10.1767671,46.6758508,22,2021-08-18T02:00:37Z,2042
46723,10.1733141,46.6770986,19,2021-08-18T06:01:06Z,2042
46723,10.173327,46.6770975,19,2021-08-18T06:01:06Z,2042
46723,10.173327,46.6770975,19,2021-08-18T06:01:06Z,2042
46723,10.1757924,46.6766804,26,2021-08-18T10:01:06Z,2018
46723,10.1757924,46.6766804,26,2021-08-18T10:01:06Z,2018
46723,10.1757924,46.6766804,26,2021-08-18T10:01:06Z,2018
46723,10.1751056,46.6770355,22,2021-08-18T14:01:06Z,2027
46723,10.1751056,46.6770355,22,2021-08-18T14:01:06Z,2027
46723,10.1750927,46.6770366,22,2021-08-18T14:01:06Z,2035
46723,10.1748936,46.6749629,20,2021-08-18T18:00:37Z,2099
46723,10.1748936,46.6749691,20,2021-08-18T18:00:37Z,2099
46723,10.1748936,46.6749691,20,2021-08-18T18:00:37Z,2099
46723,10.1763929,46.6762818,17,2021-08-18T22:01:24Z,2031
46723,10.17638,46.6762829,17,2021-08-18T22:01:24Z,2031
46723,10.1763929,46.6762818,17,2021-08-18T22:01:24Z,2031
46723,10.1748959,46.6750064,16,2021-08-19T02:00:37Z,2099
46723,10.1748982,46.6750128,16,2021-08-19T02:00:37Z,2099
46723,10.1748959,46.6750064,16,2021-08-19T02:00:37Z,2099
46723,10.1726488,46.6752054,22,2021-08-19T06:00:37Z,2054
46723,10.1726488,46.6752054,22,2021-08-19T06:00:37Z,2054
46723,10.1726488,46.6752054,22,2021-08-19T06:00:37Z,2054
46723,10.1759412,46.6773729,29,2021-08-19T10:01:00Z,1999
46723,10.1759283,46.6773679,29,2021-08-19T10:01:00Z,1999
46723,10.1759412,46.6773729,29,2021-08-19T10:01:00Z,1999
46723,10.1755775,46.6774384,26,2021-08-19T14:00:37Z,2006
46723,10.1755775,46.6774445,26,2021-08-19T14:00:37Z,2006
46723,10.1755775,46.6774445,26,2021-08-19T14:00:37Z,2006
46723,10.1752734,46.6763928,21,2021-08-19T18:00:37Z,2048
46723,10.1752734,46.6763928,21,2021-08-19T18:00:37Z,2048
46723,10.1752629,46.6764004,21,2021-08-19T18:00:37Z,2048
46723,10.1766462,46.6775991,20,2021-08-19T22:00:54Z,1994
46723,10.1766333,46.6775941,20,2021-08-19T22:00:54Z,1994
46723,10.1766462,46.6775991,20,2021-08-19T22:00:54Z,1994
46723,10.175927,46.676241,22,2021-08-20T02:02:06Z,2039
46723,10.1759398,46.676246,22,2021-08-20T02:02:06Z,2039
46723,10.1759398,46.676246,22,2021-08-20T02:02:06Z,2039
46723,10.1726765,46.6753814,23,2021-08-20T06:01:06Z,2067
46723,10.172687,46.67538,23,2021-08-20T06:01:06Z,2067
46723,10.172687,46.67538,23,2021-08-20T06:01:06Z,2067
46723,10.1720009,46.6748853,31,2021-08-20T10:00:37Z,2037
46723,10.171988,46.6748803,31,2021-08-20T10:00:37Z,2037
46723,10.1720009,46.6748853,31,2021-08-20T10:00:37Z,2037
46723,10.1743927,46.6763613,24,2021-08-20T14:02:24Z,2061
46723,10.1743798,46.6763563,24,2021-08-20T14:02:24Z,2061
46723,10.1743927,46.6763613,24,2021-08-20T14:02:24Z,2061
46723,10.1725795,46.6761416,20,2021-08-20T18:00:37Z,2043
46723,10.1725795,46.6761416,20,2021-08-20T18:00:37Z,2043
46723,10.1725689,46.676143,20,2021-08-20T18:00:37Z,2043
46723,10.1748359,46.6758264,20,2021-08-20T22:00:37Z,2072
46723,10.1748359,46.6758264,20,2021-08-20T22:00:37Z,2072
46723,10.174823,46.6758275,20,2021-08-20T22:00:37Z,2072
46723,10.174032,46.6761943,18,2021-08-21T02:00:37Z,2061
46723,10.174032,46.6761943,18,2021-08-21T02:00:37Z,2061
46723,10.1740343,46.6761946,18,2021-08-21T02:00:37Z,2061
46723,10.1728882,46.6738491,22,2021-08-21T06:00:37Z,2065
46723,10.1729011,46.6738479,22,2021-08-21T06:00:37Z,2065
46723,10.1729011,46.6738479,22,2021-08-21T06:00:37Z,2065
46723,10.177783,46.6755929,27,2021-08-21T10:00:56Z,2034
46723,10.1777702,46.675594,27,2021-08-21T10:00:56Z,2034
46723,10.177783,46.6755929,27,2021-08-21T10:00:56Z,2034
46723,10.1753694,46.6767407,26,2021-08-21T14:00:37Z,2027
46723,10.1753694,46.6767407,26,2021-08-21T14:00:37Z,2027
46723,10.1753717,46.676741,26,2021-08-21T14:00:37Z,2027
46723,10.1726253,46.6761028,21,2021-08-21T18:00:37Z,2049
46723,10.1726253,46.6761028,21,2021-08-21T18:00:37Z,2049
46723,10.1726276,46.6761093,21,2021-08-21T18:00:37Z,2049
46723,10.1739901,46.6753802,19,2021-08-21T22:00:37Z,2084
46723,10.1739901,46.6753802,19,2021-08-21T22:00:37Z,2084
46723,10.1739901,46.6753802,19,2021-08-21T22:00:37Z,2084
46723,10.173941,46.675348,20,2021-08-22T02:00:37Z,2084
46723,10.1739433,46.6753483,20,2021-08-22T02:00:37Z,2084
46723,10.173941,46.675348,20,2021-08-22T02:00:37Z,2084
46723,10.1762827,46.6746354,20,2021-08-22T06:01:08Z,2104
46723,10.1762827,46.6746354,20,2021-08-22T06:01:08Z,2104
46723,10.176285,46.6746356,20,2021-08-22T06:01:08Z,2104
46723,10.1756002,46.6761318,26,2021-08-22T10:01:00Z,2061
46723,10.1756002,46.6761318,26,2021-08-22T10:01:00Z,2061
46723,10.1756025,46.6761382,26,2021-08-22T10:01:00Z,2039
46723,10.1749859,46.6768373,25,2021-08-22T14:01:30Z,2035
46723,10.1749988,46.6768362,25,2021-08-22T14:01:30Z,2035
46723,10.1749988,46.6768362,25,2021-08-22T14:01:30Z,2035
46723,10.1721593,46.6770125,19,2021-08-22T18:00:37Z,2025
46723,10.1721593,46.6770125,19,2021-08-22T18:00:37Z,2025
46723,10.1721593,46.6770125,19,2021-08-22T18:00:37Z,2025
46723,10.1746028,46.6753242,19,2021-08-22T22:01:08Z,2088
46723,10.1746156,46.675323,19,2021-08-22T22:01:08Z,2088
46723,10.1746156,46.675323,19,2021-08-22T22:01:08Z,2088
46723,10.1743126,46.6750393,20,2021-08-23T02:00:54Z,2096
46723,10.1743126,46.6750393,20,2021-08-23T02:00:54Z,2096
46723,10.1743021,46.6750407,20,2021-08-23T02:00:54Z,2096
46723,10.1742011,46.675469,22,2021-08-23T06:00:37Z,2088
46723,10.1742011,46.675469,22,2021-08-23T06:00:37Z,2088
46723,10.1741906,46.6754704,22,2021-08-23T06:00:37Z,2088
46723,10.1764252,46.6772112,24,2021-08-23T10:01:08Z,1994
46723,10.1764124,46.6772124,24,2021-08-23T10:01:08Z,1994
46723,10.1764252,46.6772112,24,2021-08-23T10:01:08Z,1994
46723,10.1740088,46.6776728,21,2021-08-23T14:01:06Z,1996
46723,10.1740088,46.6776728,21,2021-08-23T14:01:06Z,1996
46723,10.1740111,46.6776731,21,2021-08-23T14:01:06Z,1996
46723,10.173809,46.6769858,20,2021-08-23T18:00:37Z,2043
46723,10.1737962,46.6769869,20,2021-08-23T18:00:37Z,2043
46723,10.173809,46.6769858,20,2021-08-23T18:00:37Z,2043
46723,10.1769842,46.677499,18,2021-08-23T22:01:32Z,1994
46723,10.1769818,46.6774987,18,2021-08-23T22:01:32Z,1994
46723,10.1769818,46.6774987,18,2021-08-23T22:01:32Z,1994
46723,10.1764433,46.6762127,17,2021-08-24T02:01:00Z,2031
46723,10.1764433,46.6762127,17,2021-08-24T02:01:00Z,2031
46723,10.1764433,46.6762127,17,2021-08-24T02:01:00Z,2031
46723,10.1716326,46.6736296,22,2021-08-24T06:00:37Z,1993
46723,10.1716303,46.6736294,22,2021-08-24T06:00:37Z,1993
46723,10.1716303,46.6736294,22,2021-08-24T06:00:37Z,1993
46723,10.1759553,46.6773014,26,2021-08-24T10:00:56Z,1999
46723,10.1759553,46.6773014,26,2021-08-24T10:00:56Z,1999
46723,10.1759448,46.6773028,26,2021-08-24T10:00:56Z,1999
46723,10.1772403,46.6746713,23,2021-08-24T14:01:36Z,2063
46723,10.1772403,46.6746713,23,2021-08-24T14:01:36Z,2063
46723,10.1772426,46.6746778,23,2021-08-24T14:01:36Z,2063
46723,10.174033,46.6755059,19,2021-08-24T18:00:37Z,2084
46723,10.1740224,46.6755073,19,2021-08-24T18:00:37Z,2084
46723,10.174033,46.6755059,19,2021-08-24T18:00:37Z,2084
46723,10.174033,46.6755059,19,2021-08-24T22:01:39Z,2084
46723,10.174033,46.6755059,19,2021-08-24T22:01:39Z,2084
46723,10.174033,46.6755059,19,2021-08-24T22:01:39Z,2084
46723,10.1737055,46.6769376,20,2021-08-25T02:00:37Z,2043
46723,10.1737055,46.6769376,20,2021-08-25T02:00:37Z,2043
46723,10.1737078,46.6769379,20,2021-08-25T02:00:37Z,2043
46723,10.1723174,46.6750031,20,2021-08-25T06:00:37Z,2056
46723,10.1723174,46.6750031,20,2021-08-25T06:00:37Z,2056
46723,10.1723197,46.6750034,20,2021-08-25T06:00:37Z,2056
46723,10.171378,46.6743513,33,2021-08-25T10:00:37Z,2011
46723,10.171378,46.6743513,33,2021-08-25T10:00:37Z,2011
46723,10.171378,46.6743513,33,2021-08-25T10:00:37Z,2011
46723,10.1721212,46.6748199,27,2021-08-25T14:00:37Z,2037
46723,10.1721189,46.6748135,27,2021-08-25T14:00:37Z,2037
46723,10.1721189,46.6748135,27,2021-08-25T14:00:37Z,2037
46723,10.1741496,46.6792875,15,2021-08-25T18:01:36Z,1959
46723,10.174139,46.679289,15,2021-08-25T18:01:36Z,1959
46723,10.1741496,46.6792875,15,2021-08-25T18:01:36Z,1959
46723,10.1741496,46.6792875,16,2021-08-25T22:01:38Z,1959
46723,10.1741496,46.6792875,16,2021-08-25T22:01:38Z,1959
46723,10.1741496,46.6792875,16,2021-08-25T22:01:38Z,1959
46723,10.1761301,46.6768816,18,2021-08-26T02:01:06Z,2009
46723,10.1761195,46.6768892,18,2021-08-26T02:01:06Z,2009
46723,10.1761301,46.6768816,18,2021-08-26T02:01:06Z,2009
46723,10.1744422,46.6746479,19,2021-08-26T06:00:38Z,2100
46723,10.1744422,46.6746479,19,2021-08-26T06:00:38Z,2100
46723,10.1744293,46.6746429,19,2021-08-26T06:00:38Z,2100
46723,10.1758713,46.6775481,27,2021-08-26T10:00:59Z,1999
46723,10.1758713,46.6775481,27,2021-08-26T10:00:59Z,1999
46723,10.1758584,46.6775431,27,2021-08-26T10:00:59Z,1999
46723,10.1715731,46.6760559,20,2021-08-26T14:00:37Z,2018
46723,10.1715731,46.6760559,20,2021-08-26T14:00:37Z,2018
46723,10.1715731,46.6760559,20,2021-08-26T14:00:37Z,2018
46723,10.1679474,46.673545,20,2021-08-26T18:00:56Z,1813
46723,10.167958,46.6735435,20,2021-08-26T18:00:56Z,1813
46723,10.167958,46.6735435,20,2021-08-26T18:00:56Z,1813
46723,10.1696072,46.6753796,18,2021-08-26T22:02:44Z,1933
46723,10.1696072,46.6753734,18,2021-08-26T22:02:44Z,1933
46723,10.1696072,46.6753796,18,2021-08-26T22:02:44Z,1933
46723,10.169508,46.6753187,19,2021-08-27T02:00:37Z,1933
46723,10.1694951,46.6753199,19,2021-08-27T02:00:37Z,1933
46723,10.169508,46.6753187,19,2021-08-27T02:00:37Z,1933
46723,10.1739149,46.6754729,20,2021-08-27T06:00:55Z,2084
46723,10.1739149,46.6754729,20,2021-08-27T06:00:55Z,2084
46723,10.1739149,46.6754667,20,2021-08-27T06:00:55Z,2084
46723,10.1754386,46.6773597,23,2021-08-27T10:00:37Z,2006
46723,10.1754386,46.6773597,23,2021-08-27T10:00:37Z,2006
46723,10.1754258,46.6773608,23,2021-08-27T10:00:37Z,2006
46723,10.1766016,46.6764444,20,2021-08-27T14:00:37Z,2023
46723,10.1766145,46.6764494,20,2021-08-27T14:00:37Z,2023
46723,10.1766145,46.6764494,20,2021-08-27T14:00:37Z,2023
46723,10.1749025,46.67579,17,2021-08-27T18:01:00Z,2072
46723,10.1749025,46.67579,17,2021-08-27T18:01:00Z,2072
46723,10.1749048,46.6757964,17,2021-08-27T18:01:00Z,2072
46723,10.1722247,46.676343,17,2021-08-27T22:00:54Z,2043
46723,10.1722224,46.6763427,17,2021-08-27T22:00:54Z,2043
46723,10.1722224,46.6763427,17,2021-08-27T22:00:54Z,2043
46723,10.1733299,46.6772785,16,2021-08-28T02:00:37Z,2022
46723,10.1733299,46.6772847,16,2021-08-28T02:00:37Z,2022
46723,10.1733299,46.6772847,16,2021-08-28T02:00:37Z,2022
46723,10.1739766,46.6751944,19,2021-08-28T06:02:24Z,2084
46723,10.1739766,46.6751944,19,2021-08-28T06:02:24Z,2084
46723,10.1739789,46.6752008,19,2021-08-28T06:02:24Z,2084
46723,10.174058,46.6764522,20,2021-08-28T10:00:37Z,2061
46723,10.174058,46.6764522,20,2021-08-28T10:00:37Z,2061
46723,10.1740475,46.6764536,20,2021-08-28T10:00:37Z,2061
46723,10.1759356,46.6776658,18,2021-08-28T14:00:37Z,1984
46723,10.1759356,46.6776658,18,2021-08-28T14:00:37Z,1984
46723,10.175925,46.6776673,18,2021-08-28T14:00:37Z,1984
46723,10.1727314,46.6719303,17,2021-08-28T18:00:37Z,2016
46723,10.1727208,46.6719379,17,2021-08-28T18:00:37Z,2016
46723,10.1727314,46.6719303,17,2021-08-28T18:00:37Z,2016
46723,10.1736986,46.6754928,15,2021-08-28T22:01:08Z,2084
46723,10.1736881,46.6755004,15,2021-08-28T22:01:08Z,2084
46723,10.1736986,46.6754928,15,2021-08-28T22:01:08Z,2084
46723,10.175377,46.6751264,17,2021-08-29T02:00:37Z,2099
46723,10.175377,46.6751264,17,2021-08-29T02:00:37Z,2099
46723,10.175377,46.6751264,17,2021-08-29T02:00:37Z,2099
46723,10.1745553,46.6763026,20,2021-08-29T06:02:00Z,2061
46723,10.1745658,46.676295,20,2021-08-29T06:02:00Z,2061
46723,10.1745658,46.676295,20,2021-08-29T06:02:00Z,2061
46723,10.1768087,46.6747633,20,2021-08-29T10:00:37Z,2076
46723,10.1768087,46.6747633,20,2021-08-29T10:00:37Z,2076
46723,10.1767981,46.6747709,20,2021-08-29T10:00:37Z,2076
46723,10.1726633,46.6758692,17,2021-08-29T14:01:02Z,2061
46723,10.1726633,46.675863,17,2021-08-29T14:01:02Z,2061
46723,10.1726633,46.6758692,17,2021-08-29T14:01:02Z,2061
46723,10.1733207,46.6773021,19,2021-08-29T18:00:37Z,2022
46723,10.1733184,46.6773019,19,2021-08-29T18:00:37Z,2022
46723,10.1733184,46.6773019,19,2021-08-29T18:00:37Z,2022
46723,10.1733184,46.6773019,19,2021-08-29T22:01:39Z,2022
46723,10.1733184,46.6773019,19,2021-08-29T22:01:39Z,2022
46723,10.1733184,46.6773019,19,2021-08-29T22:01:39Z,2022
46723,10.1760483,46.6770115,19,2021-08-30T02:00:37Z,2018
46723,10.1760612,46.6770104,19,2021-08-30T02:00:37Z,2018
46723,10.1760612,46.6770104,19,2021-08-30T02:00:37Z,2018
46723,10.1761304,46.6743647,21,2021-08-30T06:00:37Z,2104
46723,10.1761175,46.6743659,21,2021-08-30T06:00:37Z,2104
46723,10.1761304,46.6743647,21,2021-08-30T06:00:37Z,2104
46723,10.1767928,46.6750277,21,2021-08-30T10:00:37Z,2076
46723,10.1768057,46.6750327,21,2021-08-30T10:00:37Z,2076
46723,10.1768057,46.6750327,21,2021-08-30T10:00:37Z,2076
46723,10.1746225,46.6757003,22,2021-08-30T14:00:37Z,2072
46723,10.1746225,46.6757003,22,2021-08-30T14:00:37Z,2072
46723,10.1746225,46.6757003,22,2021-08-30T14:00:37Z,2072
46723,10.174238,46.677553,19,2021-08-30T18:01:02Z,2019
46723,10.174238,46.677553,19,2021-08-30T18:01:02Z,2019
46723,10.174238,46.677553,19,2021-08-30T18:01:02Z,2019
46723,10.1733382,46.6773324,16,2021-08-30T22:01:36Z,2022
46723,10.1733382,46.6773324,16,2021-08-30T22:01:36Z,2022
46723,10.1733253,46.6773274,16,2021-08-30T22:01:36Z,2022
46723,10.1745154,46.6755926,14,2021-08-31T02:01:31Z,2088
46723,10.174517700000001,46.6755929,14,2021-08-31T02:01:31Z,2088
46723,10.1745154,46.6755926,14,2021-08-31T02:01:31Z,2088
46723,10.1745154,46.6755926,19,2021-08-31T06:01:38Z,2088
46723,10.1745154,46.6755926,19,2021-08-31T06:01:38Z,2088
46723,10.1745154,46.6755926,19,2021-08-31T06:01:38Z,2088
46723,10.1755372,46.6772212,25,2021-08-31T10:00:37Z,2006
46723,10.1755372,46.6772212,25,2021-08-31T10:00:37Z,2006
46723,10.1755267,46.6772226,25,2021-08-31T10:00:37Z,2006
46723,10.1733075,46.677037,19,2021-08-31T14:01:06Z,2042
46723,10.1733075,46.6770308,19,2021-08-31T14:01:06Z,2042
46723,10.1733075,46.677037,19,2021-08-31T14:01:06Z,2042
46723,10.1761222,46.6770139,19,2021-08-31T18:03:00Z,2009
46723,10.1761222,46.6770139,19,2021-08-31T18:03:00Z,2009
46723,10.1761116,46.6770153,19,2021-08-31T18:03:00Z,2009
46723,10.1761143,46.6770658,20,2021-08-31T22:00:37Z,2009
46723,10.1761143,46.6770658,20,2021-08-31T22:00:37Z,2009
46723,10.1761143,46.6770597,20,2021-08-31T22:00:37Z,2009
46723,10.1764107,46.676208,17,2021-09-01T02:00:37Z,2031
46723,10.1764107,46.676208,17,2021-09-01T02:00:37Z,2031
46723,10.176413,46.6762145,17,2021-09-01T02:00:37Z,2031
46723,10.1769682,46.6747086,19,2021-09-01T06:00:46Z,2076
46723,10.1769682,46.6747086,19,2021-09-01T06:00:46Z,2076
46723,10.1769577,46.67471,19,2021-09-01T06:00:46Z,2076
46723,10.1721285,46.6747414,27,2021-09-01T10:00:34Z,2037
46723,10.1721262,46.674735,27,2021-09-01T10:00:34Z,2037
46723,10.1721262,46.674735,27,2021-09-01T10:00:34Z,2037
46723,10.1721143,46.6747698,23,2021-09-01T14:00:37Z,2037
46723,10.1721143,46.6747698,23,2021-09-01T14:00:37Z,2037
46723,10.1721166,46.67477,23,2021-09-01T14:00:37Z,2037
46723,10.1734289,46.6757957,17,2021-09-01T18:00:37Z,2069
46723,10.1734289,46.6757957,17,2021-09-01T18:00:37Z,2069
46723,10.1734183,46.6757971,17,2021-09-01T18:00:37Z,2069
46723,10.172896100000001,46.6759014,18,2021-09-01T22:00:37Z,2061
46723,10.1728855,46.6759029,18,2021-09-01T22:00:37Z,2061
46723,10.172896100000001,46.6759014,18,2021-09-01T22:00:37Z,2061
46723,10.1741299,46.6755542,18,2021-09-02T02:00:37Z,2088
46723,10.1741299,46.675548,18,2021-09-02T02:00:37Z,2088
46723,10.1741299,46.6755542,18,2021-09-02T02:00:37Z,2088
46723,10.1741299,46.6755542,23,2021-09-02T06:01:38Z,2088
46723,10.1741299,46.6755542,23,2021-09-02T06:01:38Z,2088
46723,10.1741299,46.6755542,23,2021-09-02T06:01:38Z,2088
46723,10.1720744,46.6747819,30,2021-09-02T10:00:37Z,2037
46723,10.1720744,46.6747819,30,2021-09-02T10:00:37Z,2037
46723,10.1720744,46.6747757,30,2021-09-02T10:00:37Z,2037
46723,10.1786217,46.6736191,21,2021-09-02T14:01:32Z,2083
46723,10.1786217,46.6736191,21,2021-09-02T14:01:32Z,2083
46723,10.1786241,46.6736194,21,2021-09-02T14:01:32Z,2083
46723,10.1754772,46.6758998,20,2021-09-02T18:00:37Z,2067
46723,10.1754772,46.6758998,20,2021-09-02T18:00:37Z,2067
46723,10.1754772,46.6758998,20,2021-09-02T18:00:37Z,2067
46723,10.177486,46.6760725,18,2021-09-02T22:00:37Z,2031
46723,10.1774837,46.6760722,18,2021-09-02T22:00:37Z,2031
46723,10.1774837,46.6760722,18,2021-09-02T22:00:37Z,2031
46723,10.1767302,46.6756922,19,2021-09-03T02:01:54Z,2042
46723,10.1767408,46.6756846,19,2021-09-03T02:01:54Z,2042
46723,10.1767408,46.6756846,19,2021-09-03T02:01:54Z,2042
46723,10.1728248,46.675783,20,2021-09-03T06:00:37Z,2061
46723,10.1728377,46.675788,20,2021-09-03T06:00:37Z,2061
46723,10.1728377,46.675788,20,2021-09-03T06:00:37Z,2061
46723,10.1720625,46.6748167,26,2021-09-03T10:00:37Z,2037
46723,10.1720731,46.6748152,26,2021-09-03T10:00:37Z,2037
46723,10.1720731,46.6748152,26,2021-09-03T10:00:37Z,2037
46723,10.1765654,46.6764481,23,2021-09-03T14:01:30Z,2023
46723,10.1765654,46.6764481,23,2021-09-03T14:01:30Z,2023
46723,10.1765548,46.6764495,23,2021-09-03T14:01:30Z,2031
46723,10.1712141,46.6760046,20,2021-09-03T18:00:37Z,2018
46723,10.1712164,46.676011,20,2021-09-03T18:00:37Z,2018
46723,10.1712141,46.6760046,20,2021-09-03T18:00:37Z,2018
46723,10.1761868,46.676972,20,2021-09-03T22:01:00Z,2009
46723,10.1761868,46.676972,20,2021-09-03T22:01:00Z,2009
46723,10.1761868,46.6769658,20,2021-09-03T22:01:00Z,2009
46723,10.1764265,46.6762522,17,2021-09-04T02:00:37Z,2031
46723,10.1764288,46.6762586,17,2021-09-04T02:00:37Z,2031
46723,10.1764265,46.6762522,17,2021-09-04T02:00:37Z,2031
46723,10.1725281,46.6757451,21,2021-09-04T06:02:00Z,2049
46723,10.1725281,46.6757451,21,2021-09-04T06:02:00Z,2049
46723,10.1725281,46.6757451,21,2021-09-04T06:02:00Z,2049
46723,10.1721845,46.6752125,22,2021-09-04T10:00:37Z,2054
46723,10.1721845,46.6752125,22,2021-09-04T10:00:37Z,2054
46723,10.172174,46.6752139,22,2021-09-04T10:00:37Z,2054
46723,10.1773088,46.6736716,21,2021-09-04T14:01:08Z,2121
46723,10.1773111,46.6736719,21,2021-09-04T14:01:08Z,2121
46723,10.1773088,46.6736716,21,2021-09-04T14:01:08Z,2121
46723,10.1725347,46.6751093,18,2021-09-04T18:00:37Z,2056
46723,10.1725476,46.6751144,18,2021-09-04T18:00:37Z,2056
46723,10.1725476,46.6751144,18,2021-09-04T18:00:37Z,2056
46723,10.1780195,46.6758451,15,2021-09-04T22:02:06Z,2021
46723,10.1780323,46.6758439,15,2021-09-04T22:02:06Z,2021
46723,10.1780323,46.6758439,15,2021-09-04T22:02:06Z,2021
46723,10.1778163,46.6749822,16,2021-09-05T02:00:37Z,2049
46723,10.1778292,46.6749811,16,2021-09-05T02:00:37Z,2049
46723,10.1778292,46.6749811,16,2021-09-05T02:00:37Z,2049
46723,10.1721555,46.6756314,19,2021-09-05T06:00:54Z,2036
46723,10.1721555,46.6756314,19,2021-09-05T06:00:54Z,2036
46723,10.1721449,46.675639,19,2021-09-05T06:00:54Z,2036
46723,10.1719739,46.6746988,27,2021-09-05T10:00:37Z,2037
46723,10.171961,46.6746938,27,2021-09-05T10:00:37Z,2037
46723,10.1719739,46.6746988,27,2021-09-05T10:00:37Z,2037
46723,10.1735736,46.6774399,21,2021-09-05T14:01:08Z,2022
46723,10.1735607,46.677441,21,2021-09-05T14:01:08Z,2022
46723,10.1735736,46.6774399,21,2021-09-05T14:01:08Z,2022
46723,10.1720553,46.6748705,18,2021-09-05T18:00:38Z,2037
46723,10.1720681,46.6748755,18,2021-09-05T18:00:38Z,2037
46723,10.1720681,46.6748755,18,2021-09-05T18:00:38Z,2037
46723,10.167576,46.6748666,16,2021-09-05T22:00:55Z,1856
46723,10.1675866,46.674859,16,2021-09-05T22:00:55Z,1856
46723,10.1675866,46.674859,16,2021-09-05T22:00:55Z,1856
46723,10.1697896,46.6748823,18,2021-09-06T02:00:37Z,1941
46723,10.1697896,46.6748823,18,2021-09-06T02:00:37Z,1941
46723,10.1697768,46.6748835,18,2021-09-06T02:00:37Z,1941
46723,10.1742269,46.6751519,19,2021-09-06T06:01:06Z,2096
46723,10.1742269,46.6751519,19,2021-09-06T06:01:06Z,2096
46723,10.1742269,46.6751519,19,2021-09-06T06:01:06Z,2096
46723,10.1721479,46.6748451,30,2021-09-06T10:00:37Z,2037
46723,10.1721351,46.6748462,30,2021-09-06T10:00:37Z,2037
46723,10.1721479,46.6748451,30,2021-09-06T10:00:37Z,2037
46723,10.1766886,46.6750641,22,2021-09-06T14:01:00Z,2076
46723,10.1766781,46.6750656,22,2021-09-06T14:01:00Z,2076
46723,10.1766886,46.6750641,22,2021-09-06T14:01:00Z,2076
46723,10.1753977,46.6751597,19,2021-09-06T18:00:37Z,2085
46723,10.1754001,46.6751661,19,2021-09-06T18:00:37Z,2085
46723,10.1753977,46.6751597,19,2021-09-06T18:00:37Z,2085
46723,10.1759939,46.6768598,17,2021-09-06T22:01:36Z,2018
46723,10.1759811,46.6768609,17,2021-09-06T22:01:36Z,2018
46723,10.1759939,46.6768598,17,2021-09-06T22:01:36Z,2018
46723,10.1763075,46.6763521,19,2021-09-07T02:01:06Z,2031
46723,10.1763075,46.6763583,19,2021-09-07T02:01:06Z,2031
46723,10.1763075,46.6763583,19,2021-09-07T02:01:06Z,2031
46723,10.1721855,46.6747524,20,2021-09-07T06:00:37Z,2056
46723,10.1721727,46.6747536,20,2021-09-07T06:00:37Z,2056
46723,10.1721855,46.6747524,20,2021-09-07T06:00:37Z,2056
46723,10.1739057,46.677027,27,2021-09-07T10:01:36Z,2043
46723,10.1739057,46.6770208,27,2021-09-07T10:01:36Z,2043
46723,10.1739057,46.677027,27,2021-09-07T10:01:36Z,2043
46723,10.1721237,46.6767712,24,2021-09-07T14:00:37Z,2025
46723,10.1721132,46.6767727,24,2021-09-07T14:00:37Z,2025
46723,10.1721237,46.6767712,24,2021-09-07T14:00:37Z,2025
46723,10.172747,46.6760226,19,2021-09-07T18:00:37Z,2061
46723,10.1727447,46.6760223,19,2021-09-07T18:00:37Z,2061
46723,10.1727447,46.6760223,19,2021-09-07T18:00:37Z,2061
46723,10.1762455,46.6775307,19,2021-09-07T22:01:24Z,1994
46723,10.1762455,46.6775307,19,2021-09-07T22:01:24Z,1994
46723,10.1762455,46.6775245,19,2021-09-07T22:01:24Z,1994
46723,10.1765297,46.6762562,20,2021-09-08T02:02:08Z,2031
46723,10.1765403,46.6762486,20,2021-09-08T02:02:08Z,2031
46723,10.1765403,46.6762486,20,2021-09-08T02:02:08Z,2031
46723,10.1724681,46.6748434,23,2021-09-08T06:00:37Z,2056
46723,10.1724576,46.6748448,23,2021-09-08T06:00:37Z,2056
46723,10.1724681,46.6748434,23,2021-09-08T06:00:37Z,2056
46723,10.1737237,46.6761798,27,2021-09-08T10:01:54Z,2061
46723,10.1737365,46.6761848,27,2021-09-08T10:01:54Z,2061
46723,10.1737365,46.6761848,27,2021-09-08T10:01:54Z,2061
46723,10.1735904,46.6770424,21,2021-09-08T14:01:06Z,2042
46723,10.1735881,46.677036,21,2021-09-08T14:01:06Z,2042
46723,10.1735881,46.677036,21,2021-09-08T14:01:06Z,2042
46723,10.1726019,46.6760869,21,2021-09-08T18:00:37Z,2049
46723,10.1726019,46.6760931,21,2021-09-08T18:00:37Z,2049
46723,10.1726019,46.6760931,21,2021-09-08T18:00:37Z,2049
46723,10.1766969,46.6770187,17,2021-09-08T22:01:24Z,2005
46723,10.1766969,46.6770187,17,2021-09-08T22:01:24Z,2005
46723,10.1766841,46.6770199,17,2021-09-08T22:01:24Z,2005
46723,10.1763662,46.6761764,18,2021-09-09T02:00:37Z,2031
46723,10.1763662,46.6761703,18,2021-09-09T02:00:37Z,2031
46723,10.1763662,46.6761764,18,2021-09-09T02:00:37Z,2031
46723,10.1752062,46.6743538,20,2021-09-09T06:00:37Z,2111
46723,10.1752039,46.6743473,20,2021-09-09T06:00:37Z,2111
46723,10.1752039,46.6743473,20,2021-09-09T06:00:37Z,2111
46723,10.1721572,46.6747968,31,2021-09-09T10:00:37Z,2037
46723,10.1721572,46.6747968,31,2021-09-09T10:00:37Z,2037
46723,10.1721443,46.6747979,31,2021-09-09T10:00:37Z,2037
46723,10.1777678,46.6740633,21,2021-09-09T14:01:36Z,2088
46723,10.1777701,46.6740635,21,2021-09-09T14:01:36Z,2088
46723,10.1777678,46.6740633,21,2021-09-09T14:01:36Z,2088
46723,10.1770903,46.6763757,19,2021-09-09T18:00:37Z,2015
46723,10.1770903,46.6763819,19,2021-09-09T18:00:37Z,2015
46723,10.1770903,46.6763819,19,2021-09-09T18:00:37Z,2015
46723,10.1770145,46.6774602,15,2021-09-09T22:01:06Z,1994
46723,10.1770122,46.6774538,15,2021-09-09T22:01:06Z,1994
46723,10.1770122,46.6774538,15,2021-09-09T22:01:06Z,1994
46723,10.1762844,46.6763001,15,2021-09-10T02:00:37Z,2031
46723,10.1762973,46.6762989,15,2021-09-10T02:00:37Z,2031
46723,10.1762973,46.6762989,15,2021-09-10T02:00:37Z,2031
46723,10.1748009,46.6750377,21,2021-09-10T06:01:00Z,2099
46723,10.1747881,46.6750388,21,2021-09-10T06:01:00Z,2099
46723,10.1748009,46.6750377,21,2021-09-10T06:01:00Z,2099
46723,10.171378,46.6743636,32,2021-09-10T10:00:37Z,2011
46723,10.1713886,46.674356,32,2021-09-10T10:00:37Z,2011
46723,10.1713886,46.674356,32,2021-09-10T10:00:37Z,2011
46723,10.1769244,46.6755366,21,2021-09-10T14:02:06Z,2059
46723,10.1769244,46.6755366,21,2021-09-10T14:02:06Z,2059
46723,10.1769267,46.6755369,21,2021-09-10T14:02:06Z,2059
46723,10.173485,46.6755632,20,2021-09-10T18:00:37Z,2077
46723,10.1734827,46.6755629,20,2021-09-10T18:00:37Z,2077
46723,10.1734827,46.6755629,20,2021-09-10T18:00:37Z,2077
46723,10.1780934,46.6761313,18,2021-09-10T22:01:06Z,2013
46723,10.1780934,46.6761252,18,2021-09-10T22:01:06Z,2013
46723,10.1780934,46.6761313,18,2021-09-10T22:01:06Z,2013
46723,10.1775124,46.6765657,20,2021-09-11T02:00:54Z,2015
46723,10.1775252,46.6765645,20,2021-09-11T02:00:54Z,2015
46723,10.1775252,46.6765645,20,2021-09-11T02:00:54Z,2015
46723,10.175191,46.6746817,21,2021-09-11T06:00:37Z,2099
46723,10.1752039,46.6746806,21,2021-09-11T06:00:37Z,2099
46723,10.1752039,46.6746806,21,2021-09-11T06:00:37Z,2099
46723,10.1721341,46.6747756,26,2021-09-11T10:00:37Z,2037
46723,10.1721212,46.6747706,26,2021-09-11T10:00:37Z,2037
46723,10.1721341,46.6747756,26,2021-09-11T10:00:37Z,2037
46723,10.1712604,46.6735724,23,2021-09-11T14:00:37Z,1993
46723,10.1712627,46.6735727,23,2021-09-11T14:00:37Z,1993
46723,10.1712604,46.6735724,23,2021-09-11T14:00:37Z,1993
46723,10.1726929,46.6761186,18,2021-09-11T18:00:37Z,2061
46723,10.1726906,46.6761122,18,2021-09-11T18:00:37Z,2061
46723,10.1726906,46.6761122,18,2021-09-11T18:00:37Z,2061
46723,10.1780367,46.6763866,19,2021-09-11T22:00:37Z,2005
46723,10.1780367,46.6763866,19,2021-09-11T22:00:37Z,2005
46723,10.1780367,46.6763866,19,2021-09-11T22:00:37Z,2005
46723,10.1776519,46.6765474,22,2021-09-12T02:00:54Z,2009
46723,10.1776519,46.6765474,22,2021-09-12T02:00:54Z,2009
46723,10.177639,46.6765486,22,2021-09-12T02:00:54Z,2009
46723,10.1765778,46.6743724,20,2021-09-12T06:02:00Z,2094
46723,10.1765778,46.6743663,20,2021-09-12T06:02:00Z,2094
46723,10.1765778,46.6743724,20,2021-09-12T06:02:00Z,2094
46723,10.1722818,46.6745212,28,2021-09-12T10:00:37Z,2055
46723,10.172269,46.6745162,28,2021-09-12T10:00:37Z,2055
46723,10.1722818,46.6745212,28,2021-09-12T10:00:37Z,2055
46723,10.1734869,46.6760378,23,2021-09-12T14:01:06Z,2069
46723,10.1734764,46.6760454,23,2021-09-12T14:01:06Z,2069
46723,10.1734869,46.6760378,23,2021-09-12T14:01:06Z,2069
46723,10.1723989,46.6751994,22,2021-09-12T18:00:37Z,2054
46723,10.1723989,46.6751994,22,2021-09-12T18:00:37Z,2054
46723,10.1723989,46.6751994,22,2021-09-12T18:00:37Z,2054
46723,10.1786018,46.6763586,19,2021-09-12T22:00:56Z,2004
46723,10.1785995,46.6763583,19,2021-09-12T22:00:56Z,2004
46723,10.1785995,46.6763583,19,2021-09-12T22:00:56Z,2004
46723,10.1776812,46.6765552,19,2021-09-13T02:01:00Z,2009
46723,10.1776941,46.6765603,19,2021-09-13T02:01:00Z,2009
46723,10.1776941,46.6765603,19,2021-09-13T02:01:00Z,2009
46723,10.1730853,46.6762813,19,2021-09-13T06:01:30Z,2052
46723,10.1730853,46.6762813,19,2021-09-13T06:01:30Z,2052
46723,10.1730853,46.6762751,19,2021-09-13T06:01:30Z,2052
46723,10.1721516,46.6747688,27,2021-09-13T10:00:37Z,2037
46723,10.1721644,46.6747738,27,2021-09-13T10:00:37Z,2056
46723,10.1721644,46.6747738,27,2021-09-13T10:00:37Z,2056
46723,10.17784,46.6748325,21,2021-09-13T14:01:36Z,2049
46723,10.17784,46.6748325,21,2021-09-13T14:01:36Z,2049
46723,10.17784,46.6748263,21,2021-09-13T14:01:36Z,2049
46723,10.1771721,46.676357,18,2021-09-13T18:01:00Z,2015
46723,10.1771721,46.676357,18,2021-09-13T18:01:00Z,2015
46723,10.1771721,46.676357,18,2021-09-13T18:01:00Z,2015
46723,10.1774609,46.676632,18,2021-09-13T22:00:37Z,2002
46723,10.1774586,46.6766256,18,2021-09-13T22:00:37Z,2002
46723,10.1774586,46.6766256,18,2021-09-13T22:00:37Z,2002
46723,10.177609,46.6763909,16,2021-09-14T02:00:37Z,2009
46723,10.1776113,46.6763973,16,2021-09-14T02:00:37Z,2009
46723,10.177609,46.6763909,16,2021-09-14T02:00:37Z,2009
46723,10.1723708,46.6751274,21,2021-09-14T06:00:37Z,2056
46723,10.1723731,46.6751277,21,2021-09-14T06:00:37Z,2056
46723,10.1723708,46.6751274,21,2021-09-14T06:00:37Z,2056
46723,10.1721245,46.6747983,26,2021-09-14T10:00:37Z,2037
46723,10.172114,46.6747997,26,2021-09-14T10:00:37Z,2037
46723,10.1721245,46.6747983,26,2021-09-14T10:00:37Z,2037
46723,10.1767022,46.6771754,24,2021-09-14T14:01:00Z,1994
46723,10.1767045,46.6771757,24,2021-09-14T14:01:00Z,1994
46723,10.1767022,46.6771754,24,2021-09-14T14:01:00Z,1994
46723,10.1744174,46.6778806,20,2021-09-14T18:00:37Z,1993
46723,10.1744279,46.677873,20,2021-09-14T18:00:37Z,1993
46723,10.1744279,46.677873,20,2021-09-14T18:00:37Z,1993
46723,10.1769159,46.6777097,17,2021-09-14T22:00:37Z,1993
46723,10.1769159,46.6777097,17,2021-09-14T22:00:37Z,1993
46723,10.1769182,46.67771,17,2021-09-14T22:00:37Z,1993
46723,10.1769182,46.67771,20,2021-09-15T02:01:38Z,1993
46723,10.1769182,46.67771,20,2021-09-15T02:01:38Z,1993
46723,10.1769182,46.67771,20,2021-09-15T02:01:38Z,1993
46723,10.1761831,46.6742712,22,2021-09-15T06:01:24Z,2104
46723,10.1761855,46.6742715,22,2021-09-15T06:01:24Z,2104
46723,10.1761831,46.6742712,22,2021-09-15T06:01:24Z,2104
46723,10.1737942,46.6760187,24,2021-09-15T10:01:08Z,2074
46723,10.1738071,46.6760175,24,2021-09-15T10:01:08Z,2074
46723,10.1738071,46.6760175,24,2021-09-15T10:01:08Z,2074
46723,10.1734269,46.6761296,21,2021-09-15T14:01:00Z,2069
46723,10.1734246,46.6761293,21,2021-09-15T14:01:00Z,2069
46723,10.1734246,46.6761293,21,2021-09-15T14:01:00Z,2069
46723,10.173403800000001,46.6773735,22,2021-09-15T18:01:06Z,2022
46723,10.173403800000001,46.6773735,22,2021-09-15T18:01:06Z,2022
46723,10.1733932,46.6773811,22,2021-09-15T18:01:06Z,2022
46723,10.1778587,46.6779017,19,2021-09-15T22:00:37Z,2010
46723,10.1778481,46.6779093,19,2021-09-15T22:00:37Z,2010
46723,10.1778587,46.6779017,19,2021-09-15T22:00:37Z,2010
46723,10.176198,46.6771082,21,2021-09-16T02:02:59Z,2009
46723,10.1761957,46.6771079,21,2021-09-16T02:02:59Z,2009
46723,10.1761957,46.6771079,21,2021-09-16T02:02:59Z,2009
46723,10.1723748,46.675027300000004,21,2021-09-16T06:00:37Z,2056
46723,10.1723748,46.675027300000004,21,2021-09-16T06:00:37Z,2056
46723,10.1723619,46.6750223,21,2021-09-16T06:00:37Z,2056
46723,10.1748487,46.6757882,23,2021-09-16T10:00:37Z,2072
46723,10.1748616,46.675787,23,2021-09-16T10:00:37Z,2072
46723,10.1748616,46.675787,23,2021-09-16T10:00:37Z,2072
46723,10.1773013,46.6745638,22,2021-09-16T14:01:06Z,2081
46723,10.1773013,46.6745576,22,2021-09-16T14:01:06Z,2081
46723,10.1773013,46.6745638,22,2021-09-16T14:01:06Z,2081
46723,10.1788354,46.6741781,20,2021-09-16T18:01:02Z,2042
46723,10.1788378,46.6741784,20,2021-09-16T18:01:02Z,2042
46723,10.1788354,46.6741781,20,2021-09-16T18:01:02Z,2042
46723,10.1786681,46.6765928,17,2021-09-16T22:01:00Z,2004
46723,10.1786553,46.676594,17,2021-09-16T22:01:00Z,2004
46723,10.1786681,46.6765928,17,2021-09-16T22:01:00Z,2004
46723,10.1759257,46.6763669,20,2021-09-17T02:01:06Z,2039
46723,10.1759151,46.6763684,20,2021-09-17T02:01:06Z,2039
46723,10.1759257,46.6763669,20,2021-09-17T02:01:06Z,2039
46723,10.177808,46.6739965,22,2021-09-17T06:01:06Z,2088
46723,10.177808,46.6739965,22,2021-09-17T06:01:06Z,2088
46723,10.1778103,46.674003,22,2021-09-17T06:01:06Z,2088
46723,10.1771904,46.6738783,22,2021-09-17T10:00:37Z,2101
46723,10.1771904,46.6738783,22,2021-09-17T10:00:37Z,2101
46723,10.1771799,46.6738859,22,2021-09-17T10:00:37Z,2101
46723,10.1789347,46.6736033,19,2021-09-17T14:00:37Z,2083
46723,10.1789347,46.6736033,19,2021-09-17T14:00:37Z,2083
46723,10.1789347,46.6735972,19,2021-09-17T14:00:37Z,2083
46723,10.1769979,46.6752172,17,2021-09-17T18:00:37Z,2059
46723,10.1770108,46.675216,17,2021-09-17T18:00:37Z,2059
46723,10.1770108,46.675216,17,2021-09-17T18:00:37Z,2059
46723,10.1780733,46.6770256,15,2021-09-17T22:00:37Z,2002
46723,10.1780733,46.6770256,15,2021-09-17T22:00:37Z,2002
46723,10.1780604,46.6770206,15,2021-09-17T22:00:37Z,2002
46723,10.1771872,46.6759982,17,2021-09-18T02:00:37Z,2031
46723,10.1771872,46.6759982,17,2021-09-18T02:00:37Z,2031
46723,10.1771872,46.675992,17,2021-09-18T02:00:37Z,2031
46723,10.1743621,46.6745046,17,2021-09-18T06:01:06Z,2100
46723,10.1743726,46.674497,17,2021-09-18T06:01:06Z,2100
46723,10.1743726,46.674497,17,2021-09-18T06:01:06Z,2100
46723,10.1778282,46.6749413,23,2021-09-18T10:00:37Z,2049
46723,10.1778259,46.674941,23,2021-09-18T10:00:37Z,2049
46723,10.1778259,46.674941,23,2021-09-18T10:00:37Z,2049
46723,10.1733465,46.6747758,21,2021-09-18T14:01:00Z,2081
46723,10.1733465,46.6747758,21,2021-09-18T14:01:00Z,2081
46723,10.1733465,46.6747696,21,2021-09-18T14:01:00Z,2081
46723,10.1734214,46.674830300000004,16,2021-09-18T18:00:37Z,2081
46723,10.1734214,46.674830300000004,16,2021-09-18T18:00:37Z,2081
46723,10.1734237,46.6748367,16,2021-09-18T18:00:37Z,2081
46723,10.1789745,46.6770647,14,2021-09-18T22:01:31Z,2006
46723,10.1789873,46.6770697,14,2021-09-18T22:01:31Z,2006
46723,10.1789873,46.6770697,14,2021-09-18T22:01:31Z,2006
46723,10.1772816,46.6796245,19,2021-09-19T02:00:37Z,2044
46723,10.1772945,46.6796295,19,2021-09-19T02:00:37Z,2044
46723,10.1772945,46.6796295,19,2021-09-19T02:00:37Z,2044
46723,10.1737424,46.6773431,21,2021-09-19T06:01:06Z,2021
46723,10.1737296,46.6773442,21,2021-09-19T06:01:06Z,2021
46723,10.1737424,46.6773431,21,2021-09-19T06:01:06Z,2021
46723,10.1750819,46.6753091,19,2021-09-19T10:00:37Z,2088
46723,10.1750842,46.6753094,19,2021-09-19T10:00:37Z,2088
46723,10.1750819,46.6753091,19,2021-09-19T10:00:37Z,2088
46723,10.1768476,46.6746497,16,2021-09-19T14:00:37Z,2094
46723,10.1768452,46.6746494,16,2021-09-19T14:00:37Z,2094
46723,10.1768452,46.6746494,16,2021-09-19T14:00:37Z,2094
46723,10.1745573,46.6754564,16,2021-09-19T18:00:37Z,2088
46723,10.1745467,46.675464,16,2021-09-19T18:00:37Z,2088
46723,10.1745573,46.6754564,16,2021-09-19T18:00:37Z,2088
46723,10.1779814,46.6792559,13,2021-09-19T22:01:02Z,2047
46723,10.1779814,46.679262,13,2021-09-19T22:01:02Z,2047
46723,10.1779814,46.679262,13,2021-09-19T22:01:02Z,2047
46723,10.1764051,46.6793087,16,2021-09-20T02:00:54Z,2017
46723,10.1763946,46.6793101,16,2021-09-20T02:00:54Z,2017
46723,10.1764051,46.6793087,16,2021-09-20T02:00:54Z,2017
46723,10.1758202,46.679695100000004,19,2021-09-20T06:01:06Z,2009
46723,10.1758178,46.6796948,19,2021-09-20T06:01:06Z,2009
46723,10.1758178,46.6796948,19,2021-09-20T06:01:06Z,2009
46723,10.1721166,46.6747947,23,2021-09-20T10:00:37Z,2037
46723,10.1721166,46.6747947,23,2021-09-20T10:00:37Z,2037
46723,10.1721166,46.6747947,23,2021-09-20T10:00:37Z,2037
46723,10.1766369,46.6771167,19,2021-09-20T14:01:06Z,1994
46723,10.1766392,46.677117,19,2021-09-20T14:01:06Z,1994
46723,10.1766369,46.6771167,19,2021-09-20T14:01:06Z,1994
46723,10.1765934,46.679908,17,2021-09-20T18:01:00Z,2035
46723,10.1765934,46.679908,17,2021-09-20T18:01:00Z,2035
46723,10.1765958,46.6799083,17,2021-09-20T18:01:00Z,2035
46723,10.1765958,46.6799083,17,2021-09-20T22:01:38Z,2035
46723,10.1765958,46.6799083,17,2021-09-20T22:01:38Z,2035
46723,10.1765958,46.6799083,17,2021-09-20T22:01:38Z,2035
46723,10.1765958,46.6799083,17,2021-09-21T02:01:38Z,2035
46723,10.1765958,46.6799083,17,2021-09-21T02:01:38Z,2035
46723,10.1765958,46.6799083,17,2021-09-21T02:01:38Z,2035
46723,10.1762963,46.6795668,18,2021-09-21T06:00:37Z,2024
46723,10.1762858,46.6795744,18,2021-09-21T06:00:37Z,2024
46723,10.1762963,46.6795668,18,2021-09-21T06:00:37Z,2024
46723,10.1768533,46.6797687,22,2021-09-21T10:00:38Z,2035
46723,10.1768533,46.6797687,22,2021-09-21T10:00:38Z,2035
46723,10.1768404,46.6797637,22,2021-09-21T10:00:38Z,2035
46723,10.1766736,46.6796934,21,2021-09-21T14:01:36Z,2035
46723,10.1766736,46.6796934,21,2021-09-21T14:01:36Z,2035
46723,10.1766736,46.6796934,21,2021-09-21T14:01:36Z,2035
46723,10.1762822,46.6795705,17,2021-09-21T18:00:37Z,2024
46723,10.1762822,46.6795705,17,2021-09-21T18:00:37Z,2024
46723,10.1762693,46.6795655,17,2021-09-21T18:00:37Z,2024
46723,10.176938,46.6795547,16,2021-09-21T22:01:00Z,2030
46723,10.1769509,46.6795597,16,2021-09-21T22:01:00Z,2030
46723,10.1769509,46.6795597,16,2021-09-21T22:01:00Z,2030
46723,10.1762976,46.6795335,18,2021-09-22T02:00:37Z,2017
46723,10.1763105,46.6795385,18,2021-09-22T02:00:37Z,2017
46723,10.1763105,46.6795385,18,2021-09-22T02:00:37Z,2017
46723,10.1757826,46.6807381,15,2021-09-22T06:01:02Z,2010
46723,10.1757826,46.6807381,15,2021-09-22T06:01:02Z,2010
46723,10.1757826,46.6807381,15,2021-09-22T06:01:02Z,2010
46723,10.1764315,46.6802155,24,2021-09-22T10:00:37Z,2021
46723,10.1764315,46.6802216,24,2021-09-22T10:00:37Z,2021
46723,10.1764315,46.6802216,24,2021-09-22T10:00:37Z,2021
46723,10.1764315,46.6802216,22,2021-09-22T14:01:39Z,2021
46723,10.1764315,46.6802216,22,2021-09-22T14:01:39Z,2021
46723,10.1764315,46.6802216,22,2021-09-22T14:01:39Z,2021
46723,10.1763009,46.6795982,16,2021-09-22T18:00:37Z,2024
46723,10.1762904,46.6795996,16,2021-09-22T18:00:37Z,2024
46723,10.1763009,46.6795982,16,2021-09-22T18:00:37Z,2024
46723,10.1771695,46.6795709,15,2021-09-22T22:00:37Z,2044
46723,10.1771695,46.6795709,15,2021-09-22T22:00:37Z,2044
46723,10.1771695,46.6795709,15,2021-09-22T22:00:37Z,2044
46723,10.1763181,46.6796029,10,2021-09-23T02:00:37Z,2024
46723,10.1763286,46.6795953,10,2021-09-23T02:00:37Z,2024
46723,10.1763286,46.6795953,10,2021-09-23T02:00:37Z,2024
46723,10.1770548,46.6806702,14,2021-09-23T06:00:37Z,2036
46723,10.1770548,46.6806764,14,2021-09-23T06:00:37Z,2036
46723,10.1770548,46.6806764,14,2021-09-23T06:00:37Z,2036
46723,10.1775758,46.6808892,23,2021-09-23T10:01:07Z,2046
46723,10.1775864,46.6808816,23,2021-09-23T10:01:07Z,2046
46723,10.1775864,46.6808816,23,2021-09-23T10:01:07Z,2046
46723,10.1775019,46.6792762,23,2021-09-23T14:00:37Z,2040
46723,10.1775019,46.6792762,23,2021-09-23T14:00:37Z,2040
46723,10.1775019,46.6792762,23,2021-09-23T14:00:37Z,2040
46723,10.1771491,46.6792794,15,2021-09-23T18:00:37Z,2040
46723,10.1771491,46.6792794,15,2021-09-23T18:00:37Z,2040
46723,10.1771491,46.6792794,15,2021-09-23T18:00:37Z,2040
46723,10.1768378,46.6799601,15,2021-09-23T22:01:06Z,2035
46723,10.1768378,46.6799601,15,2021-09-23T22:01:06Z,2035
46723,10.1768272,46.6799615,15,2021-09-23T22:01:06Z,2035
46723,10.1763029,46.6802023,14,2021-09-24T02:00:37Z,2021
46723,10.1763158,46.6802074,14,2021-09-24T02:00:37Z,2021
46723,10.1763158,46.6802074,14,2021-09-24T02:00:37Z,2021
46723,10.1755821,46.6800986,15,2021-09-24T06:00:37Z,1997
46723,10.1755715,46.6801,15,2021-09-24T06:00:37Z,1997
46723,10.1755821,46.6800986,15,2021-09-24T06:00:37Z,1997
46723,10.176633,46.6800554,24,2021-09-24T10:00:37Z,2032
46723,10.176633,46.6800554,24,2021-09-24T10:00:37Z,2032
46723,10.1766353,46.6800557,24,2021-09-24T10:00:37Z,2032
46723,10.1771735,46.6797301,24,2021-09-24T14:01:06Z,2044
46723,10.1771735,46.6797363,24,2021-09-24T14:01:06Z,2044
46723,10.1771735,46.6797363,24,2021-09-24T14:01:06Z,2044
46723,10.1762845,46.6795399,18,2021-09-24T18:00:37Z,2017
46723,10.1762845,46.6795399,18,2021-09-24T18:00:37Z,2017
46723,10.1762739,46.6795413,18,2021-09-24T18:00:37Z,2017
46723,10.1770587,46.679916,17,2021-09-24T22:00:37Z,2044
46723,10.1770587,46.679916,17,2021-09-24T22:00:37Z,2044
46723,10.1770587,46.679916,17,2021-09-24T22:00:37Z,2044
46723,10.177065,46.6794089,16,2021-09-25T02:00:55Z,2040
46723,10.1770673,46.6794092,16,2021-09-25T02:00:55Z,2040
46723,10.177065,46.6794089,16,2021-09-25T02:00:55Z,2040
46723,10.1758808,46.6796669,17,2021-09-25T06:00:37Z,2009
46723,10.1758914,46.6796654,17,2021-09-25T06:00:37Z,2009
46723,10.1758914,46.6796654,17,2021-09-25T06:00:37Z,2009
46723,10.1761981,46.6813354,24,2021-09-25T10:00:37Z,2019
46723,10.1761981,46.6813354,24,2021-09-25T10:00:37Z,2019
46723,10.1761875,46.6813369,24,2021-09-25T10:00:37Z,2019
46723,10.1764342,46.6796119,25,2021-09-25T14:01:06Z,2024
46723,10.1764342,46.6796119,25,2021-09-25T14:01:06Z,2024
46723,10.1764236,46.6796133,25,2021-09-25T14:01:06Z,2024
46723,10.1754667,46.6799186,20,2021-09-25T18:00:37Z,1993
46723,10.1754772,46.6799172,20,2021-09-25T18:00:37Z,1993
46723,10.1754772,46.6799172,20,2021-09-25T18:00:37Z,1993
46723,10.1779999,46.6804367,19,2021-09-25T22:01:06Z,2049
46723,10.1779999,46.6804305,19,2021-09-25T22:01:06Z,2049
46723,10.1779999,46.6804367,19,2021-09-25T22:01:06Z,2049
46723,10.1762924,46.6795929,20,2021-09-26T02:00:37Z,2024
46723,10.1763029,46.6795914,20,2021-09-26T02:00:37Z,2024
46723,10.1763029,46.6795914,20,2021-09-26T02:00:37Z,2024
46723,10.1754155,46.6802883,20,2021-09-26T06:00:37Z,1997
46723,10.1754027,46.6802832,20,2021-09-26T06:00:37Z,1997
46723,10.1754155,46.6802883,20,2021-09-26T06:00:37Z,1997
46723,10.1757654,46.6801718,21,2021-09-26T10:01:38Z,2010
46723,10.175776,46.6801704,21,2021-09-26T10:01:38Z,2010
46723,10.175776,46.6801704,21,2021-09-26T10:01:38Z,2010
46723,10.1730665,46.6762968,19,2021-09-26T14:00:37Z,2052
46723,10.1730688,46.6763032,19,2021-09-26T14:00:37Z,2052
46723,10.1730665,46.6762968,19,2021-09-26T14:00:37Z,2052
46723,10.173352,46.6773093,21,2021-09-26T18:00:37Z,2022
46723,10.173352,46.6773093,21,2021-09-26T18:00:37Z,2022
46723,10.1733391,46.6773043,21,2021-09-26T18:00:37Z,2022
46723,10.1770343,46.6793358,17,2021-09-26T22:01:06Z,2030
46723,10.1770343,46.6793296,17,2021-09-26T22:01:06Z,2030
46723,10.1770343,46.6793358,17,2021-09-26T22:01:06Z,2030
46723,10.1767672,46.6796954,16,2021-09-27T02:00:37Z,2035
46723,10.1767672,46.6796954,16,2021-09-27T02:00:37Z,2035
46723,10.1767672,46.6796954,16,2021-09-27T02:00:37Z,2035
46723,10.1769512,46.6799001,18,2021-09-27T06:00:37Z,2035
46723,10.1769512,46.6799062,18,2021-09-27T06:00:37Z,2035
46723,10.1769512,46.6799062,18,2021-09-27T06:00:37Z,2035
46723,10.176449,46.6797705,23,2021-09-27T10:01:06Z,2024
46723,10.176449,46.6797705,23,2021-09-27T10:01:06Z,2024
46723,10.1764513,46.679777,23,2021-09-27T10:01:06Z,2024
46723,10.1757694,46.6791832,21,2021-09-27T14:00:37Z,2002
46723,10.1757694,46.6791832,21,2021-09-27T14:00:37Z,2002
46723,10.1757694,46.6791832,21,2021-09-27T14:00:37Z,2002
46723,10.1762792,46.6795066,17,2021-09-27T18:00:37Z,2017
46723,10.1762792,46.6795066,17,2021-09-27T18:00:37Z,2017
46723,10.1762792,46.6795066,17,2021-09-27T18:00:37Z,2017
46723,10.1767303,46.679469,16,2021-09-27T22:00:37Z,2030
46723,10.1767408,46.6794675,16,2021-09-27T22:00:37Z,2030
46723,10.1767408,46.6794675,16,2021-09-27T22:00:37Z,2030
46723,10.1769466,46.6799242,15,2021-09-28T02:00:37Z,2035
46723,10.1769466,46.6799242,15,2021-09-28T02:00:37Z,2035
46723,10.1769466,46.6799242,15,2021-09-28T02:00:37Z,2035
46723,10.1765212,46.6806878,16,2021-09-28T06:00:37Z,2018
46723,10.1765341,46.6806867,16,2021-09-28T06:00:37Z,2018
46723,10.1765341,46.6806867,16,2021-09-28T06:00:37Z,2018
46723,10.1766439,46.6804252,23,2021-09-28T10:01:24Z,2032
46723,10.1766416,46.6804187,23,2021-09-28T10:01:24Z,2032
46723,10.1766416,46.6804187,23,2021-09-28T10:01:24Z,2032
46723,10.172329,46.6748317,22,2021-09-28T14:01:07Z,2056
46723,10.172329,46.6748317,22,2021-09-28T14:01:07Z,2056
46723,10.172329,46.6748317,22,2021-09-28T14:01:07Z,2056
46723,10.1722307,46.6748291,18,2021-09-28T18:00:37Z,2056
46723,10.1722412,46.6748215,18,2021-09-28T18:00:37Z,2056
46723,10.1722412,46.6748215,18,2021-09-28T18:00:37Z,2056
46723,10.177881,46.6769028,19,2021-09-28T22:01:00Z,2001
46723,10.1778916,46.6768952,19,2021-09-28T22:01:00Z,2001
46723,10.1778916,46.6768952,19,2021-09-28T22:01:00Z,2001
46723,10.1774864,46.6778136,18,2021-09-29T02:01:06Z,2001
46723,10.1774864,46.6778136,18,2021-09-29T02:01:06Z,2001
46723,10.1774887,46.6778201,18,2021-09-29T02:01:06Z,2001
46723,10.1765766,46.679639,19,2021-09-29T06:00:37Z,2035
46723,10.1765661,46.6796404,19,2021-09-29T06:00:37Z,2035
46723,10.1765766,46.679639,19,2021-09-29T06:00:37Z,2035
46723,10.1771029,46.680064,21,2021-09-29T10:00:54Z,2042
46723,10.1771158,46.6800628,21,2021-09-29T10:00:54Z,2042
46723,10.1771158,46.6800628,21,2021-09-29T10:00:54Z,2042
46723,10.1764962,46.6795688,20,2021-09-29T14:00:54Z,2024
46723,10.1764962,46.6795688,20,2021-09-29T14:00:54Z,2024
46723,10.1764962,46.6795688,20,2021-09-29T14:00:54Z,2024
46723,10.1755267,46.6794813,18,2021-09-29T18:01:00Z,1985
46723,10.1755267,46.6794813,18,2021-09-29T18:01:00Z,1985
46723,10.1755161,46.6794889,18,2021-09-29T18:01:00Z,1985
46723,10.1769881,46.6791515,15,2021-09-29T22:00:54Z,2030
46723,10.1769881,46.6791515,15,2021-09-29T22:00:54Z,2030
46723,10.1769881,46.6791515,15,2021-09-29T22:00:54Z,2030
46723,10.1771089,46.6797534,16,2021-09-30T02:01:08Z,2044
46723,10.1771089,46.6797534,16,2021-09-30T02:01:08Z,2044
46723,10.1771089,46.6797472,16,2021-09-30T02:01:08Z,2044
46723,10.1759036,46.6800512,16,2021-09-30T06:01:02Z,2009
46723,10.1759059,46.6800576,16,2021-09-30T06:01:02Z,2010
46723,10.1759036,46.6800512,16,2021-09-30T06:01:02Z,2009
46723,10.1757186,46.6801276,21,2021-09-30T10:01:06Z,2010
46723,10.1757186,46.6801338,21,2021-09-30T10:01:06Z,2010
46723,10.1757186,46.6801338,21,2021-09-30T10:01:06Z,2010
46723,10.1746987,46.6763633,17,2021-09-30T14:00:37Z,2055
46723,10.1746987,46.6763633,17,2021-09-30T14:00:37Z,2055
46723,10.1746858,46.6763582,17,2021-09-30T14:00:37Z,2055
46723,10.1744161,46.6779324,15,2021-09-30T18:00:39Z,1993
46723,10.1744161,46.6779324,15,2021-09-30T18:00:39Z,1993
46723,10.1744055,46.6779338,15,2021-09-30T18:00:39Z,1993
46723,10.1759722,46.6789405,17,2021-09-30T22:01:44Z,1989
46723,10.1759722,46.6789405,17,2021-09-30T22:01:44Z,1989
46723,10.1759593,46.6789354,17,2021-09-30T22:01:44Z,1989
46723,10.1748401,46.6778625,15,2021-10-01T02:01:36Z,1989
46723,10.1748401,46.6778687,15,2021-10-01T02:01:36Z,1989
46723,10.1748401,46.6778687,15,2021-10-01T02:01:36Z,1989
46723,10.1727029,46.6750354,15,2021-10-01T06:00:37Z,2070
46723,10.1727029,46.6750416,15,2021-10-01T06:00:37Z,2070
46723,10.1727029,46.6750416,15,2021-10-01T06:00:37Z,2070
46723,10.1735094,46.6759769,22,2021-10-01T10:00:37Z,2069
46723,10.173507,46.6759704,22,2021-10-01T10:00:37Z,2069
46723,10.173507,46.6759704,22,2021-10-01T10:00:37Z,2069
46723,10.1746677,46.6766594,20,2021-10-01T14:01:06Z,2035
46723,10.1746677,46.6766594,20,2021-10-01T14:01:06Z,2035
46723,10.1746548,46.6766544,20,2021-10-01T14:01:06Z,2035
46723,10.1720942,46.6748371,15,2021-10-01T18:00:37Z,2037
46723,10.1720942,46.6748371,15,2021-10-01T18:00:37Z,2037
46723,10.1720836,46.6748385,15,2021-10-01T18:00:37Z,2037
46723,10.1748299,46.6758283,16,2021-10-01T22:00:37Z,2072
46723,10.1748322,46.6758286,16,2021-10-01T22:00:37Z,2072
46723,10.1748299,46.6758283,16,2021-10-01T22:00:37Z,2072
46723,10.176632,46.6764179,16,2021-10-02T02:00:54Z,2023
46723,10.176632,46.6764179,16,2021-10-02T02:00:54Z,2023
46723,10.176632,46.6764179,16,2021-10-02T02:00:54Z,2023
46723,10.176324,46.6802242,15,2021-10-02T06:01:29Z,2021
46723,10.1763217,46.6802177,15,2021-10-02T06:01:29Z,2021
46723,10.1763217,46.6802177,15,2021-10-02T06:01:29Z,2021
46723,10.1732449,46.6760291,22,2021-10-02T10:00:37Z,2069
46723,10.1732578,46.6760341,22,2021-10-02T10:00:37Z,2069
46723,10.1732578,46.6760341,22,2021-10-02T10:00:37Z,2069
46723,10.1724028,46.6753832,19,2021-10-02T14:01:06Z,2054
46723,10.1724005,46.675383,19,2021-10-02T14:01:06Z,2054
46723,10.1724005,46.675383,19,2021-10-02T14:01:06Z,2054
46723,10.1725762,46.6751389,16,2021-10-02T18:00:37Z,2056
46723,10.1725868,46.6751374,16,2021-10-02T18:00:37Z,2056
46723,10.1725868,46.6751374,16,2021-10-02T18:00:37Z,2056
46723,10.1774953,46.6779125,15,2021-10-02T22:00:54Z,2001
46723,10.1774953,46.6779187,15,2021-10-02T22:00:54Z,2001
46723,10.1774953,46.6779187,15,2021-10-02T22:00:54Z,2001
46723,10.1763128,46.6795573,14,2021-10-03T02:00:37Z,2017
46723,10.1763023,46.6795587,14,2021-10-03T02:00:37Z,2017
46723,10.1763128,46.6795573,14,2021-10-03T02:00:37Z,2017
46723,10.1759293,46.6800365,19,2021-10-03T06:01:30Z,2009
46723,10.1759316,46.680043,19,2021-10-03T06:01:30Z,2009
46723,10.1759293,46.6800365,19,2021-10-03T06:01:30Z,2009
46723,10.1763788,46.6796981,25,2021-10-03T10:00:37Z,2024
46723,10.1763788,46.6796981,25,2021-10-03T10:00:37Z,2024
46723,10.1763788,46.6796981,25,2021-10-03T10:00:37Z,2024
46723,10.1761222,46.6799884,19,2021-10-03T14:00:37Z,2024
46723,10.1761117,46.6799898,19,2021-10-03T14:00:37Z,2024
46723,10.1761222,46.6799884,19,2021-10-03T14:00:37Z,2024
46723,10.1767122,46.6800664,19,2021-10-03T18:01:06Z,2032
46723,10.1767122,46.6800664,19,2021-10-03T18:01:06Z,2032
46723,10.1767145,46.6800666,19,2021-10-03T18:01:06Z,2032
46723,10.1763128,46.6795943,17,2021-10-03T22:00:37Z,2024
46723,10.1763128,46.6795943,17,2021-10-03T22:00:37Z,2024
46723,10.1763023,46.6795957,17,2021-10-03T22:00:37Z,2024
46723,10.1767039,46.6796669,15,2021-10-04T02:00:37Z,2035
46723,10.1767039,46.6796731,15,2021-10-04T02:00:37Z,2035
46723,10.1767039,46.6796731,15,2021-10-04T02:00:37Z,2035
46723,10.1760886,46.6799686,15,2021-10-04T06:01:06Z,2024
46723,10.1760886,46.6799624,15,2021-10-04T06:01:06Z,2024
46723,10.1760886,46.6799686,15,2021-10-04T06:01:06Z,2024
46723,10.1763906,46.6796694,23,2021-10-04T10:01:07Z,2024
46723,10.1764012,46.6796618,23,2021-10-04T10:01:07Z,2024
46723,10.1764012,46.6796618,23,2021-10-04T10:01:07Z,2024
46723,10.1763188,46.6794072,17,2021-10-04T14:00:36Z,2017
46723,10.1763316,46.6794122,17,2021-10-04T14:00:36Z,2017
46723,10.1763316,46.6794122,17,2021-10-04T14:00:36Z,2017
46723,10.1763933,46.6795904,21,2021-10-04T18:01:38Z,2024
46723,10.176391,46.6795901,21,2021-10-04T18:01:38Z,2024
46723,10.176391,46.6795901,21,2021-10-04T18:01:38Z,2024
46723,10.1769941,46.6796,17,2021-10-04T22:02:23Z,2035
46723,10.1770046,46.6795986,17,2021-10-04T22:02:23Z,2035
46723,10.1770046,46.6795986,17,2021-10-04T22:02:23Z,2035
46723,10.1774297,46.6791427,15,2021-10-05T02:00:37Z,2040
46723,10.177432,46.6791429,15,2021-10-05T02:00:37Z,2040
46723,10.1774297,46.6791427,15,2021-10-05T02:00:37Z,2040
46723,10.1767883,46.6795691,18,2021-10-05T06:00:54Z,2035
46723,10.1767883,46.6795691,18,2021-10-05T06:00:54Z,2035
46723,10.1767883,46.6795691,18,2021-10-05T06:00:54Z,2035
46723,10.1776724,46.6799307,20,2021-10-05T10:00:56Z,2051
46723,10.1776724,46.6799307,20,2021-10-05T10:00:56Z,2051
46723,10.1776596,46.6799256,20,2021-10-05T10:00:56Z,2051
46723,10.1762225,46.6801939,17,2021-10-05T14:01:06Z,2021
46723,10.1762119,46.6801953,17,2021-10-05T14:01:06Z,2021
46723,10.1762225,46.6801939,17,2021-10-05T14:01:06Z,2021
46723,10.1767814,46.6796424,17,2021-10-05T18:00:37Z,2035
46723,10.1767837,46.6796426,17,2021-10-05T18:00:37Z,2035
46723,10.1767814,46.6796424,17,2021-10-05T18:00:37Z,2035
46723,10.1762904,46.6795626,16,2021-10-05T22:00:37Z,2024
46723,10.1762904,46.6795626,16,2021-10-05T22:00:37Z,2024
46723,10.1762904,46.6795626,16,2021-10-05T22:00:37Z,2024
46723,10.1771854,46.6795473,15,2021-10-06T02:00:54Z,2040
46723,10.1771854,46.6795473,15,2021-10-06T02:00:54Z,2040
46723,10.1771854,46.6795411,15,2021-10-06T02:00:54Z,2040
46723,10.1763372,46.6795945,12,2021-10-06T06:00:37Z,2024
46723,10.1763372,46.6795945,12,2021-10-06T06:00:37Z,2024
46723,10.1763372,46.6795945,12,2021-10-06T06:00:37Z,2024
46723,10.1764296,46.6800372,15,2021-10-06T10:01:24Z,2024
46723,10.1764296,46.6800372,15,2021-10-06T10:01:24Z,2024
46723,10.1764296,46.6800372,15,2021-10-06T10:01:24Z,2024
46723,10.1764296,46.6800372,11,2021-10-06T14:01:38Z,2024
46723,10.1764296,46.6800372,11,2021-10-06T14:01:38Z,2024
46723,10.1764296,46.6800372,11,2021-10-06T14:01:38Z,2024
46723,10.1759438,46.6792007,12,2021-10-06T18:00:37Z,2002
46723,10.1759438,46.6792007,12,2021-10-06T18:00:37Z,2002
46723,10.175931,46.6792019,12,2021-10-06T18:00:37Z,2002
46723,10.1787138,46.6795522,12,2021-10-06T22:01:36Z,2057
46723,10.1787009,46.6795472,12,2021-10-06T22:01:36Z,2057
46723,10.1787138,46.6795522,12,2021-10-06T22:01:36Z,2057
46723,10.1770525,46.6801639,11,2021-10-07T02:00:37Z,2032
46723,10.1770396,46.6801589,11,2021-10-07T02:00:37Z,2032
46723,10.1770525,46.6801639,11,2021-10-07T02:00:37Z,2032
46723,10.1769252,46.6801174,12,2021-10-07T06:00:37Z,2032
46723,10.1769252,46.6801174,12,2021-10-07T06:00:37Z,2032
46723,10.1769275,46.6801177,12,2021-10-07T06:00:37Z,2032
46723,10.1775906,46.6799556,17,2021-10-07T10:01:36Z,2051
46723,10.1775906,46.6799556,17,2021-10-07T10:01:36Z,2051
46723,10.1775778,46.6799567,17,2021-10-07T10:01:36Z,2051
46723,10.1766024,46.6801118,15,2021-10-07T14:01:06Z,2032
46723,10.1766,46.6801054,15,2021-10-07T14:01:06Z,2032
46723,10.1766,46.6801054,15,2021-10-07T14:01:06Z,2032
46723,10.1770314,46.6801791,14,2021-10-07T18:00:37Z,2032
46723,10.1770314,46.6801791,14,2021-10-07T18:00:37Z,2032
46723,10.1770185,46.6801741,14,2021-10-07T18:00:37Z,2032
46723,10.177587,46.6799948,12,2021-10-07T22:00:37Z,2051
46723,10.177587,46.6799948,12,2021-10-07T22:00:37Z,2051
46723,10.177587,46.6799948,12,2021-10-07T22:00:37Z,2051
46723,10.1769882,46.6801388,12,2021-10-08T02:00:37Z,2032
46723,10.1769987,46.6801374,12,2021-10-08T02:00:37Z,2032
46723,10.1769987,46.6801374,12,2021-10-08T02:00:37Z,2032
46723,10.1766485,46.6803393,14,2021-10-08T06:01:06Z,2032
46723,10.1766485,46.6803393,14,2021-10-08T06:01:06Z,2032
46723,10.1766485,46.6803393,14,2021-10-08T06:01:06Z,2032
46723,10.178025,46.6812039,19,2021-10-08T10:01:36Z,2046
46723,10.178025,46.6812039,19,2021-10-08T10:01:36Z,2046
46723,10.1780144,46.6812115,19,2021-10-08T10:01:36Z,2046
46723,10.1779811,46.6794092,16,2021-10-08T14:00:37Z,2047
46723,10.1779811,46.6794092,16,2021-10-08T14:00:37Z,2047
46723,10.1779834,46.6794095,16,2021-10-08T14:00:37Z,2047
46723,10.1768042,46.6799588,13,2021-10-08T18:00:37Z,2035
46723,10.1768147,46.6799512,13,2021-10-08T18:00:37Z,2035
46723,10.1768147,46.6799512,13,2021-10-08T18:00:37Z,2035
46723,10.1766874,46.6803121,15,2021-10-08T22:01:30Z,2032
46723,10.1766874,46.6803121,15,2021-10-08T22:01:30Z,2032
46723,10.1766769,46.6803197,15,2021-10-08T22:01:30Z,2032
46723,10.1771765,46.6795471,14,2021-10-09T02:00:37Z,2040
46723,10.1771765,46.6795471,14,2021-10-09T02:00:37Z,2040
46723,10.1771788,46.6795473,14,2021-10-09T02:00:37Z,2040
46723,10.1758977,46.6805345,14,2021-10-09T06:00:56Z,2010
46723,10.1758977,46.6805345,14,2021-10-09T06:00:56Z,2010
46723,10.1759,46.6805348,14,2021-10-09T06:00:56Z,2010
46723,10.1762996,46.6806806,18,2021-10-09T10:00:37Z,2018
46723,10.1762996,46.6806806,18,2021-10-09T10:00:37Z,2018
46723,10.1762996,46.6806745,18,2021-10-09T10:00:37Z,2018
46723,10.1759929,46.679165,16,2021-10-09T14:00:37Z,2002
46723,10.1759929,46.679165,16,2021-10-09T14:00:37Z,2002
46723,10.1759824,46.6791726,16,2021-10-09T14:00:37Z,2002
46723,10.1773242,46.6794099,10,2021-10-09T18:01:06Z,2040
46723,10.1773242,46.6794099,10,2021-10-09T18:01:06Z,2040
46723,10.1773265,46.6794163,10,2021-10-09T18:01:06Z,2040
46723,10.1771507,46.6796419,10,2021-10-09T22:00:37Z,2044
46723,10.1771507,46.6796419,10,2021-10-09T22:00:37Z,2044
46723,10.177153,46.6796484,10,2021-10-09T22:00:37Z,2044
46723,10.1770686,46.6801905,12,2021-10-10T02:00:37Z,2042
46723,10.1770686,46.6801905,12,2021-10-10T02:00:37Z,2042
46723,10.1770581,46.6801981,12,2021-10-10T02:00:37Z,2042
46723,10.1770581,46.6801981,10,2021-10-10T06:01:39Z,2042
46723,10.1770581,46.6801981,10,2021-10-10T06:01:39Z,2042
46723,10.1770581,46.6801981,10,2021-10-10T06:01:39Z,2042
46723,10.1782558,46.6810208,17,2021-10-10T10:00:37Z,2054
46723,10.1782558,46.6810208,17,2021-10-10T10:00:37Z,2054
46723,10.1782558,46.6810208,17,2021-10-10T10:00:37Z,2054
46723,10.1759016,46.6791818,14,2021-10-10T14:00:36Z,2002
46723,10.1758887,46.6791829,14,2021-10-10T14:00:36Z,2002
46723,10.1759016,46.6791818,14,2021-10-10T14:00:36Z,2002
46723,10.1784629,46.6805123,11,2021-10-10T18:01:00Z,2055
46723,10.1784629,46.6805123,11,2021-10-10T18:01:00Z,2055
46723,10.1784629,46.6805123,11,2021-10-10T18:01:00Z,2055
46723,10.1785123,46.6802059,10,2021-10-10T22:02:06Z,2055
46723,10.17851,46.6802057,10,2021-10-10T22:02:06Z,2055
46723,10.17851,46.6802057,10,2021-10-10T22:02:06Z,2055
46723,10.1771366,46.6795901,11,2021-10-11T02:00:37Z,2044
46723,10.1771342,46.6795898,11,2021-10-11T02:00:37Z,2044
46723,10.1771342,46.6795898,11,2021-10-11T02:00:37Z,2044
46723,10.1772698,46.6796963,12,2021-10-11T06:00:37Z,2044
46723,10.1772698,46.6796963,12,2021-10-11T06:00:37Z,2044
46723,10.1772698,46.6796901,12,2021-10-11T06:00:37Z,2044
46723,10.1776675,46.6796268,19,2021-10-11T10:01:02Z,2051
46723,10.1776803,46.6796318,19,2021-10-11T10:01:02Z,2051
46723,10.1776803,46.6796318,19,2021-10-11T10:01:02Z,2051
46723,10.1758291,46.6791584,17,2021-10-11T14:00:57Z,2002
46723,10.1758162,46.6791534,17,2021-10-11T14:00:57Z,2002
46723,10.1758291,46.6791584,17,2021-10-11T14:00:57Z,2002
46723,10.1761882,46.6788765,11,2021-10-11T18:00:38Z,2003
46723,10.1761882,46.6788703,11,2021-10-11T18:00:38Z,2003
46723,10.1761882,46.6788765,11,2021-10-11T18:00:38Z,2003
46723,10.1759827,46.6789329,9,2021-10-11T22:00:37Z,1989
46723,10.175985,46.6789331,9,2021-10-11T22:00:37Z,1989
46723,10.1759827,46.6789329,9,2021-10-11T22:00:37Z,1989
46723,10.1760131,46.6789434,7,2021-10-12T02:00:37Z,1989
46723,10.1760131,46.6789434,7,2021-10-12T02:00:37Z,1989
46723,10.1760154,46.6789437,7,2021-10-12T02:00:37Z,1989
46723,10.1774984,46.6818949,14,2021-10-12T06:00:37Z,2040
46723,10.1775007,46.6819014,14,2021-10-12T06:00:37Z,2040
46723,10.1774984,46.6818949,14,2021-10-12T06:00:37Z,2040
46723,10.1770017,46.6792879,21,2021-10-12T10:00:38Z,2030
46723,10.1770017,46.6792879,21,2021-10-12T10:00:38Z,2030
46723,10.177004,46.6792944,21,2021-10-12T10:00:38Z,2030
46723,10.176601,46.6785037,13,2021-10-12T14:01:00Z,2002
46723,10.1766116,46.6784961,13,2021-10-12T14:01:00Z,2002
46723,10.1766116,46.6784961,13,2021-10-12T14:01:00Z,2002
46723,10.175986,46.6790346,15,2021-10-12T18:00:37Z,1989
46723,10.1759732,46.6790358,15,2021-10-12T18:00:37Z,1989
46723,10.175986,46.6790346,15,2021-10-12T18:00:37Z,1989
46723,10.1769687,46.6787393,11,2021-10-12T22:01:36Z,2017
46723,10.1769687,46.6787393,11,2021-10-12T22:01:36Z,2017
46723,10.1769558,46.6787405,11,2021-10-12T22:01:36Z,2017
46723,10.1775665,46.6791479,12,2021-10-13T02:00:37Z,2047
46723,10.1775665,46.6791479,12,2021-10-13T02:00:37Z,2047
46723,10.177556,46.6791555,12,2021-10-13T02:00:37Z,2047
46723,10.1768197,46.6796812,13,2021-10-13T06:00:37Z,2035
46723,10.1768197,46.6796812,13,2021-10-13T06:00:37Z,2035
46723,10.1768068,46.6796823,13,2021-10-13T06:00:37Z,2035
46723,10.1760358,46.6792105,19,2021-10-13T10:00:37Z,2002
46723,10.1760335,46.6792103,19,2021-10-13T10:00:37Z,2002
46723,10.1760335,46.6792103,19,2021-10-13T10:00:37Z,2002
46723,10.1770716,46.6794212,13,2021-10-13T14:00:54Z,2040
46723,10.1770739,46.6794276,13,2021-10-13T14:00:54Z,2040
46723,10.1770716,46.6794212,13,2021-10-13T14:00:54Z,2040
46723,10.1771537,46.679823,12,2021-10-13T18:00:37Z,2044
46723,10.1771537,46.679823,12,2021-10-13T18:00:37Z,2044
46723,10.1771432,46.6798306,12,2021-10-13T18:00:37Z,2044
46723,10.1777928,46.6794333,9,2021-10-13T22:00:54Z,2047
46723,10.1777928,46.6794333,9,2021-10-13T22:00:54Z,2047
46723,10.1777822,46.6794409,9,2021-10-13T22:00:54Z,2047
46723,10.1752978,46.678411,8,2021-10-14T02:00:37Z,1976
46723,10.1752873,46.6784186,8,2021-10-14T02:00:37Z,1976
46723,10.1752978,46.678411,8,2021-10-14T02:00:37Z,1976
46723,10.1724744,46.6747744,11,2021-10-14T06:00:37Z,2056
46723,10.1724767,46.6747747,11,2021-10-14T06:00:37Z,2056
46723,10.1724744,46.6747744,11,2021-10-14T06:00:37Z,2056
46723,10.1748286,46.6751828,23,2021-10-14T10:00:37Z,2088
46723,10.1748286,46.6751828,23,2021-10-14T10:00:37Z,2088
46723,10.1748158,46.6751778,23,2021-10-14T10:00:37Z,2088
46723,10.1721019,46.6725009,16,2021-10-14T14:00:37Z,1984
46723,10.1721019,46.6725009,16,2021-10-14T14:00:37Z,1984
46723,10.1721042,46.6725012,16,2021-10-14T14:00:37Z,1984
46723,10.1720481,46.6724374,14,2021-10-14T18:00:54Z,1984
46723,10.1720481,46.6724374,14,2021-10-14T18:00:54Z,1984
46723,10.1720481,46.6724312,14,2021-10-14T18:00:54Z,1984
46723,10.1724755,46.6716115,9,2021-10-14T22:01:00Z,1979
46723,10.1724755,46.6716115,9,2021-10-14T22:01:00Z,1979
46723,10.1724755,46.6716115,9,2021-10-14T22:01:00Z,1979
46723,10.1727043,46.6713735,7,2021-10-15T02:00:37Z,2000
46723,10.1726938,46.6713811,7,2021-10-15T02:00:37Z,2000
46723,10.1727043,46.6713735,7,2021-10-15T02:00:37Z,2000
46723,10.1719644,46.6717163,10,2021-10-15T06:00:37Z,1957
46723,10.1719644,46.6717163,10,2021-10-15T06:00:37Z,1957
46723,10.1719539,46.6717239,10,2021-10-15T06:00:37Z,1957
46723,10.1716888,46.6720705,20,2021-10-15T10:00:37Z,1968
46723,10.1716888,46.6720705,20,2021-10-15T10:00:37Z,1968
46723,10.1716888,46.6720705,20,2021-10-15T10:00:37Z,1968
46723,10.1726549,46.6709517,15,2021-10-15T14:02:06Z,1982
46723,10.1726655,46.6709441,15,2021-10-15T14:02:06Z,1982
46723,10.1726655,46.6709441,15,2021-10-15T14:02:06Z,1982
46723,10.1727264,46.6713734,16,2021-10-15T18:01:00Z,2000
46723,10.1727264,46.6713734,16,2021-10-15T18:01:00Z,2000
46723,10.1727287,46.6713799,16,2021-10-15T18:01:00Z,2000
46723,10.1724683,46.6706964,12,2021-10-15T22:00:37Z,1957
46723,10.1724683,46.6706964,12,2021-10-15T22:00:37Z,1957
46723,10.1724683,46.6706903,12,2021-10-15T22:00:37Z,1957
46723,10.172461,46.6707564,11,2021-10-16T02:00:37Z,1967
46723,10.1724587,46.67075,11,2021-10-16T02:00:37Z,1957
46723,10.1724587,46.67075,11,2021-10-16T02:00:37Z,1957
46723,10.1719304,46.6721769,12,2021-10-16T06:00:37Z,1968
46723,10.1719304,46.6721769,12,2021-10-16T06:00:37Z,1968
46723,10.1719176,46.672178099999996,12,2021-10-16T06:00:37Z,1968
46723,10.1724099,46.6711816,20,2021-10-16T10:01:30Z,1967
46723,10.1723971,46.6711828,20,2021-10-16T10:01:30Z,1967
46723,10.1724099,46.6711816,20,2021-10-16T10:01:30Z,1967
46723,10.1730417,46.6710123,18,2021-10-16T14:00:37Z,1982
46723,10.1730288,46.6710073,18,2021-10-16T14:00:37Z,1982
46723,10.1730417,46.6710123,18,2021-10-16T14:00:37Z,1982
46723,10.1740437,46.6697161,10,2021-10-16T18:00:37Z,1966
46723,10.1740437,46.6697161,10,2021-10-16T18:00:37Z,1966
46723,10.1740437,46.6697161,10,2021-10-16T18:00:37Z,1966
46723,10.1717725,46.672156,10,2021-10-16T22:01:30Z,1968
46723,10.1717831,46.6721484,10,2021-10-16T22:01:30Z,1968
46723,10.1717831,46.6721484,10,2021-10-16T22:01:30Z,1968
46723,10.1717702,46.6721249,11,2021-10-17T02:00:37Z,1968
46723,10.1717725,46.6721313,11,2021-10-17T02:00:37Z,1968
46723,10.1717702,46.6721249,11,2021-10-17T02:00:37Z,1968
46723,10.171477,46.6725661,9,2021-10-17T06:00:37Z,1958
46723,10.1714899,46.672565,9,2021-10-17T06:00:37Z,1958
46723,10.1714899,46.672565,9,2021-10-17T06:00:37Z,1958
46723,10.1719032,46.6703603,22,2021-10-17T10:01:36Z,1945
46723,10.171916,46.6703653,22,2021-10-17T10:01:36Z,1945
46723,10.171916,46.6703653,22,2021-10-17T10:01:36Z,1945
46723,10.1717122,46.6720741,16,2021-10-17T14:00:37Z,1968
46723,10.1717122,46.6720741,16,2021-10-17T14:00:37Z,1968
46723,10.1717145,46.6720805,16,2021-10-17T14:00:37Z,1968
46723,10.1741818,46.6696263,9,2021-10-17T18:00:37Z,1970
46723,10.1741818,46.6696263,9,2021-10-17T18:00:37Z,1970
46723,10.1741841,46.6696266,9,2021-10-17T18:00:37Z,1970
46723,10.1736207,46.6697702,9,2021-10-17T22:01:24Z,1959
46723,10.173623,46.6697767,9,2021-10-17T22:01:24Z,1966
46723,10.1736207,46.6697702,9,2021-10-17T22:01:24Z,1959
46723,10.1735841,46.6693349,7,2021-10-18T02:00:37Z,1959
46723,10.1735946,46.6693335,7,2021-10-18T02:00:37Z,1959
46723,10.1735946,46.6693335,7,2021-10-18T02:00:37Z,1959
46723,10.1727413,46.6697856,9,2021-10-18T06:00:37Z,1958
46723,10.1727519,46.669778,9,2021-10-18T06:00:37Z,1958
46723,10.1727519,46.669778,9,2021-10-18T06:00:37Z,1958
46723,10.1717324,46.6703282,21,2021-10-18T10:00:56Z,1945
46723,10.1717301,46.6703218,21,2021-10-18T10:00:56Z,1945
46723,10.1717301,46.6703218,21,2021-10-18T10:00:56Z,1945
46723,10.173865,46.6697915,17,2021-10-18T14:00:37Z,1975
46723,10.1738544,46.6697929,17,2021-10-18T14:00:37Z,1975
46723,10.173865,46.6697915,17,2021-10-18T14:00:37Z,1975
46723,10.1735478,46.669388,11,2021-10-18T18:00:37Z,1959
46723,10.1735373,46.6693894,11,2021-10-18T18:00:37Z,1959
46723,10.1735478,46.669388,11,2021-10-18T18:00:37Z,1959
46723,10.1735165,46.6697943,9,2021-10-18T22:01:06Z,1966
46723,10.1735165,46.6697943,9,2021-10-18T22:01:06Z,1966
46723,10.1735036,46.6697893,9,2021-10-18T22:01:06Z,1966
46723,10.1728996,46.6701778,11,2021-10-19T02:00:37Z,1958
46723,10.1728973,46.6701713,11,2021-10-19T02:00:37Z,1958
46723,10.1728973,46.6701713,11,2021-10-19T02:00:37Z,1958
46723,10.1729616,46.6695238,18,2021-10-19T06:00:37Z,1951
46723,10.1729721,46.6695162,18,2021-10-19T06:00:37Z,1951
46723,10.1729721,46.6695162,18,2021-10-19T06:00:37Z,1951
46723,10.1720317,46.672447,22,2021-10-19T10:00:37Z,1984
46723,10.1720317,46.672447,22,2021-10-19T10:00:37Z,1984
46723,10.1720317,46.672447,22,2021-10-19T10:00:37Z,1984
46723,10.1736276,46.6697032,21,2021-10-19T14:01:01Z,1959
46723,10.1736276,46.6697032,21,2021-10-19T14:01:01Z,1959
46723,10.1736276,46.6697032,21,2021-10-19T14:01:01Z,1959
46723,10.1736276,46.6697032,15,2021-10-19T18:01:38Z,1959
46723,10.1736276,46.6697032,15,2021-10-19T18:01:38Z,1959
46723,10.1736276,46.6697032,15,2021-10-19T18:01:38Z,1959
46723,10.1743315,46.6696119,14,2021-10-19T22:00:37Z,1970
46723,10.1743315,46.6696119,14,2021-10-19T22:00:37Z,1970
46723,10.1743338,46.6696122,14,2021-10-19T22:00:37Z,1970
46723,10.1724714,46.6685818,13,2021-10-20T02:00:37Z,1930
46723,10.1724714,46.6685818,13,2021-10-20T02:00:37Z,1930
46723,10.1724585,46.6685768,13,2021-10-20T02:00:37Z,1930
46723,10.1751759,46.66795,16,2021-10-20T06:00:37Z,1956
46723,10.1751759,46.6679562,16,2021-10-20T06:00:37Z,1956
46723,10.1751759,46.6679562,16,2021-10-20T06:00:37Z,1956
46723,10.1752309,46.6671841,24,2021-10-20T10:00:54Z,1919
46723,10.1752332,46.6671844,24,2021-10-20T10:00:54Z,1919
46723,10.1752309,46.6671841,24,2021-10-20T10:00:54Z,1919
46723,10.1726032,46.6698631,16,2021-10-20T14:00:37Z,1949
46723,10.1726055,46.6698634,16,2021-10-20T14:00:37Z,1949
46723,10.1726032,46.6698631,16,2021-10-20T14:00:37Z,1949
46723,10.1733404,46.6695685,14,2021-10-20T18:01:06Z,1959
46723,10.1733404,46.6695685,14,2021-10-20T18:01:06Z,1959
46723,10.1733427,46.6695749,14,2021-10-20T18:01:06Z,1959
46723,10.1736005,46.6698252,14,2021-10-20T22:00:54Z,1966
46723,10.17359,46.6698328,14,2021-10-20T22:00:54Z,1966
46723,10.1736005,46.6698252,14,2021-10-20T22:00:54Z,1966
46723,10.1729253,46.6701693,16,2021-10-21T02:00:37Z,1958
46723,10.1729253,46.6701693,16,2021-10-21T02:00:37Z,1958
46723,10.1729253,46.6701631,16,2021-10-21T02:00:37Z,1958
46723,10.1721178,46.6706444,20,2021-10-21T06:00:37Z,1945
46723,10.1721178,46.6706444,20,2021-10-21T06:00:37Z,1945
46723,10.1721201,46.6706446,20,2021-10-21T06:00:37Z,1945
46723,10.1693138,46.6711289,20,2021-10-21T10:01:00Z,1871
46723,10.169301,46.6711239,20,2021-10-21T10:01:00Z,1871
46723,10.1693138,46.6711289,20,2021-10-21T10:01:00Z,1871
46723,10.1763351,46.668012,16,2021-10-21T14:00:37Z,1973
46723,10.1763351,46.668012,16,2021-10-21T14:00:37Z,1973
46723,10.1763351,46.668012,16,2021-10-21T14:00:37Z,1973
46723,10.1762302,46.6678923,13,2021-10-21T18:01:00Z,1973
46723,10.1762302,46.6678985,13,2021-10-21T18:01:00Z,1973
46723,10.1762302,46.6678985,13,2021-10-21T18:01:00Z,1973
46723,10.1715158,46.675612,11,2021-10-21T22:00:37Z,2015
46723,10.1715135,46.6756056,11,2021-10-21T22:00:37Z,2015
46723,10.1715135,46.6756056,11,2021-10-21T22:00:37Z,2015
46723,10.1733774,46.669184,7,2021-10-22T02:00:37Z,1952
46723,10.1733645,46.669179,7,2021-10-22T02:00:37Z,1952
46723,10.1733774,46.669184,7,2021-10-22T02:00:37Z,1952
46723,10.1754749,46.6673094,11,2021-10-22T06:00:37Z,1919
46723,10.1754749,46.6673094,11,2021-10-22T06:00:37Z,1919
46723,10.175462,46.6673043,11,2021-10-22T06:00:37Z,1919
46723,10.1760796,46.6676633,27,2021-10-22T10:00:54Z,1956
46723,10.1760796,46.6676633,27,2021-10-22T10:00:54Z,1956
46723,10.1760667,46.6676582,27,2021-10-22T10:00:54Z,1946
46723,10.1775008,46.667179,14,2021-10-22T14:01:00Z,1962
46723,10.1774985,46.6671726,14,2021-10-22T14:01:00Z,1962
46723,10.1774985,46.6671726,14,2021-10-22T14:01:00Z,1962
46723,10.1780995,46.66664,8,2021-10-22T18:03:00Z,1977
46723,10.1780995,46.66664,8,2021-10-22T18:03:00Z,1977
46723,10.178089,46.6666476,8,2021-10-22T18:03:00Z,1977
46723,10.1785354,46.666776,7,2021-10-22T22:01:00Z,1994
46723,10.1785354,46.666776,7,2021-10-22T22:01:00Z,1994
46723,10.1785354,46.6667698,7,2021-10-22T22:01:00Z,1994
46723,10.1785996,46.6667641,9,2021-10-23T02:00:37Z,1994
46723,10.1785996,46.6667641,9,2021-10-23T02:00:37Z,1994
46723,10.1785868,46.6667652,9,2021-10-23T02:00:37Z,1994
46723,10.1762058,46.6671824,9,2021-10-23T06:00:37Z,1939
46723,10.1762187,46.6671813,9,2021-10-23T06:00:37Z,1939
46723,10.1762187,46.6671813,9,2021-10-23T06:00:37Z,1939
46723,10.1756134,46.6668934,18,2021-10-23T10:00:37Z,1930
46723,10.1756134,46.6668934,18,2021-10-23T10:00:37Z,1930
46723,10.1756005,46.6668884,18,2021-10-23T10:00:37Z,1930
46723,10.1768184,46.6668919,13,2021-10-23T14:01:00Z,1950
46723,10.1768184,46.6668919,13,2021-10-23T14:01:00Z,1950
46723,10.1768184,46.6668919,13,2021-10-23T14:01:00Z,1950
46723,10.1772944,46.6670537,11,2021-10-23T18:03:00Z,1962
46723,10.1772944,46.6670537,11,2021-10-23T18:03:00Z,1962
46723,10.1772839,46.6670551,11,2021-10-23T18:03:00Z,1962
46723,10.177121,46.6671562,8,2021-10-23T22:00:37Z,1962
46723,10.1771105,46.6671638,8,2021-10-23T22:00:37Z,1962
46723,10.177121,46.6671562,8,2021-10-23T22:00:37Z,1962
46723,10.1770267,46.6668684,8,2021-10-24T02:00:37Z,1950
46723,10.1770267,46.6668684,8,2021-10-24T02:00:37Z,1950
46723,10.1770267,46.6668684,8,2021-10-24T02:00:37Z,1950
46723,10.177123,46.6663101,9,2021-10-24T06:00:37Z,1942
46723,10.1771124,46.6663177,9,2021-10-24T06:00:37Z,1942
46723,10.177123,46.6663101,9,2021-10-24T06:00:37Z,1942
46723,10.175676,46.6663338,18,2021-10-24T10:02:33Z,1898
46723,10.1756632,46.666335,18,2021-10-24T10:02:33Z,1898
46723,10.175676,46.6663338,18,2021-10-24T10:02:33Z,1898
46723,10.1755224,46.6668494,15,2021-10-24T14:00:37Z,1919
46723,10.1755224,46.6668494,15,2021-10-24T14:00:37Z,1919
46723,10.1755095,46.6668443,15,2021-10-24T14:00:37Z,1919
46723,10.1764788,46.6673763,11,2021-10-24T18:03:00Z,1956
46723,10.1764765,46.6673698,11,2021-10-24T18:03:00Z,1956
46723,10.1764765,46.6673698,11,2021-10-24T18:03:00Z,1956
46723,10.1778219,46.6669023,12,2021-10-24T22:01:06Z,1974
46723,10.1778325,46.6668947,12,2021-10-24T22:01:06Z,1974
46723,10.1778325,46.6668947,12,2021-10-24T22:01:06Z,1974
46723,10.1721825,46.6692695,12,2021-10-25T02:01:04Z,1938
46723,10.1721825,46.6692695,12,2021-10-25T02:01:04Z,1938
46723,10.1721697,46.6692645,12,2021-10-25T02:01:04Z,1938
46723,10.1746975,46.666671,15,2021-10-25T06:00:39Z,1892
46723,10.1746846,46.6666659,15,2021-10-25T06:00:39Z,1892
46723,10.1746975,46.666671,15,2021-10-25T06:00:39Z,1892
46723,10.1743226,46.6666064,21,2021-10-25T10:01:08Z,1885
46723,10.1743355,46.6666114,21,2021-10-25T10:01:08Z,1885
46723,10.1743355,46.6666114,21,2021-10-25T10:01:08Z,1885
46723,10.1714182,46.6646063,18,2021-10-25T14:01:08Z,1833
46723,10.1714077,46.6646077,18,2021-10-25T14:01:08Z,1833
46723,10.1714182,46.6646063,18,2021-10-25T14:01:08Z,1833
46723,10.1716057,46.67203,14,2021-10-25T18:03:00Z,1942
46723,10.1716057,46.67203,14,2021-10-25T18:03:00Z,1942
46723,10.1740833,46.6686539,9,2021-10-25T22:00:39Z,1947
46723,10.174081,46.6686475,9,2021-10-25T22:00:39Z,1947
46723,10.174081,46.6686475,9,2021-10-25T22:00:39Z,1947
46723,10.1763717,46.6678858,7,2021-10-26T02:00:39Z,1973
46723,10.1763717,46.6678858,7,2021-10-26T02:00:39Z,1973
46723,10.1759619,46.6676064,6,2021-10-26T06:00:39Z,1946
46723,10.1759619,46.6676003,6,2021-10-26T06:00:39Z,1946
46723,10.1759619,46.6676064,6,2021-10-26T06:00:39Z,1946
46723,10.1744341,46.6647882,19,2021-10-26T10:01:34Z,1850
46723,10.1744341,46.6647882,19,2021-10-26T10:01:34Z,1850
46723,10.1743652,46.6678173,14,2021-10-26T14:00:39Z,1940
46723,10.1743652,46.6678173,14,2021-10-26T14:00:39Z,1940
46723,10.1743675,46.6678176,14,2021-10-26T14:00:39Z,1940
46723,10.1726368,46.6698952,10,2021-10-26T18:00:39Z,1949
46723,10.1726368,46.6698952,10,2021-10-26T18:00:39Z,1949
46723,10.172865,46.6701552,10,2021-10-26T22:00:39Z,1958
46723,10.1728673,46.6701617,10,2021-10-26T22:00:39Z,1958
46723,10.172865,46.6701552,10,2021-10-26T22:00:39Z,1958
46723,10.1726797,46.6702431,9,2021-10-27T02:00:39Z,1958
46723,10.1726797,46.6702431,9,2021-10-27T02:00:39Z,1958
46723,10.1712793,46.6711996,7,2021-10-27T06:00:39Z,1931
46723,10.1712922,46.6711985,7,2021-10-27T06:00:39Z,1931
46723,10.1712922,46.6711985,7,2021-10-27T06:00:39Z,1931
46723,10.1719262,46.6715355,18,2021-10-27T10:00:39Z,1957
46723,10.1719262,46.6715355,18,2021-10-27T10:00:39Z,1957
46723,10.1718849,46.6721549,16,2021-10-27T14:01:02Z,1968
46723,10.1718872,46.6721552,16,2021-10-27T14:01:02Z,1968
46723,10.1718849,46.6721549,16,2021-10-27T14:01:02Z,1968
46723,10.1733595,46.6699057,8,2021-10-27T18:01:04Z,1966
46723,10.1733595,46.6699057,8,2021-10-27T18:01:04Z,1966
46723,10.1729055,46.6701635,10,2021-10-27T22:00:39Z,1958
46723,10.1729055,46.6701635,10,2021-10-27T22:00:39Z,1958
46723,10.172895,46.6701649,10,2021-10-27T22:00:39Z,1958
46723,10.1744924,46.6704372,10,2021-10-28T02:00:39Z,2005
46723,10.1744924,46.6704372,10,2021-10-28T02:00:39Z,2005
46723,10.1729173,46.6721528,8,2021-10-28T06:00:39Z,2016
46723,10.1729173,46.6721528,8,2021-10-28T06:00:39Z,2016
46723,10.1729173,46.6721528,8,2021-10-28T06:00:39Z,2016
46723,10.1739862,46.6738695,19,2021-10-28T10:01:08Z,2091
46723,10.1739862,46.6738695,19,2021-10-28T10:01:08Z,2091
46723,10.1759055,46.6700534,16,2021-10-28T14:02:59Z,2032
46723,10.1759055,46.6700534,16,2021-10-28T14:02:59Z,2032
46723,10.1758926,46.6700483,16,2021-10-28T14:02:59Z,2032
46723,10.1726879,46.6713769,9,2021-10-28T18:00:37Z,2000
46723,10.1726879,46.6713769,9,2021-10-28T18:00:37Z,2000
46723,10.1727321,46.6709324,10,2021-10-28T22:01:38Z,1982
46723,10.1727321,46.6709324,10,2021-10-28T22:01:38Z,1982
46723,10.1727321,46.6709324,10,2021-10-28T22:01:38Z,1982
46723,10.1726922,46.6702781,9,2021-10-29T02:00:37Z,1968
46723,10.1726922,46.6702781,9,2021-10-29T02:00:37Z,1968
46723,10.1704669,46.6706118,15,2021-10-29T06:00:37Z,1908
46723,10.1704798,46.6706169,15,2021-10-29T06:00:37Z,1908
46723,10.1704798,46.6706169,15,2021-10-29T06:00:37Z,1908
46723,10.1758884,46.6742635,18,2021-10-29T10:00:37Z,2111
46723,10.1758884,46.6742635,18,2021-10-29T10:00:37Z,2111
46723,10.175344,46.6718564,13,2021-10-29T14:02:06Z,2114
46723,10.1753335,46.6718578,13,2021-10-29T14:02:06Z,2114
46723,10.175344,46.6718564,13,2021-10-29T14:02:06Z,2114
46723,10.1752695,46.669933,14,2021-10-29T18:00:37Z,2013
46723,10.1752695,46.669933,14,2021-10-29T18:00:37Z,2013
46723,10.1747852,46.669995,10,2021-10-29T22:00:37Z,1997
46723,10.1747723,46.6699962,10,2021-10-29T22:00:37Z,1997
46723,10.1747852,46.669995,10,2021-10-29T22:00:37Z,1997
46723,10.1743816,46.6704614,11,2021-10-30T02:00:37Z,2005
46723,10.1743816,46.6704614,11,2021-10-30T02:00:37Z,2005
46723,10.1738583,46.6729758,10,2021-10-30T06:00:37Z,2081
46723,10.1738689,46.6729744,10,2021-10-30T06:00:37Z,2081
46723,10.1738689,46.6729744,10,2021-10-30T06:00:37Z,2081
46723,10.1758781,46.6698042,17,2021-10-30T10:00:37Z,2032
46723,10.1758781,46.6698042,17,2021-10-30T10:00:37Z,2032
46723,10.1752801,46.6708202,14,2021-10-30T14:00:37Z,2072
46723,10.1752801,46.6708202,14,2021-10-30T14:00:37Z,2072
46723,10.1752695,46.6708278,14,2021-10-30T14:00:37Z,2072
46723,10.1747644,46.670764,15,2021-10-30T18:01:36Z,2055
46723,10.1747644,46.670764,15,2021-10-30T18:01:36Z,2055
46723,10.1752431,46.6698285,13,2021-10-30T22:00:37Z,2013
46723,10.1752431,46.6698347,13,2021-10-30T22:00:37Z,2013
46723,10.1752431,46.6698347,13,2021-10-30T22:00:37Z,2013
46723,10.176009,46.6703854,7,2021-10-31T03:00:37Z,2059
46723,10.176009,46.6703854,7,2021-10-31T03:00:37Z,2059
46723,10.1801287,46.6669385,14,2021-10-31T07:01:00Z,2062
46723,10.1801158,46.6669335,14,2021-10-31T07:01:00Z,2062
46723,10.1801287,46.6669385,14,2021-10-31T07:01:00Z,2062
46723,10.1730463,46.6710622,21,2021-10-31T11:01:06Z,1982
46723,10.1730463,46.6710622,21,2021-10-31T11:01:06Z,1982
46723,10.1733875,46.6720327,15,2021-10-31T15:01:06Z,2041
46723,10.1733875,46.6720327,15,2021-10-31T15:01:06Z,2041
46723,10.1733875,46.6720327,15,2021-10-31T15:01:06Z,2041
46723,10.1731003,46.6714784,16,2021-10-31T19:00:37Z,2000
46723,10.1731003,46.6714784,16,2021-10-31T19:00:37Z,2000
46723,10.172405,46.6707358,13,2021-10-31T23:00:37Z,1957
46723,10.1724155,46.6707282,13,2021-10-31T23:00:37Z,1957
46723,10.1724155,46.6707282,13,2021-10-31T23:00:37Z,1957
46723,10.1725102,46.6707454,15,2021-11-01T03:00:37Z,1957
46723,10.1725102,46.6707454,15,2021-11-01T03:00:37Z,1957
46723,10.1746813,46.6700694,15,2021-11-01T07:01:06Z,1997
46723,10.1746813,46.6700632,15,2021-11-01T07:01:06Z,1997
46723,10.1746813,46.6700694,15,2021-11-01T07:01:06Z,1997
46723,10.1758356,46.6700003,13,2021-11-01T11:00:38Z,2032
46723,10.1758356,46.6700003,13,2021-11-01T11:00:38Z,2032
46723,10.1734291,46.6708527,9,2021-11-01T15:01:30Z,1999
46723,10.1734396,46.6708451,9,2021-11-01T15:01:30Z,1999
46723,10.1734396,46.6708451,9,2021-11-01T15:01:30Z,1999
46723,10.1734396,46.6708451,12,2021-11-01T19:01:38Z,1999
46723,10.1734396,46.6708451,12,2021-11-01T19:01:38Z,1999
46723,10.1753246,46.6699323,14,2021-11-01T23:00:37Z,2013
46723,10.1753246,46.6699323,14,2021-11-01T23:00:37Z,2013
46723,10.1753269,46.6699387,14,2021-11-01T23:00:37Z,2013
46723,10.1756747,46.6697613,10,2021-11-02T03:00:37Z,2008
46723,10.1756747,46.6697613,10,2021-11-02T03:00:37Z,2008
46723,10.1748264,46.6718255,18,2021-11-02T07:00:37Z,2102
46723,10.1748264,46.6718255,18,2021-11-02T07:00:37Z,2102
46723,10.1748264,46.6718255,18,2021-11-02T07:00:37Z,2102
46723,10.1750315,46.6705772,28,2021-11-02T11:00:37Z,2023
46723,10.1750315,46.6705772,28,2021-11-02T11:00:37Z,2023
46723,10.1750315,46.6705772,14,2021-11-02T15:01:38Z,2023
46723,10.1750315,46.6705772,14,2021-11-02T15:01:38Z,2023
46723,10.1750315,46.6705772,14,2021-11-02T15:01:38Z,2023
46723,10.1766635,46.6689034,12,2021-11-02T19:00:37Z,2023
46723,10.1766635,46.6689034,12,2021-11-02T19:00:37Z,2023
46723,10.1765646,46.6694544,10,2021-11-02T23:01:06Z,2026
46723,10.1765622,46.6694479,10,2021-11-02T23:01:06Z,2026
46723,10.1765622,46.6694479,10,2021-11-02T23:01:06Z,2026
46723,10.1757116,46.6699815,9,2021-11-03T03:00:37Z,2032
46723,10.1757116,46.6699815,9,2021-11-03T03:00:37Z,2032
46723,10.1752283,46.669818,11,2021-11-03T07:00:37Z,2013
46723,10.1752154,46.669813,11,2021-11-03T07:00:37Z,2013
46723,10.1752283,46.669818,11,2021-11-03T07:00:37Z,2013
46723,10.1761834,46.6693785,11,2021-11-03T11:01:02Z,2026
46723,10.1761834,46.6693785,11,2021-11-03T11:01:02Z,2026
46723,10.1762342,46.6681687,10,2021-11-03T15:01:36Z,1973
46723,10.1762342,46.6681687,10,2021-11-03T15:01:36Z,1973
46723,10.1762342,46.6681625,10,2021-11-03T15:01:36Z,1973
46723,10.1756239,46.6675091,15,2021-11-03T19:01:02Z,1946
46723,10.1756239,46.6675091,15,2021-11-03T19:01:02Z,1946
46723,10.1756556,46.6674987,6,2021-11-03T23:02:25Z,1946
46723,10.1756579,46.6675051,6,2021-11-03T23:02:25Z,1946
46723,10.1756556,46.6674987,6,2021-11-03T23:02:25Z,1946
46723,10.1758316,46.6677183,9,2021-11-04T03:00:37Z,1946
46723,10.1758316,46.6677183,9,2021-11-04T03:00:37Z,1946
46723,10.1761597,46.6681583,10,2021-11-04T07:00:37Z,1973
46723,10.1761597,46.6681521,10,2021-11-04T07:00:37Z,1973
46723,10.1761597,46.6681583,10,2021-11-04T07:00:37Z,1973
46723,10.1749962,46.6695901,21,2021-11-04T11:00:37Z,1979
46723,10.1749962,46.6695901,21,2021-11-04T11:00:37Z,1979
46723,10.1759803,46.6691822,11,2021-11-04T15:01:39Z,1991
46723,10.1759909,46.6691746,11,2021-11-04T15:01:39Z,1991
46723,10.1759909,46.6691746,11,2021-11-04T15:01:39Z,1991
46723,10.1765995,46.6694902,9,2021-11-04T19:00:37Z,2044
46723,10.1765995,46.6694902,9,2021-11-04T19:00:37Z,2044
46723,10.1764314,46.6694222,7,2021-11-04T23:01:07Z,2026
46723,10.1764314,46.6694222,7,2021-11-04T23:01:07Z,2026
46723,10.1764314,46.669416,7,2021-11-04T23:01:07Z,2026
46723,10.1737677,46.6710506,6,2021-11-05T03:00:37Z,2017
46723,10.1737677,46.6710506,6,2021-11-05T03:00:37Z,2017
46723,10.1733875,46.6711626,6,2021-11-05T07:01:06Z,1999
46723,10.1733875,46.6711626,6,2021-11-05T07:01:06Z,1999
46723,10.173377,46.671164,6,2021-11-05T07:01:06Z,1999
46723,10.1709738,46.6732731,23,2021-11-05T11:00:37Z,1966
46723,10.1709738,46.6732731,23,2021-11-05T11:00:37Z,1966
46723,10.1697379,46.6743677,8,2021-11-05T15:01:32Z,1933
46723,10.1697484,46.6743662,8,2021-11-05T15:01:32Z,1933
46723,10.1697484,46.6743662,8,2021-11-05T15:01:32Z,1933
46723,10.1718849,46.6725252,5,2021-11-05T19:01:06Z,1984
46723,10.1718849,46.6725252,5,2021-11-05T19:01:06Z,1984
46723,10.1719225,46.6724511,5,2021-11-05T23:02:22Z,1984
46723,10.1719225,46.6724511,5,2021-11-05T23:02:22Z,1984
46723,10.1719096,46.6724522,5,2021-11-05T23:02:22Z,1984
46723,10.1717873,46.6724813,3,2021-11-06T03:01:08Z,1984
46723,10.1717873,46.6724813,3,2021-11-06T03:01:08Z,1984
46723,10.1724662,46.6728816,5,2021-11-06T07:00:37Z,2023
46723,10.1724639,46.6728752,5,2021-11-06T07:00:37Z,2023
46723,10.1724639,46.6728752,5,2021-11-06T07:00:37Z,2023
46723,10.1725856,46.6735355,24,2021-11-06T11:00:37Z,2038
46723,10.1725856,46.6735355,24,2021-11-06T11:00:37Z,2038
46723,10.1734148,46.6730347,10,2021-11-06T15:01:01Z,2063
46723,10.1734148,46.6730347,10,2021-11-06T15:01:01Z,2063
46723,10.173402,46.6730358,10,2021-11-06T15:01:01Z,2063
46723,10.1737407,46.6704012,5,2021-11-06T19:00:54Z,1992
46723,10.1737407,46.6704012,5,2021-11-06T19:00:54Z,1992
46723,10.1737245,46.6710597,3,2021-11-06T23:01:30Z,2017
46723,10.1737245,46.6710597,3,2021-11-06T23:01:30Z,2017
46723,10.1737139,46.6710673,3,2021-11-06T23:01:30Z,2017
46723,10.1737865,46.6710166,5,2021-11-07T03:00:37Z,2017
46723,10.1737865,46.6710166,5,2021-11-07T03:00:37Z,2017
46723,10.1754716,46.6718297,19,2021-11-07T07:00:37Z,2114
46723,10.1754716,46.6718297,19,2021-11-07T07:00:37Z,2114
46723,10.1754739,46.67183,19,2021-11-07T07:00:37Z,2114
46723,10.1749204,46.667626,21,2021-11-07T11:01:24Z,1928
46723,10.1749204,46.667626,21,2021-11-07T11:01:24Z,1928
46723,10.1787712,46.6700131,10,2021-11-07T15:00:37Z,2121
46723,10.1787735,46.6700134,10,2021-11-07T15:00:37Z,2121
46723,10.1787712,46.6700131,10,2021-11-07T15:00:37Z,2121
46723,10.1758458,46.6699733,7,2021-11-07T19:00:37Z,2032
46723,10.1758458,46.6699733,7,2021-11-07T19:00:37Z,2032
46723,10.1758485,46.6699128,8,2021-11-07T23:00:37Z,2032
46723,10.1758485,46.6699128,8,2021-11-07T23:00:37Z,2032
46723,10.1758485,46.6699128,8,2021-11-07T23:00:37Z,2032
46723,10.1756681,46.6699157,5,2021-11-08T03:00:37Z,2032
46723,10.1756681,46.6699157,5,2021-11-08T03:00:37Z,2032
46723,10.1766631,46.6683471,13,2021-11-08T07:01:00Z,2002
46723,10.1766503,46.6683482,13,2021-11-08T07:01:00Z,2002
46723,10.1766631,46.6683471,13,2021-11-08T07:01:00Z,2002
46723,10.1745286,46.6721921,30,2021-11-08T11:00:37Z,2087
46723,10.1745286,46.6721921,30,2021-11-08T11:00:37Z,2087
46723,10.1757139,46.6683094,11,2021-11-08T15:00:37Z,1977
46723,10.1757139,46.6683094,11,2021-11-08T15:00:37Z,1977
46723,10.1757034,46.6683109,11,2021-11-08T15:00:37Z,1977
46723,10.1758752,46.6683211,6,2021-11-08T19:00:37Z,1977
46723,10.1758752,46.6683211,6,2021-11-08T19:00:37Z,1977
46723,10.1756612,46.6684276,5,2021-11-08T23:00:37Z,1977
46723,10.175674,46.6684265,5,2021-11-08T23:00:37Z,1977
46723,10.175674,46.6684265,5,2021-11-08T23:00:37Z,1977
46723,10.1758692,46.6683045,3,2021-11-09T03:00:37Z,1965
46723,10.1758692,46.6683045,3,2021-11-09T03:00:37Z,1965
46723,10.1750875,46.6678146,12,2021-11-09T07:00:37Z,1928
46723,10.1750875,46.6678146,12,2021-11-09T07:00:37Z,1928
46723,10.1750875,46.6678146,12,2021-11-09T07:00:37Z,1928
46723,10.1746744,46.6671373,25,2021-11-09T11:01:06Z,1910
46723,10.1746744,46.6671373,25,2021-11-09T11:01:06Z,1910
46723,10.1793082,46.6689072,14,2021-11-09T15:00:37Z,2103
46723,10.1793082,46.6689072,14,2021-11-09T15:00:37Z,2103
46723,10.1793082,46.6689011,14,2021-11-09T15:00:37Z,2103
46723,10.1757852,46.6698534,10,2021-11-09T19:01:24Z,2032
46723,10.1757852,46.6698534,10,2021-11-09T19:01:24Z,2032
46723,10.1775513,46.6695537,12,2021-11-09T23:01:06Z,2078
46723,10.1775536,46.6695601,12,2021-11-09T23:01:06Z,2078
46723,10.1775513,46.6695537,12,2021-11-09T23:01:06Z,2078
46723,10.1739098,46.6714161,13,2021-11-10T03:00:37Z,2046
46723,10.1739098,46.6714161,13,2021-11-10T03:00:37Z,2046
46723,10.176614,46.6711598,14,2021-11-10T07:00:37Z,2105
46723,10.1766269,46.6711648,14,2021-11-10T07:00:37Z,2105
46723,10.1766269,46.6711648,14,2021-11-10T07:00:37Z,2105
46723,10.1746641,46.6722431,24,2021-11-10T11:00:37Z,2108
46723,10.1746641,46.6722431,24,2021-11-10T11:00:37Z,2108
46723,10.1690047,46.6723221,15,2021-11-10T15:01:54Z,1826
46723,10.1690176,46.6723209,15,2021-11-10T15:01:54Z,1826
46723,10.1690176,46.6723209,15,2021-11-10T15:01:54Z,1826
46723,10.1750535,46.6713176,8,2021-11-10T19:00:37Z,2085
46723,10.1750535,46.6713176,8,2021-11-10T19:00:37Z,2085
46723,10.1763865,46.6697353,9,2021-11-10T23:01:06Z,2026
46723,10.1763865,46.6697353,9,2021-11-10T23:01:06Z,2026
46723,10.1763865,46.6697353,9,2021-11-10T23:01:06Z,2026
46723,10.1755949,46.6698349,12,2021-11-11T03:00:37Z,2032
46723,10.1755949,46.6698349,12,2021-11-11T03:00:37Z,2032
46723,10.178398,46.6693237,14,2021-11-11T07:00:37Z,2093
46723,10.178398,46.6693237,14,2021-11-11T07:00:37Z,2093
46723,10.1784003,46.6693302,14,2021-11-11T07:00:37Z,2093
46723,10.174678,46.6722385,24,2021-11-11T11:00:37Z,2108
46723,10.174678,46.6722385,24,2021-11-11T11:00:37Z,2108
46723,10.1737323,46.6739574,13,2021-11-11T15:00:37Z,2091
46723,10.1737323,46.6739636,13,2021-11-11T15:00:37Z,2091
46723,10.1737323,46.6739636,13,2021-11-11T15:00:37Z,2091
46723,10.1759263,46.6699755,11,2021-11-11T19:00:37Z,2032
46723,10.1759263,46.6699755,11,2021-11-11T19:00:37Z,2032
46723,10.1764119,46.6698184,9,2021-11-11T23:01:06Z,2049
46723,10.1764119,46.6698184,9,2021-11-11T23:01:06Z,2049
46723,10.1764142,46.6698249,9,2021-11-11T23:01:06Z,2049
46723,10.1770063,46.6695637,7,2021-11-12T03:00:37Z,2044
46723,10.1770063,46.6695637,7,2021-11-12T03:00:37Z,2044
46723,10.1801063,46.6674807,14,2021-11-12T07:00:37Z,2075
46723,10.1800935,46.6674757,14,2021-11-12T07:00:37Z,2075
46723,10.1801063,46.6674807,14,2021-11-12T07:00:37Z,2075
46723,10.1757868,46.6694446,25,2021-11-12T11:00:37Z,2008
46723,10.1757868,46.6694446,25,2021-11-12T11:00:37Z,2008
46723,10.1750394,46.6716298,15,2021-11-12T15:00:37Z,2085
46723,10.1750394,46.671636,15,2021-11-12T15:00:37Z,2085
46723,10.1750394,46.671636,15,2021-11-12T15:00:37Z,2085
46723,10.178993,46.6771656,12,2021-11-12T19:00:37Z,2014
46723,10.178993,46.6771656,12,2021-11-12T19:00:37Z,2014
46723,10.1759902,46.6701108,9,2021-11-12T23:00:54Z,2032
46723,10.1760008,46.6701094,9,2021-11-12T23:00:54Z,2032
46723,10.1760008,46.6701094,9,2021-11-12T23:00:54Z,2032
46723,10.1765148,46.669118,10,2021-11-13T03:00:37Z,2006
46723,10.1765148,46.669118,10,2021-11-13T03:00:37Z,2006
46723,10.1727148,46.6726186,10,2021-11-13T07:00:37Z,2030
46723,10.1727148,46.6726125,10,2021-11-13T07:00:37Z,2030
46723,10.1727148,46.6726186,10,2021-11-13T07:00:37Z,2030
46723,10.1732337,46.6672587,20,2021-11-13T11:00:37Z,1896
46723,10.1732337,46.6672587,20,2021-11-13T11:00:37Z,1896
46723,10.1714094,46.6582795,14,2021-11-13T15:00:37Z,1717
46723,10.1714071,46.6582792,14,2021-11-13T15:00:37Z,1717
46723,10.1714071,46.6582792,14,2021-11-13T15:00:37Z,1717
46723,10.1756437,46.6690022,12,2021-11-13T19:01:08Z,1991
46723,10.1756437,46.6690022,12,2021-11-13T19:01:08Z,1991
46723,10.1760657,46.6699573,12,2021-11-13T23:01:39Z,2032
46723,10.1760529,46.6699523,12,2021-11-13T23:01:39Z,2032
46723,10.1760657,46.6699573,12,2021-11-13T23:01:39Z,2032
46723,10.1738627,46.6696986,9,2021-11-14T03:00:37Z,1966
46723,10.1738627,46.6696986,9,2021-11-14T03:00:37Z,1966
46723,10.1750592,46.66797,11,2021-11-14T07:00:36Z,1947
46723,10.175072,46.6679689,11,2021-11-14T07:00:36Z,1947
46723,10.175072,46.6679689,11,2021-11-14T07:00:36Z,1947
46723,10.1761382,46.6677529,16,2021-11-14T11:00:37Z,1956
46723,10.1761382,46.6677529,16,2021-11-14T11:00:37Z,1956
46723,10.1761551,46.6696759,12,2021-11-14T15:01:08Z,2026
46723,10.1761551,46.6696697,12,2021-11-14T15:01:08Z,2026
46723,10.1761551,46.6696759,12,2021-11-14T15:01:08Z,2026
46723,10.1758686,46.6699071,8,2021-11-14T19:00:37Z,2032
46723,10.1758686,46.6699071,8,2021-11-14T19:00:37Z,2032
46723,10.1774132,46.6693041,7,2021-11-14T23:00:37Z,2062
46723,10.1774109,46.6692976,7,2021-11-14T23:00:37Z,2062
46723,10.1774109,46.6692976,7,2021-11-14T23:00:37Z,2062
46723,10.1758564,46.669978,10,2021-11-15T03:00:37Z,2032
46723,10.1758564,46.669978,10,2021-11-15T03:00:37Z,2032
46723,10.1758564,46.669978,12,2021-11-15T07:01:39Z,2032
46723,10.1758564,46.669978,12,2021-11-15T07:01:39Z,2032
46723,10.1758564,46.669978,12,2021-11-15T07:01:39Z,2032
46723,10.1733843,46.6673088,17,2021-11-15T11:00:37Z,1896
46723,10.1733843,46.6673088,17,2021-11-15T11:00:37Z,1896
46723,10.1672856,46.6673145,13,2021-11-15T15:01:07Z,1824
46723,10.1672856,46.6673145,13,2021-11-15T15:01:07Z,1824
46723,10.1672856,46.6673145,13,2021-11-15T15:01:07Z,1824
46723,10.1728793,46.6656096,11,2021-11-15T19:00:54Z,1859
46723,10.1728793,46.6656096,11,2021-11-15T19:00:54Z,1859
46723,10.1758564,46.6699657,12,2021-11-15T23:01:06Z,2032
46723,10.1758458,46.6699671,12,2021-11-15T23:01:06Z,2032
46723,10.1758564,46.6699657,12,2021-11-15T23:01:06Z,2032
46723,10.1758076,46.6698913,7,2021-11-16T03:00:37Z,2032
46723,10.1758076,46.6698913,7,2021-11-16T03:00:37Z,2032
46723,10.1752385,46.6720804,10,2021-11-16T07:01:00Z,2114
46723,10.175228,46.6720818,10,2021-11-16T07:01:00Z,2114
46723,10.1752385,46.6720804,10,2021-11-16T07:01:00Z,2114
46723,10.170685,46.6648687,16,2021-11-16T11:01:00Z,1818
46723,10.170685,46.6648687,16,2021-11-16T11:01:00Z,1818
46723,10.1750654,46.6675493,14,2021-11-16T15:00:37Z,1928
46723,10.1750526,46.6675443,14,2021-11-16T15:00:37Z,1928
46723,10.1750654,46.6675493,14,2021-11-16T15:00:37Z,1928
46723,10.1753021,46.6678086,13,2021-11-16T19:00:37Z,1937
46723,10.1753021,46.6678086,13,2021-11-16T19:00:37Z,1937
46723,10.1753021,46.6678086,12,2021-11-16T23:01:39Z,1937
46723,10.1753021,46.6678086,12,2021-11-16T23:01:39Z,1937
46723,10.1753021,46.6678086,12,2021-11-16T23:01:39Z,1937
46723,10.1755164,46.6674746,12,2021-11-17T03:00:37Z,1937
46723,10.1755164,46.6674746,12,2021-11-17T03:00:37Z,1937
46723,10.175528,46.667044,15,2021-11-17T07:00:37Z,1919
46723,10.175528,46.667044,15,2021-11-17T07:00:37Z,1919
46723,10.175528,46.667044,15,2021-11-17T07:00:37Z,1919
46723,10.1701812,46.6653701,20,2021-11-17T11:01:24Z,1827
46723,10.1701812,46.6653701,20,2021-11-17T11:01:24Z,1827
46723,10.1687184,46.6680412,14,2021-11-17T15:01:06Z,1864
46723,10.1687184,46.6680412,14,2021-11-17T15:01:06Z,1864
46723,10.1687079,46.6680488,14,2021-11-17T15:01:06Z,1864
46723,10.1753533,46.6616009,13,2021-11-17T19:00:56Z,1828
46723,10.1753533,46.6616009,13,2021-11-17T19:00:56Z,1828
46723,10.1742328,46.6570796,13,2021-11-17T23:00:37Z,1748
46723,10.1742351,46.6570799,13,2021-11-17T23:00:37Z,1748
46723,10.1742328,46.6570796,13,2021-11-17T23:00:37Z,1748
46723,10.1757251,46.6566645,13,2021-11-18T03:01:00Z,1774
46723,10.1757251,46.6566645,13,2021-11-18T03:01:00Z,1774
46723,10.1845707,46.6585938,12,2021-11-18T07:00:37Z,2061
46723,10.1845707,46.6585938,12,2021-11-18T07:00:37Z,2061
46723,10.1845579,46.658595,12,2021-11-18T07:00:37Z,2061
46723,10.1876274,46.6582175,17,2021-11-18T11:01:36Z,1983
46723,10.1876274,46.6582175,17,2021-11-18T11:01:36Z,1983
46723,10.1812408,46.6612982,10,2021-11-18T15:01:07Z,2036
46723,10.1812536,46.661297,10,2021-11-18T15:01:07Z,2036
46723,10.1812536,46.661297,10,2021-11-18T15:01:07Z,2036
46723,10.17897,46.662287,9,2021-11-18T19:00:37Z,1923
46723,10.17897,46.662287,9,2021-11-18T19:00:37Z,1923
46723,10.1705092,46.6578657,8,2021-11-18T23:01:06Z,1682
46723,10.1705092,46.6578657,8,2021-11-18T23:01:06Z,1682
46723,10.1704963,46.6578668,8,2021-11-18T23:01:06Z,1682
46723,10.1729446,46.6656004,5,2021-11-19T03:00:37Z,1859
46723,10.1729446,46.6656004,5,2021-11-19T03:00:37Z,1859
46723,10.1743141,46.6660332,9,2021-11-19T07:00:37Z,1871
46723,10.1743141,46.6660332,9,2021-11-19T07:00:37Z,1871
46723,10.1743141,46.666027,9,2021-11-19T07:00:37Z,1871
46723,10.1747094,46.6665621,25,2021-11-19T11:00:37Z,1892
46723,10.1747094,46.6665621,25,2021-11-19T11:00:37Z,1892
46723,10.1747094,46.6665621,12,2021-11-19T15:01:39Z,1892
46723,10.1747094,46.6665621,12,2021-11-19T15:01:39Z,1892
46723,10.1747094,46.6665621,12,2021-11-19T15:01:39Z,1892
46723,10.1709829,46.667169,7,2021-11-19T19:00:37Z,1872
46723,10.1709829,46.667169,7,2021-11-19T19:00:37Z,1872
46723,10.1717174,46.6674965,6,2021-11-19T23:00:37Z,1898
46723,10.1717174,46.6674965,6,2021-11-19T23:00:37Z,1898
46723,10.1717174,46.6674965,6,2021-11-19T23:00:37Z,1898
46723,10.1728555,46.6688388,8,2021-11-20T03:00:37Z,1945
46723,10.1728555,46.6688388,8,2021-11-20T03:00:37Z,1945
46723,10.1726024,46.6722865,11,2021-11-20T07:00:37Z,2007
46723,10.1725896,46.6722876,11,2021-11-20T07:00:37Z,2007
46723,10.1726024,46.6722865,11,2021-11-20T07:00:37Z,2007
46723,10.168336,46.66819,21,2021-11-20T11:00:37Z,1864
46723,10.168336,46.66819,21,2021-11-20T11:00:37Z,1864
46723,10.1558782,46.6766906,12,2021-11-20T15:02:00Z,1903
46723,10.1558782,46.6766906,12,2021-11-20T15:02:00Z,1903
46723,10.1558782,46.6766844,12,2021-11-20T15:02:00Z,1903
46723,10.1708536,46.6710922,11,2021-11-20T19:00:36Z,1913
46723,10.1708536,46.6710922,11,2021-11-20T19:00:36Z,1913
46723,10.1741288,46.6678799,9,2021-11-20T23:00:37Z,1940
46723,10.1741288,46.6678861,9,2021-11-20T23:00:37Z,1940
46723,10.1741288,46.6678861,9,2021-11-20T23:00:37Z,1940
46723,10.1746187,46.6676792,10,2021-11-21T03:00:37Z,1928
46723,10.1746187,46.6676792,10,2021-11-21T03:00:37Z,1928
46723,10.1749827,46.6674481,9,2021-11-21T07:00:37Z,1928
46723,10.1749827,46.6674542,9,2021-11-21T07:00:37Z,1928
46723,10.1749827,46.6674542,9,2021-11-21T07:00:37Z,1928
46723,10.1707278,46.6651611,21,2021-11-21T11:00:37Z,1836
46723,10.1707278,46.6651611,21,2021-11-21T11:00:37Z,1836
46723,10.1707278,46.6651611,12,2021-11-21T15:01:38Z,1836
46723,10.1707278,46.6651611,12,2021-11-21T15:01:38Z,1836
46723,10.1707278,46.6651611,12,2021-11-21T15:01:38Z,1836
46723,10.1722471,46.6632529,11,2021-11-21T19:00:37Z,1797
46723,10.1722471,46.6632529,11,2021-11-21T19:00:37Z,1797
46723,10.1729809,46.6656028,12,2021-11-21T23:00:37Z,1859
46723,10.1729785,46.6656026,12,2021-11-21T23:00:37Z,1859
46723,10.1729785,46.6656026,12,2021-11-21T23:00:37Z,1859
46723,10.1739696,46.666584,10,2021-11-22T03:00:37Z,1881
46723,10.1739696,46.666584,10,2021-11-22T03:00:37Z,1881
46723,10.1709559,46.6661617,13,2021-11-22T07:00:37Z,1856
46723,10.1709665,46.6661541,13,2021-11-22T07:00:37Z,1856
46723,10.1709665,46.6661541,13,2021-11-22T07:00:37Z,1856
46723,10.1706985,46.6651409,13,2021-11-22T11:00:37Z,1836
46723,10.1706985,46.6651409,13,2021-11-22T11:00:37Z,1836
46723,10.1766655,46.6563512,10,2021-11-22T15:01:37Z,1779
46723,10.1766678,46.6563515,10,2021-11-22T15:01:37Z,1779
46723,10.1766655,46.6563512,10,2021-11-22T15:01:37Z,1779
46723,10.1750678,46.6568423,13,2021-11-22T19:00:37Z,1742
46723,10.1750678,46.6568423,13,2021-11-22T19:00:37Z,1742
46723,10.1758632,46.6566365,10,2021-11-22T23:02:36Z,1774
46723,10.1758655,46.6566429,10,2021-11-22T23:02:36Z,1774
46723,10.1758632,46.6566365,10,2021-11-22T23:02:36Z,1774
46723,10.1698835,46.6646136,8,2021-11-23T03:00:37Z,1805
46723,10.1698835,46.6646136,8,2021-11-23T03:00:37Z,1805
46723,10.1690653,46.6611262,11,2021-11-23T07:00:37Z,1746
46723,10.1690548,46.6611276,11,2021-11-23T07:00:37Z,1746
46723,10.1690653,46.6611262,11,2021-11-23T07:00:37Z,1746
46723,10.1690653,46.6611262,12,2021-11-23T11:01:38Z,1746
46723,10.1690653,46.6611262,12,2021-11-23T11:01:38Z,1746
46723,10.1690653,46.6611262,11,2021-11-23T15:01:38Z,1746
46723,10.1690653,46.6611262,11,2021-11-23T15:01:38Z,1746
46723,10.1690653,46.6611262,11,2021-11-23T15:01:38Z,1746
46723,10.173798,46.6570945,13,2021-11-23T19:00:37Z,1736
46723,10.173798,46.6570945,13,2021-11-23T19:00:37Z,1736
46723,10.1753724,46.656285,9,2021-11-23T23:00:37Z,1734
46723,10.1753724,46.6562789,9,2021-11-23T23:00:37Z,1734
46723,10.1753724,46.656285,9,2021-11-23T23:00:37Z,1734
46723,10.1773264,46.6551651,7,2021-11-24T03:00:37Z,1746
46723,10.1773264,46.6551651,7,2021-11-24T03:00:37Z,1746
46723,10.1717238,46.6641691,4,2021-11-24T07:00:54Z,1824
46723,10.1717238,46.6641691,4,2021-11-24T07:00:54Z,1824
46723,10.1717262,46.6641756,4,2021-11-24T07:00:54Z,1824
46723,10.1722396,46.6682438,22,2021-11-24T11:00:37Z,1920
46723,10.1722396,46.6682438,22,2021-11-24T11:00:37Z,1920
46723,10.1698819,46.6715103,10,2021-11-24T15:00:37Z,1872
46723,10.1698796,46.6715101,10,2021-11-24T15:00:37Z,1872
46723,10.1698796,46.6715101,10,2021-11-24T15:00:37Z,1872
46723,10.1693919,46.6713654,8,2021-11-24T19:00:37Z,1856
46723,10.1693919,46.6713654,8,2021-11-24T19:00:37Z,1856
46723,10.1708209,46.6719823,0,2021-11-24T23:00:37Z,1915
46723,10.1708186,46.6719821,0,2021-11-24T23:00:37Z,1915
46723,10.1708186,46.6719821,0,2021-11-24T23:00:37Z,1915
46723,10.170809,46.6720048,3,2021-11-25T03:00:37Z,1915
46723,10.170809,46.6720048,3,2021-11-25T03:00:37Z,1915
46723,10.171907,46.6721672,8,2021-11-25T07:00:37Z,1968
46723,10.1718965,46.6721686,8,2021-11-25T07:00:37Z,1968
46723,10.171907,46.6721672,8,2021-11-25T07:00:37Z,1968
46723,10.171907,46.6721672,14,2021-11-25T11:01:39Z,1968
46723,10.171907,46.6721672,14,2021-11-25T11:01:39Z,1968
46723,10.1748228,46.6687052,10,2021-11-25T15:00:37Z,1958
46723,10.1748099,46.6687064,10,2021-11-25T15:00:37Z,1958
46723,10.1748228,46.6687052,10,2021-11-25T15:00:37Z,1958
46723,10.1763489,46.66976,10,2021-11-25T19:00:37Z,2026
46723,10.1763489,46.66976,10,2021-11-25T19:00:37Z,2026
46723,10.1763776,46.6693155,12,2021-11-25T23:00:37Z,2026
46723,10.1763776,46.6693155,12,2021-11-25T23:00:37Z,2026
46723,10.1763799,46.6693219,12,2021-11-25T23:00:37Z,2026
46723,10.1756998,46.6698682,11,2021-11-26T03:00:37Z,2032
46723,10.1756998,46.6698682,11,2021-11-26T03:00:37Z,2032
46723,10.1749279,46.6718126,11,2021-11-26T07:00:37Z,2102
46723,10.1749279,46.6718126,11,2021-11-26T07:00:37Z,2102
46723,10.1749174,46.6718202,11,2021-11-26T07:00:37Z,2102
46723,10.1708416,46.6726142,13,2021-11-26T11:00:37Z,1929
46723,10.1708416,46.6726142,13,2021-11-26T11:00:37Z,1929
46723,10.1685348,46.6615347,11,2021-11-26T15:01:30Z,1743
46723,10.1685348,46.6615347,11,2021-11-26T15:01:30Z,1743
46723,10.1685371,46.6615349,11,2021-11-26T15:01:30Z,1743
46723,10.1699013,46.6649903,9,2021-11-26T19:00:37Z,1814
46723,10.1699013,46.6649903,9,2021-11-26T19:00:37Z,1814
46723,10.1753585,46.6676326,9,2021-11-26T23:00:37Z,1937
46723,10.1753714,46.6676377,9,2021-11-26T23:00:37Z,1937
46723,10.1753714,46.6676377,9,2021-11-26T23:00:37Z,1937
46723,10.1754686,46.6673598,6,2021-11-27T03:00:37Z,1937
46723,10.1754686,46.6673598,6,2021-11-27T03:00:37Z,1937
46723,10.1686049,46.6733919,5,2021-11-27T07:00:37Z,1830
46723,10.1686178,46.6733908,5,2021-11-27T07:00:37Z,1830
46723,10.1686178,46.6733908,5,2021-11-27T07:00:37Z,1830
46723,10.1856602,46.680235,13,2021-11-27T11:00:55Z,2262
46723,10.1856602,46.680235,13,2021-11-27T11:00:55Z,2262
46723,10.1742553,46.6718246,8,2021-11-27T15:00:37Z,2087
46723,10.1742553,46.6718246,8,2021-11-27T15:00:37Z,2087
46723,10.1742553,46.6718246,8,2021-11-27T15:00:37Z,2087
46723,10.1758577,46.6699447,7,2021-11-27T19:00:37Z,2032
46723,10.1758577,46.6699447,7,2021-11-27T19:00:37Z,2032
46723,10.1757898,46.6682803,8,2021-11-27T23:00:37Z,1965
46723,10.1757898,46.6682803,8,2021-11-27T23:00:37Z,1965
46723,10.1757898,46.6682803,8,2021-11-27T23:00:37Z,1965
46723,10.1758577,46.6683093,3,2021-11-28T03:00:37Z,1977
46723,10.1758577,46.6683093,3,2021-11-28T03:00:37Z,1977
46723,10.1750084,46.6673964,6,2021-11-28T07:00:37Z,1928
46723,10.1750061,46.6673899,6,2021-11-28T07:00:37Z,1928
46723,10.1750061,46.6673899,6,2021-11-28T07:00:37Z,1928
46723,10.1741667,46.6676524,9,2021-11-28T11:00:37Z,1921
46723,10.1741667,46.6676524,9,2021-11-28T11:00:37Z,1921
46723,10.1737828,46.671062,8,2021-11-28T15:00:37Z,2017
46723,10.1737828,46.671062,8,2021-11-28T15:00:37Z,2017
46723,10.17377,46.6710632,8,2021-11-28T15:00:37Z,2017
46723,10.1737617,46.6710834,4,2021-11-28T19:00:37Z,2017
46723,10.1737617,46.6710834,4,2021-11-28T19:00:37Z,2017
46723,10.1732477,46.6714946,3,2021-11-28T23:00:37Z,2023
46723,10.1732583,46.671487,3,2021-11-28T23:00:37Z,2023
46723,10.1732583,46.671487,3,2021-11-28T23:00:37Z,2023
46723,10.1732454,46.6715005,9,2021-11-29T03:00:37Z,2023
46723,10.1732454,46.6715005,9,2021-11-29T03:00:37Z,2023
46723,10.1719485,46.6731902,5,2021-11-29T07:00:37Z,2001
46723,10.1719485,46.6731964,5,2021-11-29T07:00:37Z,2001
46723,10.1719485,46.6731964,5,2021-11-29T07:00:37Z,2001
46723,10.1707615,46.6730201,5,2021-11-29T11:00:37Z,1948
46723,10.1707615,46.6730201,5,2021-11-29T11:00:37Z,1948
46723,10.1710448,46.6722057,7,2021-11-29T15:00:37Z,1915
46723,10.1710448,46.6722057,7,2021-11-29T15:00:37Z,1915
46723,10.1710471,46.672206,7,2021-11-29T15:00:37Z,1915
46723,10.1711091,46.6721938,5,2021-11-29T19:00:37Z,1915
46723,10.1711091,46.6721938,5,2021-11-29T19:00:37Z,1915
46723,10.1717481,46.6727359,1,2021-11-29T23:00:37Z,2001
46723,10.1717481,46.6727297,1,2021-11-29T23:00:37Z,2001
46723,10.1717481,46.6727359,1,2021-11-29T23:00:37Z,2001
46723,10.1717072,46.6727144,2,2021-11-30T03:00:37Z,2001
46723,10.1717072,46.6727144,2,2021-11-30T03:00:37Z,2001
46723,10.171601,46.6734056,5,2021-11-30T07:00:37Z,1993
46723,10.171601,46.6734056,5,2021-11-30T07:00:37Z,1993
46723,10.1715904,46.6734132,5,2021-11-30T07:00:37Z,1993
46723,10.1721322,46.67253,7,2021-11-30T11:01:08Z,1984
46723,10.1721322,46.67253,7,2021-11-30T11:01:08Z,1984
46723,10.1721879,46.672778,8,2021-11-30T15:00:37Z,2023
46723,10.1721879,46.672778,8,2021-11-30T15:00:37Z,2023
46723,10.1721879,46.6727718,8,2021-11-30T15:00:37Z,2023
46723,10.172059,46.6729244,5,2021-11-30T19:00:37Z,2001
46723,10.172059,46.6729244,5,2021-11-30T19:00:37Z,2001
46723,10.172059,46.6729244,8,2021-11-30T23:01:39Z,2001
46723,10.172059,46.6729244,8,2021-11-30T23:01:39Z,2001
46723,10.172059,46.6729244,8,2021-11-30T23:01:39Z,2001
46723,10.1720761,46.6729105,11,2021-12-01T03:00:37Z,2001
46723,10.1720761,46.6729105,11,2021-12-01T03:00:37Z,2001
46723,10.1703631,46.6734703,8,2021-12-01T07:00:37Z,1936
46723,10.1703631,46.6734703,8,2021-12-01T07:00:37Z,1936
46723,10.1703526,46.6734779,8,2021-12-01T07:00:37Z,1936
46723,10.1741756,46.6690966,16,2021-12-01T11:01:26Z,1962
46723,10.1741756,46.6690966,16,2021-12-01T11:01:26Z,1962
46723,10.1762062,46.6681707,11,2021-12-01T15:00:37Z,1973
46723,10.1762085,46.6681772,11,2021-12-01T15:00:37Z,1973
46723,10.1762062,46.6681707,11,2021-12-01T15:00:37Z,1973
46723,10.1759302,46.6682278,9,2021-12-01T19:00:37Z,1965
46723,10.1759302,46.6682278,9,2021-12-01T19:00:37Z,1965
46723,10.1754541,46.66785,6,2021-12-01T23:00:37Z,1956
46723,10.175467,46.667855,6,2021-12-01T23:00:37Z,1956
46723,10.175467,46.667855,6,2021-12-01T23:00:37Z,1956
46723,10.1764653,46.6685111,7,2021-12-02T03:00:37Z,1988
46723,10.1764653,46.6685111,7,2021-12-02T03:00:37Z,1988
46723,10.1759068,46.6682551,9,2021-12-02T07:00:37Z,1965
46723,10.1759091,46.6682553,9,2021-12-02T07:00:37Z,1965
46723,10.1759068,46.6682551,9,2021-12-02T07:00:37Z,1965
46723,10.1750222,46.6674474,29,2021-12-02T11:00:37Z,1928
46723,10.1750222,46.6674474,29,2021-12-02T11:00:37Z,1928
46723,10.1751742,46.6674641,8,2021-12-02T15:00:37Z,1937
46723,10.1751765,46.6674705,8,2021-12-02T15:00:37Z,1937
46723,10.1751742,46.6674641,8,2021-12-02T15:00:37Z,1937
46723,10.1755178,46.6673857,6,2021-12-02T19:00:37Z,1937
46723,10.1755178,46.6673857,6,2021-12-02T19:00:37Z,1937
46723,10.1754693,46.6676887,3,2021-12-02T23:00:37Z,1937
46723,10.1754693,46.6676887,3,2021-12-02T23:00:37Z,1937
46723,10.1754588,46.6676901,3,2021-12-02T23:00:37Z,1937
46723,10.1754433,46.6673692,4,2021-12-03T03:00:37Z,1937
46723,10.1754433,46.6673692,4,2021-12-03T03:00:37Z,1937
46723,10.1750084,46.6673594,1,2021-12-03T07:00:37Z,1928
46723,10.1750084,46.6673594,1,2021-12-03T07:00:37Z,1928
46723,10.1750084,46.6673594,1,2021-12-03T07:00:37Z,1928
46723,10.1752735,46.6673213,16,2021-12-03T11:01:06Z,1919
46723,10.1752735,46.6673213,16,2021-12-03T11:01:06Z,1919
46723,10.176012,46.6682708,6,2021-12-03T15:00:37Z,1965
46723,10.1760248,46.6682696,6,2021-12-03T15:00:37Z,1965
46723,10.1760248,46.6682696,6,2021-12-03T15:00:37Z,1965
46723,10.1761102,46.6683104,6,2021-12-03T19:00:37Z,1988
46723,10.1761102,46.6683104,6,2021-12-03T19:00:37Z,1988
46723,10.1757993,46.6682761,7,2021-12-03T23:00:37Z,1965
46723,10.1757993,46.6682761,7,2021-12-03T23:00:37Z,1965
46723,10.1758016,46.6682764,7,2021-12-03T23:00:37Z,1965
46723,10.175889,46.6683288,8,2021-12-04T03:01:06Z,1977
46723,10.175889,46.6683288,8,2021-12-04T03:01:06Z,1977
46723,10.175889,46.6683288,7,2021-12-04T07:01:39Z,1977
46723,10.175889,46.6683288,7,2021-12-04T07:01:39Z,1977
46723,10.175889,46.6683288,7,2021-12-04T07:01:39Z,1977
46723,10.1749738,46.6678367,16,2021-12-04T11:00:37Z,1947
46723,10.1749738,46.6678367,16,2021-12-04T11:00:37Z,1947
46723,10.1746269,46.667696,11,2021-12-04T15:00:37Z,1928
46723,10.1746269,46.667696,11,2021-12-04T15:00:37Z,1928
46723,10.1746292,46.6676963,11,2021-12-04T15:00:37Z,1928
46723,10.1746352,46.6677067,8,2021-12-04T19:00:37Z,1928
46723,10.1746352,46.6677067,8,2021-12-04T19:00:37Z,1928
46723,10.1742148,46.6674164,7,2021-12-04T23:00:37Z,1921
46723,10.174202,46.6674176,7,2021-12-04T23:00:37Z,1921
46723,10.1742148,46.6674164,7,2021-12-04T23:00:37Z,1921
46723,10.1746329,46.6676879,5,2021-12-05T03:00:37Z,1928
46723,10.1746329,46.6676879,5,2021-12-05T03:00:37Z,1928
46723,10.1760357,46.6680161,6,2021-12-05T07:00:37Z,1965
46723,10.1760357,46.6680223,6,2021-12-05T07:00:37Z,1965
46723,10.1760357,46.6680223,6,2021-12-05T07:00:37Z,1965
46723,10.1762487,46.6686658,18,2021-12-05T11:00:37Z,1988
46723,10.1762487,46.6686658,18,2021-12-05T11:00:37Z,1988
46723,10.1752491,46.6681419,3,2021-12-05T15:00:37Z,1956
46723,10.1752385,46.6681495,3,2021-12-05T15:00:37Z,1956
46723,10.1752491,46.6681419,3,2021-12-05T15:00:37Z,1956
46723,10.1752293,46.6681299,4,2021-12-05T19:00:37Z,1956
46723,10.1752293,46.6681299,4,2021-12-05T19:00:37Z,1956
46723,10.1746154,46.6676823,6,2021-12-05T23:00:37Z,1928
46723,10.1746154,46.6676823,6,2021-12-05T23:00:37Z,1928
46723,10.1746154,46.6676823,6,2021-12-05T23:00:37Z,1928
46723,10.1746283,46.6676997,2,2021-12-06T03:00:37Z,1928
46723,10.1746283,46.6676997,2,2021-12-06T03:00:37Z,1928
46723,10.1749909,46.667397,4,2021-12-06T07:01:08Z,1928
46723,10.1749909,46.667397,4,2021-12-06T07:01:08Z,1928
46723,10.1749781,46.6673982,4,2021-12-06T07:01:08Z,1928
46723,10.1742755,46.6681719,11,2021-12-06T11:00:37Z,1940
46723,10.1742755,46.6681719,11,2021-12-06T11:00:37Z,1940
46723,10.1757825,46.6683341,2,2021-12-06T15:00:37Z,1977
46723,10.1757825,46.6683341,2,2021-12-06T15:00:37Z,1977
46723,10.1757825,46.6683341,2,2021-12-06T15:00:37Z,1977
46723,10.1757456,46.6682496,1,2021-12-06T19:00:37Z,1965
46723,10.1757456,46.6682496,1,2021-12-06T19:00:37Z,1965
46723,10.1761465,46.6682511,2,2021-12-06T23:00:38Z,1973
46723,10.1761465,46.6682511,2,2021-12-06T23:00:38Z,1973
46723,10.1761359,46.6682587,2,2021-12-06T23:00:38Z,1973
46723,10.1758639,46.6682713,3,2021-12-07T03:00:37Z,1965
46723,10.1758639,46.6682713,3,2021-12-07T03:00:37Z,1965
46723,10.1756269,46.6678383,6,2021-12-07T07:00:37Z,1965
46723,10.1756269,46.6678445,6,2021-12-07T07:00:37Z,1965
46723,10.1756269,46.6678445,6,2021-12-07T07:00:37Z,1965
46723,10.174108,46.66905,16,2021-12-07T11:00:37Z,1958
46723,10.174108,46.66905,16,2021-12-07T11:00:37Z,1958
46723,10.1756869,46.669857,5,2021-12-07T15:00:37Z,2032
46723,10.1756869,46.6698632,5,2021-12-07T15:00:37Z,2032
46723,10.1756869,46.6698632,5,2021-12-07T15:00:37Z,2032
46723,10.1756684,46.6698302,4,2021-12-07T19:00:37Z,2032
46723,10.1756684,46.6698302,4,2021-12-07T19:00:37Z,2032
46723,10.1728152,46.6703126,8,2021-12-07T23:00:37Z,1968
46723,10.1728129,46.6703061,8,2021-12-07T23:00:37Z,1968
46723,10.1728129,46.6703061,8,2021-12-07T23:00:37Z,1968
46723,10.1752088,46.6698378,6,2021-12-08T03:00:37Z,2013
46723,10.1752088,46.6698378,6,2021-12-08T03:00:37Z,2013
46723,10.1738673,46.6696745,6,2021-12-08T07:00:37Z,1966
46723,10.1738544,46.6696695,6,2021-12-08T07:00:37Z,1966
46723,10.1738673,46.6696745,6,2021-12-08T07:00:37Z,1966
46723,10.1741518,46.6699684,6,2021-12-08T11:00:37Z,1983
46723,10.1741518,46.6699684,6,2021-12-08T11:00:37Z,1983
46723,10.1737011,46.6697787,7,2021-12-08T15:00:37Z,1975
46723,10.1737011,46.6697787,7,2021-12-08T15:00:37Z,1975
46723,10.1736882,46.6697737,7,2021-12-08T15:00:37Z,1975
46723,10.1737466,46.6710719,4,2021-12-08T19:00:37Z,2017
46723,10.1737466,46.6710719,4,2021-12-08T19:00:37Z,2017
46723,10.173584,46.6710751,9,2021-12-08T23:00:37Z,1999
46723,10.173584,46.6710751,9,2021-12-08T23:00:37Z,1999
46723,10.1735735,46.6710827,9,2021-12-08T23:00:37Z,1999
46723,10.1736249,46.6710905,8,2021-12-09T03:00:37Z,1999
46723,10.1736249,46.6710905,8,2021-12-09T03:00:37Z,1999
46723,10.1735171,46.6713636,4,2021-12-09T07:00:37Z,2023
46723,10.1735194,46.6713639,4,2021-12-09T07:00:37Z,2023
46723,10.1735171,46.6713636,4,2021-12-09T07:00:37Z,2023
46723,10.1739134,46.6704697,7,2021-12-09T11:00:37Z,1992
46723,10.1739134,46.6704697,7,2021-12-09T11:00:37Z,1992
46723,10.1737278,46.6710689,6,2021-12-09T15:00:37Z,2017
46723,10.1737383,46.6710613,6,2021-12-09T15:00:37Z,2017
46723,10.1737383,46.6710613,6,2021-12-09T15:00:37Z,2017
46723,10.1736074,46.6710911,8,2021-12-09T19:01:00Z,1999
46723,10.1736074,46.6710911,8,2021-12-09T19:01:00Z,1999
46723,10.1735946,46.6710676,2,2021-12-09T23:00:37Z,1999
46723,10.1736074,46.6710726,2,2021-12-09T23:00:37Z,1999
46723,10.1736074,46.6710726,2,2021-12-09T23:00:37Z,1999
46723,10.1736002,46.671114,6,2021-12-10T03:00:37Z,1999
46723,10.1736002,46.671114,6,2021-12-10T03:00:37Z,1999
46723,10.1736223,46.6713978,5,2021-12-10T07:00:37Z,2023
46723,10.1736223,46.6713916,5,2021-12-10T07:00:37Z,2023
46723,10.1736223,46.6713978,5,2021-12-10T07:00:37Z,2023
46723,10.173981,46.6705842,8,2021-12-10T11:00:37Z,1992
46723,10.173981,46.6705842,8,2021-12-10T11:00:37Z,1992
46723,10.173608400000001,46.6710938,8,2021-12-10T15:00:37Z,1999
46723,10.173619,46.6710924,8,2021-12-10T15:00:37Z,1999
46723,10.173619,46.6710924,8,2021-12-10T15:00:37Z,1999
46723,10.1735032,46.6711707,7,2021-12-10T19:01:00Z,1999
46723,10.1735032,46.6711707,7,2021-12-10T19:01:00Z,1999
46723,10.1735642,46.671094,10,2021-12-10T23:00:37Z,1999
46723,10.1735642,46.671094,10,2021-12-10T23:00:37Z,1999
46723,10.1735642,46.671094,10,2021-12-10T23:00:37Z,1999
46723,10.1736332,46.6710888,7,2021-12-11T03:00:37Z,2017
46723,10.1736332,46.6710888,7,2021-12-11T03:00:37Z,2017
46723,10.1735883,46.671408,7,2021-12-11T07:00:37Z,2023
46723,10.1735883,46.671408,7,2021-12-11T07:00:37Z,2023
46723,10.1735754,46.6714091,7,2021-12-11T07:00:37Z,2023
46723,10.1736058,46.671395,15,2021-12-11T11:00:37Z,2023
46723,10.1736058,46.671395,15,2021-12-11T11:00:37Z,2023
46723,10.1728685,46.6716217,6,2021-12-11T15:00:37Z,2000
46723,10.1728791,46.6716141,6,2021-12-11T15:00:37Z,2000
46723,10.1728791,46.6716141,6,2021-12-11T15:00:37Z,2000
46723,10.1732794,46.671478,5,2021-12-11T19:00:37Z,2023
46723,10.1732794,46.671478,5,2021-12-11T19:00:37Z,2023
46723,10.173552,46.671387,7,2021-12-11T23:00:37Z,2023
46723,10.173552,46.671387,7,2021-12-11T23:00:37Z,2023
46723,10.1735543,46.6713873,7,2021-12-11T23:00:37Z,2023
46723,10.1731966,46.6714755,2,2021-12-12T03:00:37Z,2023
46723,10.1731966,46.6714755,2,2021-12-12T03:00:37Z,2023
46723,10.173255,46.6714531,2,2021-12-12T07:00:37Z,2023
46723,10.1732527,46.6714529,2,2021-12-12T07:00:37Z,2023
46723,10.1732527,46.6714529,2,2021-12-12T07:00:37Z,2023
46723,10.1737413,46.6713966,30,2021-12-12T11:00:37Z,2046
46723,10.1737413,46.6713966,30,2021-12-12T11:00:37Z,2046
46723,10.1732504,46.6713909,9,2021-12-12T15:00:37Z,2023
46723,10.1732609,46.6713833,9,2021-12-12T15:00:37Z,2023
46723,10.1732609,46.6713833,9,2021-12-12T15:00:37Z,2023
46723,10.1732701,46.6714708,7,2021-12-12T19:00:37Z,2023
46723,10.1732701,46.6714708,7,2021-12-12T19:00:37Z,2023
46723,10.1730186,46.6715157,10,2021-12-12T23:00:37Z,2000
46723,10.1730186,46.6715157,10,2021-12-12T23:00:37Z,2000
46723,10.1730209,46.671516,10,2021-12-12T23:00:37Z,2000
46723,10.1727267,46.6718433,8,2021-12-13T03:00:37Z,2016
46723,10.1727267,46.6718433,8,2021-12-13T03:00:37Z,2016
46723,10.1728144,46.6719522,6,2021-12-13T07:01:30Z,2016
46723,10.1728121,46.6719458,6,2021-12-13T07:01:30Z,2016
46723,10.1728121,46.6719458,6,2021-12-13T07:01:30Z,2016
46723,10.1713253,46.6730255,30,2021-12-13T11:00:37Z,1976
46723,10.1713253,46.6730255,30,2021-12-13T11:00:37Z,1976
46723,10.1729041,46.673344,10,2021-12-13T15:00:37Z,2055
46723,10.1729041,46.673344,10,2021-12-13T15:00:37Z,2055
46723,10.1728935,46.6733455,10,2021-12-13T15:00:37Z,2055
46723,10.1726693,46.6731458,9,2021-12-13T19:00:37Z,2043
46723,10.1726693,46.6731458,9,2021-12-13T19:00:37Z,2043
46723,10.1722374,46.6725766,7,2021-12-13T23:00:37Z,2007
46723,10.1722479,46.6725752,7,2021-12-13T23:00:37Z,2007
46723,10.1722479,46.6725752,7,2021-12-13T23:00:37Z,2007
46723,10.1721253,46.6725539,8,2021-12-14T03:00:37Z,1984
46723,10.1721253,46.6725539,8,2021-12-14T03:00:37Z,1984
46723,10.1721813,46.6725498,9,2021-12-14T07:00:37Z,2007
46723,10.1721813,46.6725436,9,2021-12-14T07:00:37Z,2007
46723,10.1721813,46.6725498,9,2021-12-14T07:00:37Z,2007
46723,10.1709313,46.6729693,20,2021-12-14T11:00:37Z,1948
46723,10.1709313,46.6729693,20,2021-12-14T11:00:37Z,1948
46723,10.1686811,46.6733328,8,2021-12-14T15:01:30Z,1830
46723,10.1686683,46.673334,8,2021-12-14T15:01:30Z,1830
46723,10.1686811,46.6733328,8,2021-12-14T15:01:30Z,1830
46723,10.1721382,46.6725589,10,2021-12-14T19:00:37Z,1984
46723,10.1721382,46.6725589,10,2021-12-14T19:00:37Z,1984
46723,10.1717883,46.672484,8,2021-12-14T23:00:37Z,1984
46723,10.1717989,46.6724826,8,2021-12-14T23:00:37Z,1984
46723,10.1717989,46.6724826,8,2021-12-14T23:00:37Z,1984
46723,10.172186,46.6725627,9,2021-12-15T03:00:37Z,2007
46723,10.172186,46.6725627,9,2021-12-15T03:00:37Z,2007
46723,10.1722852,46.6725742,8,2021-12-15T07:00:37Z,2007
46723,10.1722723,46.6725753,8,2021-12-15T07:00:37Z,2007
46723,10.1722852,46.6725742,8,2021-12-15T07:00:37Z,2007
46723,10.171724,46.6729835,24,2021-12-15T11:00:37Z,2001
46723,10.171724,46.6729835,24,2021-12-15T11:00:37Z,2001
46723,10.1718912,46.6725056,12,2021-12-15T15:01:24Z,1984
46723,10.1718912,46.6725056,12,2021-12-15T15:01:24Z,1984
46723,10.1718912,46.6724995,12,2021-12-15T15:01:24Z,1984
46723,10.1721266,46.6725391,10,2021-12-15T19:00:54Z,1984
46723,10.1721266,46.6725391,10,2021-12-15T19:00:54Z,1984
46723,10.1732832,46.6739389,8,2021-12-15T23:01:06Z,2078
46723,10.1732961,46.6739439,8,2021-12-15T23:01:06Z,2078
46723,10.1732961,46.6739439,8,2021-12-15T23:01:06Z,2078
46723,10.1728454,46.673458,6,2021-12-16T03:00:37Z,2055
46723,10.1728454,46.673458,6,2021-12-16T03:00:37Z,2055
46723,10.1725888,46.6738779,5,2021-12-16T07:01:07Z,2049
46723,10.1725865,46.6738714,5,2021-12-16T07:01:07Z,2049
46723,10.1725865,46.6738714,5,2021-12-16T07:01:07Z,2049
46723,10.1717078,46.6729816,28,2021-12-16T11:00:37Z,2001
46723,10.1717078,46.6729816,28,2021-12-16T11:00:37Z,2001
46723,10.1723627,46.6729261,8,2021-12-16T15:00:37Z,2023
46723,10.1723732,46.6729185,8,2021-12-16T15:00:37Z,2023
46723,10.1723732,46.6729185,8,2021-12-16T15:00:37Z,2023
46723,10.1728688,46.6734739,4,2021-12-16T19:01:36Z,2055
46723,10.1728688,46.6734739,4,2021-12-16T19:01:36Z,2055
46723,10.172821,46.6733159,5,2021-12-16T23:00:37Z,2055
46723,10.1728338,46.6733147,5,2021-12-16T23:00:37Z,2055
46723,10.1728338,46.6733147,5,2021-12-16T23:00:37Z,2055
46723,10.1728896,46.6735134,5,2021-12-17T03:00:37Z,2055
46723,10.1728896,46.6735134,5,2021-12-17T03:00:37Z,2055
46723,10.1729054,46.6733354,7,2021-12-17T07:00:37Z,2055
46723,10.1729054,46.6733354,7,2021-12-17T07:00:37Z,2055
46723,10.1729054,46.6733292,7,2021-12-17T07:00:37Z,2055
46723,10.1716445,46.6730148,21,2021-12-17T11:00:38Z,1976
46723,10.1716445,46.6730148,21,2021-12-17T11:00:38Z,1976
46723,10.1722183,46.6728071,10,2021-12-17T15:00:37Z,2023
46723,10.1722183,46.6728071,10,2021-12-17T15:00:37Z,2023
46723,10.1722183,46.6728071,10,2021-12-17T15:00:37Z,2023
46723,10.1719647,46.6727169,7,2021-12-17T19:01:06Z,2001
46723,10.1719647,46.6727169,7,2021-12-17T19:01:06Z,2001
46723,10.1721246,46.672768,7,2021-12-17T23:00:37Z,2001
46723,10.1721246,46.6727742,7,2021-12-17T23:00:37Z,2001
46723,10.1721246,46.6727742,7,2021-12-17T23:00:37Z,2001
46723,10.1720768,46.6727581,5,2021-12-18T03:00:37Z,2001
46723,10.1720768,46.6727581,5,2021-12-18T03:00:37Z,2001
46723,10.1720897,46.6727816,5,2021-12-18T07:00:37Z,2001
46723,10.1721025,46.6727805,5,2021-12-18T07:00:37Z,2001
46723,10.1721025,46.6727805,5,2021-12-18T07:00:37Z,2001
46723,10.1716511,46.6735516,23,2021-12-18T11:01:00Z,1993
46723,10.1716511,46.6735516,23,2021-12-18T11:01:00Z,1993
46723,10.1719538,46.6728223,10,2021-12-18T15:00:37Z,2001
46723,10.1719644,46.6728209,10,2021-12-18T15:00:37Z,2001
46723,10.1719644,46.6728209,10,2021-12-18T15:00:37Z,2001
46723,10.170028,46.6748438,7,2021-12-18T19:01:08Z,1941
46723,10.170028,46.6748438,7,2021-12-18T19:01:08Z,1941
46723,10.1711598,46.6734647,6,2021-12-18T23:00:37Z,1966
46723,10.1711598,46.6734585,6,2021-12-18T23:00:37Z,1966
46723,10.1711598,46.6734647,6,2021-12-18T23:00:37Z,1966
46723,10.1709062,46.6733252,8,2021-12-19T03:00:37Z,1966
46723,10.1709062,46.6733252,8,2021-12-19T03:00:37Z,1966
46723,10.1703408,46.6728709,7,2021-12-19T07:01:06Z,1918
46723,10.1703408,46.6728709,7,2021-12-19T07:01:06Z,1918
46723,10.1703302,46.6728723,7,2021-12-19T07:01:06Z,1918
46723,10.1688193,46.6733233,24,2021-12-19T11:00:37Z,1850
46723,10.1688193,46.6733233,24,2021-12-19T11:00:37Z,1850
46723,10.1718305,46.6724783,10,2021-12-19T15:01:08Z,1984
46723,10.1718305,46.6724783,10,2021-12-19T15:01:08Z,1984
46723,10.1718305,46.6724783,10,2021-12-19T15:01:08Z,1984
46723,10.172151,46.6725392,7,2021-12-19T19:01:00Z,1984
46723,10.172151,46.6725392,7,2021-12-19T19:01:00Z,1984
46723,10.1720887,46.6727542,5,2021-12-19T23:00:37Z,2001
46723,10.1720758,46.6727553,5,2021-12-19T23:00:37Z,2001
46723,10.1720887,46.6727542,5,2021-12-19T23:00:37Z,2001
46723,10.1718269,46.6732272,7,2021-12-20T03:00:37Z,2017
46723,10.1718269,46.6732272,7,2021-12-20T03:00:37Z,2017
46723,10.1715894,46.6734413,7,2021-12-20T07:00:37Z,1993
46723,10.1715766,46.6734363,7,2021-12-20T07:00:37Z,1993
46723,10.1715894,46.6734413,7,2021-12-20T07:00:37Z,1993
46723,10.1701808,46.6732332,19,2021-12-20T11:00:37Z,1906
46723,10.1701808,46.6732332,19,2021-12-20T11:00:37Z,1906
46723,10.1704571,46.6729858,11,2021-12-20T15:00:37Z,1918
46723,10.1704571,46.6729858,11,2021-12-20T15:00:37Z,1918
46723,10.1704443,46.6729808,11,2021-12-20T15:00:37Z,1918
46723,10.17102,46.6730501,7,2021-12-20T19:01:02Z,1948
46723,10.17102,46.6730501,7,2021-12-20T19:01:02Z,1948
46723,10.170954,46.6733536,5,2021-12-20T23:00:37Z,1966
46723,10.1709669,46.6733525,5,2021-12-20T23:00:37Z,1966
46723,10.1709669,46.6733525,5,2021-12-20T23:00:37Z,1966
46723,10.1709587,46.6733542,5,2021-12-21T03:00:37Z,1966
46723,10.1709587,46.6733542,5,2021-12-21T03:00:37Z,1966
46723,10.1708934,46.6733325,4,2021-12-21T07:00:37Z,1966
46723,10.1708934,46.6733325,4,2021-12-21T07:00:37Z,1966
46723,10.1708934,46.6733325,4,2021-12-21T07:00:37Z,1966
46723,10.1712749,46.6731439,21,2021-12-21T11:02:06Z,1976
46723,10.1712749,46.6731439,21,2021-12-21T11:02:06Z,1976
46723,10.1705353,46.6732716,6,2021-12-21T15:01:02Z,1936
46723,10.170533,46.6732714,6,2021-12-21T15:01:02Z,1936
46723,10.170533,46.6732714,6,2021-12-21T15:01:02Z,1936
46723,10.1708673,46.6733709,6,2021-12-21T19:00:35Z,1966
46723,10.1708673,46.6733709,6,2021-12-21T19:00:35Z,1966
46723,10.170413,46.6729551,5,2021-12-21T23:00:37Z,1918
46723,10.1704001,46.6729562,5,2021-12-21T23:00:37Z,1918
46723,10.170413,46.6729551,5,2021-12-21T23:00:37Z,1918
46723,10.1704199,46.6729621,3,2021-12-22T03:00:37Z,1918
46723,10.1704199,46.6729621,3,2021-12-22T03:00:37Z,1918
46723,10.170378,46.672944,3,2021-12-22T07:00:37Z,1918
46723,10.170378,46.672944,3,2021-12-22T07:00:37Z,1918
46723,10.1703652,46.6729451,3,2021-12-22T07:00:37Z,1918
46723,10.1709296,46.6731868,21,2021-12-22T11:00:37Z,1948
46723,10.1709296,46.6731868,21,2021-12-22T11:00:37Z,1948
46723,10.1709296,46.6731868,7,2021-12-22T15:01:39Z,1948
46723,10.1709296,46.6731868,7,2021-12-22T15:01:39Z,1948
46723,10.1709296,46.6731868,7,2021-12-22T15:01:39Z,1948
46723,10.1728348,46.6734594,0,2021-12-22T19:01:06Z,2055
46723,10.1728348,46.6734594,0,2021-12-22T19:01:06Z,2055
46723,10.1729169,46.6731886,4,2021-12-22T23:00:37Z,2043
46723,10.1729169,46.6731886,4,2021-12-22T23:00:37Z,2043
46723,10.1729192,46.6731951,4,2021-12-22T23:00:37Z,2043
46723,10.1701459,46.6732653,5,2021-12-23T03:00:37Z,1906
46723,10.1701459,46.6732653,5,2021-12-23T03:00:37Z,1906
46723,10.170133,46.6732727,4,2021-12-23T07:00:39Z,1906
46723,10.1701436,46.6732712,4,2021-12-23T07:00:39Z,1906
46723,10.1701436,46.6732712,4,2021-12-23T07:00:39Z,1906
46723,10.1714061,46.6729114,19,2021-12-23T11:01:02Z,1976
46723,10.1714061,46.6729114,19,2021-12-23T11:01:02Z,1976
46723,10.1720768,46.6727581,9,2021-12-23T15:00:56Z,2001
46723,10.172064,46.6727593,9,2021-12-23T15:00:56Z,2001
46723,10.1720768,46.6727581,9,2021-12-23T15:00:56Z,2001
46723,10.1719776,46.6727096,8,2021-12-23T19:00:39Z,1984
46723,10.1719776,46.6727096,8,2021-12-23T19:00:39Z,1984
46723,10.1721118,46.6727692,5,2021-12-23T23:01:09Z,2001
46723,10.1721118,46.6727692,5,2021-12-23T23:01:09Z,2001
46723,10.1720989,46.6727704,5,2021-12-23T23:01:09Z,2001
46723,10.1720616,46.6727405,5,2021-12-24T03:00:39Z,2001
46723,10.1720616,46.6727405,5,2021-12-24T03:00:39Z,2001
46723,10.1723146,46.6726745,8,2021-12-24T07:00:39Z,2007
46723,10.1723146,46.6726684,8,2021-12-24T07:00:39Z,2007
46723,10.1723146,46.6726745,8,2021-12-24T07:00:39Z,2007
46723,10.1721905,46.6736123,13,2021-12-24T11:01:07Z,2038
46723,10.1721905,46.6736123,13,2021-12-24T11:01:07Z,2038
46723,10.1709696,46.6730883,9,2021-12-24T15:01:30Z,1948
46723,10.1709696,46.6730883,9,2021-12-24T15:01:30Z,1948
46723,10.1709567,46.6730895,9,2021-12-24T15:01:30Z,1948
46723,10.1711536,46.6729597,8,2021-12-24T19:00:37Z,1948
46723,10.1711536,46.6729597,8,2021-12-24T19:00:37Z,1948
46723,10.1713497,46.673038,7,2021-12-24T23:00:37Z,1976
46723,10.1713497,46.6730442,7,2021-12-24T23:00:37Z,1976
46723,10.1713497,46.6730442,7,2021-12-24T23:00:37Z,1976
46723,10.1720616,46.6727713,7,2021-12-25T03:00:37Z,2001
46723,10.1720616,46.6727713,7,2021-12-25T03:00:37Z,2001
46723,10.1719482,46.6727326,7,2021-12-25T07:00:37Z,2001
46723,10.1719354,46.6727338,7,2021-12-25T07:00:37Z,2001
46723,10.1719482,46.6727326,7,2021-12-25T07:00:37Z,2001
46723,10.1711733,46.6727743,22,2021-12-25T11:00:37Z,1948
46723,10.1711733,46.6727743,22,2021-12-25T11:00:37Z,1948
46723,10.171232,46.6734934,11,2021-12-25T15:00:37Z,1993
46723,10.171232,46.6734934,11,2021-12-25T15:00:37Z,1993
46723,10.1712343,46.6734936,11,2021-12-25T15:00:37Z,1993
46723,10.1720986,46.672467,11,2021-12-25T19:00:37Z,1984
46723,10.1720986,46.672467,11,2021-12-25T19:00:37Z,1984
46723,10.1722832,46.672365,10,2021-12-25T23:03:00Z,2007
46723,10.1722704,46.67236,10,2021-12-25T23:03:00Z,2007
46723,10.1722832,46.672365,10,2021-12-25T23:03:00Z,2007
46723,10.1727386,46.6719011,8,2021-12-26T03:00:37Z,2016
46723,10.1727386,46.6719011,8,2021-12-26T03:00:37Z,2016
46723,10.1725546,46.672184,6,2021-12-26T07:00:37Z,1992
46723,10.1725546,46.672184,6,2021-12-26T07:00:37Z,1992
46723,10.1725546,46.6721778,6,2021-12-26T07:00:37Z,1992
46723,10.1728701,46.6733419,15,2021-12-26T11:00:37Z,2055
46723,10.1728701,46.6733419,15,2021-12-26T11:00:37Z,2055
46723,10.1724336,46.6728708,9,2021-12-26T15:02:30Z,2023
46723,10.1724359,46.6728711,9,2021-12-26T15:02:30Z,2023
46723,10.1724336,46.6728708,9,2021-12-26T15:02:30Z,2023
46723,10.1724745,46.6729046,9,2021-12-26T19:03:00Z,2023
46723,10.1724745,46.6729046,9,2021-12-26T19:03:00Z,2023
46723,10.172121,46.6727826,5,2021-12-26T23:00:37Z,2001
46723,10.1721081,46.6727838,5,2021-12-26T23:00:37Z,2001
46723,10.172121,46.6727826,5,2021-12-26T23:00:37Z,2001
46723,10.1720547,46.6727458,6,2021-12-27T03:00:37Z,2001
46723,10.1720547,46.6727458,6,2021-12-27T03:00:37Z,2001
46723,10.1720814,46.6727833,5,2021-12-27T07:00:37Z,2001
46723,10.1720814,46.6727833,5,2021-12-27T07:00:37Z,2001
46723,10.1720686,46.6727845,5,2021-12-27T07:00:37Z,2001
46723,10.1685552,46.6731419,17,2021-12-27T11:00:37Z,1815
46723,10.1685552,46.6731419,17,2021-12-27T11:00:37Z,1815
46723,10.170255,46.6728354,10,2021-12-27T15:01:06Z,1918
46723,10.170255,46.6728354,10,2021-12-27T15:01:06Z,1918
46723,10.170255,46.6728354,10,2021-12-27T15:01:06Z,1918
46723,10.1704014,46.6729969,9,2021-12-27T19:00:37Z,1918
46723,10.1704014,46.6729969,9,2021-12-27T19:00:37Z,1918
46723,10.1701551,46.6732602,5,2021-12-27T23:01:00Z,1906
46723,10.1701422,46.6732614,5,2021-12-27T23:01:00Z,1906
46723,10.1701551,46.6732602,5,2021-12-27T23:01:00Z,1906
46723,10.1698435,46.6729711,8,2021-12-28T03:00:37Z,1887
46723,10.1698435,46.6729711,8,2021-12-28T03:00:37Z,1887
46723,10.1695879,46.6732765,8,2021-12-28T07:00:37Z,1875
46723,10.1695902,46.6732768,8,2021-12-28T07:00:37Z,1875
46723,10.1695879,46.6732765,8,2021-12-28T07:00:37Z,1875
46723,10.1705475,46.6730095,13,2021-12-28T11:01:02Z,1918
46723,10.1705475,46.6730095,13,2021-12-28T11:01:02Z,1918
46723,10.1694973,46.6726348,11,2021-12-28T15:01:08Z,1846
46723,10.1695078,46.6726272,11,2021-12-28T15:01:08Z,1846
46723,10.1695078,46.6726272,11,2021-12-28T15:01:08Z,1846
46723,10.169904,46.6714856,8,2021-12-28T19:00:37Z,1872
46723,10.169904,46.6714856,8,2021-12-28T19:00:37Z,1872
46723,10.1718094,46.6724997,10,2021-12-28T23:00:37Z,1984
46723,10.1718094,46.6724935,10,2021-12-28T23:00:37Z,1984
46723,10.1718094,46.6724997,10,2021-12-28T23:00:37Z,1984
46723,10.1721606,46.672405500000004,7,2021-12-29T03:00:37Z,2007
46723,10.1721606,46.672405500000004,7,2021-12-29T03:00:37Z,2007
46723,10.1721886,46.6724281,9,2021-12-29T07:00:37Z,2007
46723,10.1722015,46.6724331,9,2021-12-29T07:00:37Z,2007
46723,10.1722015,46.6724331,9,2021-12-29T07:00:37Z,2007
46723,10.1714655,46.6732621,12,2021-12-29T11:00:37Z,1993
46723,10.1714655,46.6732621,12,2021-12-29T11:00:37Z,1993
46723,10.170686,46.6727478,10,2021-12-29T15:01:08Z,1918
46723,10.1706883,46.6727481,10,2021-12-29T15:01:08Z,1918
46723,10.170686,46.6727478,10,2021-12-29T15:01:08Z,1918
46723,10.1708037,46.672854,12,2021-12-29T19:00:54Z,1948
46723,10.1708037,46.672854,12,2021-12-29T19:00:54Z,1948
46723,10.1707536,46.6726154,11,2021-12-29T23:01:06Z,1929
46723,10.1707431,46.6726169,11,2021-12-29T23:01:06Z,1929
46723,10.1707536,46.6726154,11,2021-12-29T23:01:06Z,1929
46723,10.1707421,46.6728424,13,2021-12-30T03:00:37Z,1948
46723,10.1707421,46.6728424,13,2021-12-30T03:00:37Z,1948
46723,10.171391,46.6729308,11,2021-12-30T07:00:37Z,1976
46723,10.1713781,46.672932,11,2021-12-30T07:00:37Z,1976
46723,10.171391,46.6729308,11,2021-12-30T07:00:37Z,1976
46723,10.1717135,46.6724604,17,2021-12-30T11:00:37Z,1984
46723,10.1717135,46.6724604,17,2021-12-30T11:00:37Z,1984
46723,10.1726384,46.6721769,10,2021-12-30T15:01:08Z,1992
46723,10.1726489,46.6721755,10,2021-12-30T15:01:08Z,1992
46723,10.1726489,46.6721755,10,2021-12-30T15:01:08Z,1992
46723,10.1726489,46.6722187,9,2021-12-30T19:00:37Z,1992
46723,10.1726489,46.6722187,9,2021-12-30T19:00:37Z,1992
46723,10.1719087,46.672616,9,2021-12-30T23:00:37Z,1984
46723,10.171911,46.6726163,9,2021-12-30T23:00:37Z,1984
46723,10.1719087,46.672616,9,2021-12-30T23:00:37Z,1984
46723,10.1721286,46.6727791,7,2021-12-31T03:00:37Z,2001
46723,10.1721286,46.6727791,7,2021-12-31T03:00:37Z,2001
46723,10.1720481,46.6731286,7,2021-12-31T07:00:37Z,2001
46723,10.1720376,46.67313,7,2021-12-31T07:00:37Z,2001
46723,10.1720481,46.6731286,7,2021-12-31T07:00:37Z,2001
46723,10.1729192,46.6733863,31,2021-12-31T11:00:37Z,2055
46723,10.1729192,46.6733863,31,2021-12-31T11:00:37Z,2055
46723,10.1721807,46.6729244,11,2021-12-31T15:01:00Z,2023
46723,10.1721784,46.6729241,11,2021-12-31T15:01:00Z,2023
46723,10.1721784,46.6729241,11,2021-12-31T15:01:00Z,2023
46723,10.1726529,46.6720569,9,2021-12-31T19:01:36Z,2016
46723,10.1726529,46.6720569,9,2021-12-31T19:01:36Z,2016
46723,10.1720033,46.6727628,12,2021-12-31T23:01:36Z,2001
46723,10.1720138,46.6727614,12,2021-12-31T23:01:36Z,2001
46723,10.1720138,46.6727614,12,2021-12-31T23:01:36Z,2001
46723,10.172031,46.6729265,8,2022-01-01T03:00:37Z,2001
46723,10.172031,46.6729265,8,2022-01-01T03:00:37Z,2001
46723,10.1721223,46.6730455,8,2022-01-01T07:00:37Z,2001
46723,10.1721223,46.6730455,8,2022-01-01T07:00:37Z,2001
46723,10.1721246,46.6730519,8,2022-01-01T07:00:37Z,2001
46723,10.1733631,46.6731494,26,2022-01-01T11:00:37Z,2063
46723,10.1733631,46.6731494,26,2022-01-01T11:00:37Z,2063
46723,10.1728055,46.6733838,11,2022-01-01T15:00:37Z,2055
46723,10.1727926,46.6733849,11,2022-01-01T15:00:37Z,2055
46723,10.1728055,46.6733838,11,2022-01-01T15:00:37Z,2055
46723,10.1724428,46.6728966,10,2022-01-01T19:02:22Z,2023
46723,10.1724428,46.6728966,10,2022-01-01T19:02:22Z,2023
46723,10.172027,46.6729586,7,2022-01-01T23:01:09Z,2001
46723,10.172027,46.6729586,7,2022-01-01T23:01:09Z,2001
46723,10.1720165,46.6729601,7,2022-01-01T23:01:09Z,2001
46723,10.1719261,46.6732511,10,2022-01-02T03:00:37Z,2017
46723,10.1719261,46.6732511,10,2022-01-02T03:00:37Z,2017
46723,10.1718668,46.673246,10,2022-01-02T07:01:02Z,2017
46723,10.1718773,46.6732384,10,2022-01-02T07:01:02Z,2017
46723,10.1718773,46.6732384,10,2022-01-02T07:01:02Z,2017
46723,10.1718275,46.6728341,26,2022-01-02T11:00:37Z,2001
46723,10.1718275,46.6728341,26,2022-01-02T11:00:37Z,2001
46723,10.1725803,46.6721755,13,2022-01-02T15:00:37Z,1992
46723,10.1725803,46.6721755,13,2022-01-02T15:00:37Z,1992
46723,10.1725803,46.6721755,13,2022-01-02T15:00:37Z,1992
46723,10.172675,46.6721309,9,2022-01-02T19:00:37Z,2016
46723,10.172675,46.6721309,9,2022-01-02T19:00:37Z,2016
46723,10.172607,46.6721944,9,2022-01-02T23:00:37Z,1992
46723,10.172607,46.6721944,9,2022-01-02T23:00:37Z,1992
46723,10.1725942,46.6721894,9,2022-01-02T23:00:37Z,1992
46723,10.1725899,46.6719738,8,2022-01-03T03:00:37Z,1992
46723,10.1725899,46.6719738,8,2022-01-03T03:00:37Z,1992
46723,10.1722855,46.6724455,11,2022-01-03T07:00:37Z,2007
46723,10.1722855,46.6724455,11,2022-01-03T07:00:37Z,2007
46723,10.172275,46.6724469,11,2022-01-03T07:00:37Z,2007
46723,10.1695196,46.6741846,20,2022-01-03T11:00:37Z,1909
46723,10.1695196,46.6741846,20,2022-01-03T11:00:37Z,1909
46723,10.1710408,46.6731204,13,2022-01-03T15:02:06Z,1948
46723,10.1710431,46.6731206,13,2022-01-03T15:02:06Z,1948
46723,10.1710408,46.6731204,13,2022-01-03T15:02:06Z,1948
46723,10.1714908,46.6732465,10,2022-01-03T19:02:30Z,1993
46723,10.1714908,46.6732465,10,2022-01-03T19:02:30Z,1993
46723,10.1718519,46.6731429,11,2022-01-03T23:00:37Z,2001
46723,10.1718391,46.673144,11,2022-01-03T23:00:37Z,2001
46723,10.1718519,46.6731429,11,2022-01-03T23:00:37Z,2001
46723,10.1720415,46.672925,11,2022-01-04T03:00:37Z,2001
46723,10.1720415,46.672925,11,2022-01-04T03:00:37Z,2001
46723,10.1725948,46.6728207,11,2022-01-04T07:00:37Z,2023
46723,10.1726077,46.6728257,11,2022-01-04T07:00:37Z,2023
46723,10.1726077,46.6728257,11,2022-01-04T07:00:37Z,2023
46723,10.1730809,46.6719981,16,2022-01-04T11:01:36Z,2016
46723,10.1730809,46.6719981,16,2022-01-04T11:01:36Z,2016
46723,10.1725065,46.6724385,13,2022-01-04T15:00:56Z,2007
46723,10.1725041,46.6724382,13,2022-01-04T15:00:56Z,2007
46723,10.1725041,46.6724382,13,2022-01-04T15:00:56Z,2007
46723,10.17258,46.6722239,8,2022-01-04T19:00:37Z,2007
46723,10.17258,46.6722239,8,2022-01-04T19:00:37Z,2007
46723,10.1726773,46.672557,11,2022-01-04T23:02:06Z,2030
46723,10.1726773,46.672557,11,2022-01-04T23:02:06Z,2030
46723,10.1726773,46.672557,11,2022-01-04T23:02:06Z,2030
46723,10.1721137,46.672929,12,2022-01-05T03:00:37Z,2001
46723,10.1721137,46.672929,12,2022-01-05T03:00:37Z,2001
46723,10.1713893,46.6730496,7,2022-01-05T07:00:37Z,1976
46723,10.171387,46.6730432,7,2022-01-05T07:00:37Z,1976
46723,10.171387,46.6730432,7,2022-01-05T07:00:37Z,1976
46723,10.1710655,46.6731646,7,2022-01-05T11:00:37Z,1948
46723,10.1710655,46.6731646,7,2022-01-05T11:00:37Z,1948
46723,10.1707734,46.6728496,6,2022-01-05T15:00:37Z,1948
46723,10.1707628,46.6728572,6,2022-01-05T15:00:37Z,1948
46723,10.1707734,46.6728496,6,2022-01-05T15:00:37Z,1948
46723,10.1707734,46.6728558,7,2022-01-05T19:03:00Z,1948
46723,10.1707734,46.6728558,7,2022-01-05T19:03:00Z,1948
46723,10.1708841,46.6731093,5,2022-01-05T23:00:37Z,1948
46723,10.1708818,46.673109,5,2022-01-05T23:00:37Z,1948
46723,10.1708818,46.673109,5,2022-01-05T23:00:37Z,1948
46723,10.1706913,46.6731389,6,2022-01-06T03:00:37Z,1918
46723,10.1706913,46.6731389,6,2022-01-06T03:00:37Z,1918
46723,10.1707483,46.6731376,5,2022-01-06T07:00:37Z,1948
46723,10.170746,46.6731374,5,2022-01-06T07:00:37Z,1948
46723,10.170746,46.6731374,5,2022-01-06T07:00:37Z,1948
46723,10.1709926,46.6734736,18,2022-01-06T11:00:37Z,1966
46723,10.1709926,46.6734736,18,2022-01-06T11:00:37Z,1966
46723,10.1715997,46.6734143,6,2022-01-06T15:00:56Z,1993
46723,10.1716102,46.6734129,6,2022-01-06T15:00:56Z,1993
46723,10.1716102,46.6734129,6,2022-01-06T15:00:56Z,1993
46723,10.1718305,46.6732127,2,2022-01-06T19:00:37Z,2017
46723,10.1718305,46.6732127,2,2022-01-06T19:00:37Z,2017
46723,10.1721352,46.6727481,2,2022-01-06T23:00:37Z,2001
46723,10.1721352,46.6727481,2,2022-01-06T23:00:37Z,2001
46723,10.1721246,46.6727557,2,2022-01-06T23:00:37Z,2001
46723,10.1720616,46.6727466,8,2022-01-07T03:00:37Z,2001
46723,10.1720616,46.6727466,8,2022-01-07T03:00:37Z,2001
46723,10.1721164,46.6727883,5,2022-01-07T07:00:37Z,2001
46723,10.1721035,46.6727832,5,2022-01-07T07:00:37Z,2001
46723,10.1721164,46.6727883,5,2022-01-07T07:00:37Z,2001
46723,10.171787,46.6733011,14,2022-01-07T11:03:00Z,2017
46723,10.171787,46.6733011,14,2022-01-07T11:03:00Z,2017
46723,10.1721705,46.6727848,9,2022-01-07T15:00:37Z,2023
46723,10.1721576,46.672786,9,2022-01-07T15:00:37Z,2001
46723,10.1721705,46.6727848,9,2022-01-07T15:00:37Z,2023
46723,10.1721095,46.6727566,5,2022-01-07T19:00:37Z,2001
46723,10.1721095,46.6727566,5,2022-01-07T19:00:37Z,2001
46723,10.1718292,46.6732152,5,2022-01-07T23:00:37Z,2017
46723,10.171842,46.6732202,5,2022-01-07T23:00:37Z,2017
46723,10.171842,46.6732202,5,2022-01-07T23:00:37Z,2017
46723,10.1718503,46.6732,6,2022-01-08T03:00:37Z,2017
46723,10.1718503,46.6732,6,2022-01-08T03:00:37Z,2017
46723,10.1716814,46.6733709,4,2022-01-08T07:00:37Z,2017
46723,10.1716943,46.6733697,4,2022-01-08T07:00:37Z,2017
46723,10.1716943,46.6733697,4,2022-01-08T07:00:37Z,2017
46723,10.1707674,46.6729318,21,2022-01-08T11:01:36Z,1948
46723,10.1707674,46.6729318,21,2022-01-08T11:01:36Z,1948
46723,10.1711799,46.6733295,6,2022-01-08T15:01:08Z,1966
46723,10.1711799,46.6733295,6,2022-01-08T15:01:08Z,1966
46723,10.1711671,46.6733307,6,2022-01-08T15:01:08Z,1966
46723,10.1718631,46.6732112,9,2022-01-08T19:00:37Z,2017
46723,10.1718631,46.6732112,9,2022-01-08T19:00:37Z,2017
46723,10.1714407,46.6733906,5,2022-01-08T23:00:37Z,1993
46723,10.1714384,46.6733841,5,2022-01-08T23:00:37Z,1993
46723,10.1714384,46.6733841,5,2022-01-08T23:00:37Z,1993
46723,10.1718539,46.6731854,8,2022-01-09T03:00:37Z,2001
46723,10.1718539,46.6731854,8,2022-01-09T03:00:37Z,2001
46723,10.172088,46.6729375,7,2022-01-09T07:00:37Z,2001
46723,10.172088,46.6729375,7,2022-01-09T07:00:37Z,2001
46723,10.1720752,46.6729386,7,2022-01-09T07:00:37Z,2001
46723,10.1707585,46.6734068,11,2022-01-09T11:00:37Z,1966
46723,10.1707585,46.6734068,11,2022-01-09T11:00:37Z,1966
46723,10.17255,46.6720785,7,2022-01-09T15:01:00Z,1992
46723,10.17255,46.6720785,7,2022-01-09T15:01:00Z,1992
46723,10.17255,46.6720785,7,2022-01-09T15:01:00Z,1992
46723,10.1727548,46.6719153,6,2022-01-09T19:00:37Z,2016
46723,10.1727548,46.6719153,6,2022-01-09T19:00:37Z,2016
46723,10.1727465,46.6719355,5,2022-01-09T23:00:37Z,2016
46723,10.1727571,46.6719341,5,2022-01-09T23:00:37Z,2016
46723,10.1727571,46.6719341,5,2022-01-09T23:00:37Z,2016
46723,10.1727594,46.6719097,9,2022-01-10T03:00:37Z,2016
46723,10.1727594,46.6719097,9,2022-01-10T03:00:37Z,2016
46723,10.1727861,46.671941,5,2022-01-10T07:00:37Z,2016
46723,10.1727861,46.6719348,5,2022-01-10T07:00:37Z,2016
46723,10.1727861,46.671941,5,2022-01-10T07:00:37Z,2016
46723,10.1715647,46.6734957,18,2022-01-10T11:01:36Z,1993
46723,10.1715647,46.6734957,18,2022-01-10T11:01:36Z,1993
46723,10.1718912,46.6732091,8,2022-01-10T15:00:37Z,2017
46723,10.1718806,46.6732105,8,2022-01-10T15:00:37Z,2017
46723,10.1718912,46.6732091,8,2022-01-10T15:00:37Z,2017
46723,10.1718526,46.6732064,5,2022-01-10T19:00:37Z,2017
46723,10.1718526,46.6732064,5,2022-01-10T19:00:37Z,2017
46723,10.1717922,46.6731492,5,2022-01-10T23:00:37Z,2001
46723,10.1718051,46.673148,5,2022-01-10T23:00:37Z,2001
46723,10.1718051,46.673148,5,2022-01-10T23:00:37Z,2001
46723,10.1718608,46.6731924,4,2022-01-11T03:00:37Z,2001
46723,10.1718608,46.6731924,4,2022-01-11T03:00:37Z,2001
46723,10.1713926,46.673571,5,2022-01-11T07:00:37Z,1993
46723,10.1713926,46.673571,5,2022-01-11T07:00:37Z,1993
46723,10.171382,46.6735724,5,2022-01-11T07:00:37Z,1993
46723,10.171567,46.6735022,18,2022-01-11T11:00:37Z,1993
46723,10.171567,46.6735022,18,2022-01-11T11:00:37Z,1993
46723,10.1699434,46.6730277,6,2022-01-11T15:00:37Z,1887
46723,10.1699434,46.6730277,6,2022-01-11T15:00:37Z,1887
46723,10.1699457,46.6730341,6,2022-01-11T15:00:37Z,1887
46723,10.1699681,46.673072,8,2022-01-11T19:01:06Z,1887
46723,10.1699681,46.673072,8,2022-01-11T19:01:06Z,1887
46723,10.1701518,46.673251,2,2022-01-11T23:00:37Z,1906
46723,10.1701518,46.673251,2,2022-01-11T23:00:37Z,1906
46723,10.1701541,46.6732575,2,2022-01-11T23:00:37Z,1906
46723,10.1701749,46.6732969,5,2022-01-12T03:00:37Z,1906
46723,10.1701749,46.6732969,5,2022-01-12T03:00:37Z,1906
46723,10.1711529,46.6735626,4,2022-01-12T07:00:37Z,1966
46723,10.1711552,46.6735691,4,2022-01-12T07:00:37Z,1966
46723,10.1711529,46.6735626,4,2022-01-12T07:00:37Z,1966
46723,10.1716781,46.6733617,20,2022-01-12T11:00:37Z,2017
46723,10.1716781,46.6733617,20,2022-01-12T11:00:37Z,2017
46723,10.1728487,46.673504200000004,7,2022-01-12T15:00:37Z,2055
46723,10.1728592,46.6734966,7,2022-01-12T15:00:37Z,2055
46723,10.1728592,46.6734966,7,2022-01-12T15:00:37Z,2055
46723,10.1719604,46.673211,5,2022-01-12T19:02:36Z,2017
46723,10.1719604,46.673211,5,2022-01-12T19:02:36Z,2017
46723,10.1718879,46.6731938,6,2022-01-12T23:01:02Z,2001
46723,10.1718856,46.673193499999996,6,2022-01-12T23:01:02Z,2001
46723,10.1718856,46.673193499999996,6,2022-01-12T23:01:02Z,2001
46723,10.171841,46.6732051,3,2022-01-13T03:00:37Z,2017
46723,10.171841,46.6732051,3,2022-01-13T03:00:37Z,2017
46723,10.1718595,46.6732381,6,2022-01-13T07:00:37Z,2017
46723,10.1718724,46.6732369,6,2022-01-13T07:00:37Z,2017
46723,10.1718724,46.6732369,6,2022-01-13T07:00:37Z,2017
46723,10.1708238,46.6728978,23,2022-01-13T11:01:06Z,1948
46723,10.1708238,46.6728978,23,2022-01-13T11:01:06Z,1948
46723,10.1717029,46.6731529,9,2022-01-13T15:00:37Z,2001
46723,10.1717029,46.6731529,9,2022-01-13T15:00:37Z,2001
46723,10.1717052,46.6731532,9,2022-01-13T15:00:37Z,2001
46723,10.1718856,46.673193499999996,8,2022-01-13T19:00:37Z,2001
46723,10.1718856,46.673193499999996,8,2022-01-13T19:00:37Z,2001
46723,10.1720359,46.6727243,10,2022-01-13T23:00:37Z,2001
46723,10.1720382,46.6727245,10,2022-01-13T23:00:37Z,2001
46723,10.1720359,46.6727243,10,2022-01-13T23:00:37Z,2001
46723,10.1721002,46.672737,2,2022-01-14T03:00:37Z,2001
46723,10.1721002,46.672737,2,2022-01-14T03:00:37Z,2001
46723,10.1720686,46.6727721,6,2022-01-14T07:00:37Z,2001
46723,10.1720686,46.6727721,6,2022-01-14T07:00:37Z,2001
46723,10.1720686,46.6727721,6,2022-01-14T07:00:37Z,2001
46723,10.1733063,46.6735528,26,2022-01-14T11:00:37Z,2072
46723,10.1733063,46.6735528,26,2022-01-14T11:00:37Z,2072
46723,10.1729413,46.6734356,11,2022-01-14T15:01:24Z,2055
46723,10.1729285,46.6734306,11,2022-01-14T15:01:24Z,2055
46723,10.1729413,46.6734356,11,2022-01-14T15:01:24Z,2055
46723,10.1722848,46.6734742,9,2022-01-14T19:00:54Z,2038
46723,10.1722848,46.6734742,9,2022-01-14T19:00:54Z,2038
46723,10.1717916,46.6731967,9,2022-01-14T23:00:37Z,2001
46723,10.1718021,46.6731953,9,2022-01-14T23:00:37Z,2001
46723,10.1718021,46.6731953,9,2022-01-14T23:00:37Z,2001
46723,10.1718447,46.6732214,8,2022-01-15T03:00:37Z,2017
46723,10.1718447,46.6732214,8,2022-01-15T03:00:37Z,2017
46723,10.171875,46.6732196,9,2022-01-15T07:00:54Z,2017
46723,10.1718621,46.6732207,9,2022-01-15T07:00:54Z,2017
46723,10.171875,46.6732196,9,2022-01-15T07:00:54Z,2017
46723,10.1727099,46.6722222,23,2022-01-15T11:01:00Z,2030
46723,10.1727099,46.6722222,23,2022-01-15T11:01:00Z,2030
46723,10.1672974,46.6716941,8,2022-01-15T15:01:32Z,1811
46723,10.1672974,46.6717002,8,2022-01-15T15:01:32Z,1811
46723,10.1672974,46.6717002,8,2022-01-15T15:01:32Z,1811
46723,10.1702965,46.6734388,11,2022-01-15T19:00:37Z,1936
46723,10.1702965,46.6734388,11,2022-01-15T19:00:37Z,1936
46723,10.1722618,46.6734345,12,2022-01-15T23:02:06Z,2038
46723,10.1722618,46.6734407,12,2022-01-15T23:02:06Z,2038
46723,10.1722618,46.6734407,12,2022-01-15T23:02:06Z,2038
46723,10.1722921,46.6734574,10,2022-01-16T03:00:37Z,2038
46723,10.1722921,46.6734574,10,2022-01-16T03:00:37Z,2038
46723,10.1722802,46.673486,11,2022-01-16T07:00:37Z,2038
46723,10.1722779,46.6734858,11,2022-01-16T07:00:37Z,2038
46723,10.1722779,46.6734858,11,2022-01-16T07:00:37Z,2038
46723,10.1737119,46.6736227,23,2022-01-16T11:00:37Z,2087
46723,10.1737119,46.6736227,23,2022-01-16T11:00:37Z,2087
46723,10.1727339,46.6734557,10,2022-01-16T15:01:06Z,2055
46723,10.1727316,46.6734493,10,2022-01-16T15:01:06Z,2055
46723,10.1727316,46.6734493,10,2022-01-16T15:01:06Z,2055
46723,10.1722479,46.6734082,8,2022-01-16T19:00:37Z,2038
46723,10.1722479,46.6734082,8,2022-01-16T19:00:37Z,2038
46723,10.1714737,46.6729889,7,2022-01-16T23:01:24Z,1976
46723,10.1714737,46.6729951,7,2022-01-16T23:01:24Z,1976
46723,10.1714737,46.6729951,7,2022-01-16T23:01:24Z,1976
46723,10.1701752,46.6732793,7,2022-01-17T03:00:37Z,1906
46723,10.1701752,46.6732793,7,2022-01-17T03:00:37Z,1906
46723,10.1704802,46.6735376,7,2022-01-17T07:00:37Z,1936
46723,10.1704802,46.6735376,7,2022-01-17T07:00:37Z,1936
46723,10.1704673,46.6735388,7,2022-01-17T07:00:37Z,1936
46723,10.170595,46.6733023,18,2022-01-17T11:00:37Z,1936
46723,10.170595,46.6733023,18,2022-01-17T11:00:37Z,1936
46723,10.1707391,46.6731612,9,2022-01-17T15:00:37Z,1948
46723,10.1707391,46.6731612,9,2022-01-17T15:00:37Z,1948
46723,10.1707391,46.6731612,9,2022-01-17T15:00:37Z,1948
46723,10.1706863,46.6732301,7,2022-01-17T19:00:37Z,1936
46723,10.1706863,46.6732301,7,2022-01-17T19:00:37Z,1936
46723,10.1707087,46.6731383,5,2022-01-17T23:01:36Z,1948
46723,10.1707193,46.6731307,5,2022-01-17T23:01:36Z,1948
46723,10.1707193,46.6731307,5,2022-01-17T23:01:36Z,1948
46723,10.1709214,46.6733304,5,2022-01-18T03:00:37Z,1966
46723,10.1709214,46.6733304,5,2022-01-18T03:00:37Z,1966
46723,10.1708627,46.6733889,5,2022-01-18T07:00:37Z,1966
46723,10.1708627,46.6733889,5,2022-01-18T07:00:37Z,1966
46723,10.170865,46.6733892,5,2022-01-18T07:00:37Z,1966
46723,10.1716508,46.6728225,17,2022-01-18T11:00:37Z,1976
46723,10.1716508,46.6728225,17,2022-01-18T11:00:37Z,1976
46723,10.1704664,46.6731905,10,2022-01-18T15:01:06Z,1918
46723,10.1704535,46.6731916,10,2022-01-18T15:01:06Z,1918
46723,10.1704664,46.6731905,10,2022-01-18T15:01:06Z,1918
46723,10.1710912,46.6731315,5,2022-01-18T19:00:37Z,1948
46723,10.1710912,46.6731315,5,2022-01-18T19:00:37Z,1948
46723,10.1712373,46.6732797,7,2022-01-18T23:00:37Z,1993
46723,10.1712373,46.6732797,7,2022-01-18T23:00:37Z,1993
46723,10.1712396,46.6732862,7,2022-01-18T23:00:37Z,1993
46723,10.1711634,46.6735242,5,2022-01-19T03:00:37Z,1966
46723,10.1711634,46.6735242,5,2022-01-19T03:00:37Z,1966
46723,10.1714908,46.6735674,5,2022-01-19T07:00:37Z,1993
46723,10.1714908,46.6735674,5,2022-01-19T07:00:37Z,1993
46723,10.1714803,46.673575,5,2022-01-19T07:00:37Z,1993
46723,10.1697653,46.6735554,26,2022-01-19T11:01:06Z,1906
46723,10.1697653,46.6735554,26,2022-01-19T11:01:06Z,1906
46723,10.1704416,46.673319,9,2022-01-19T15:01:09Z,1936
46723,10.1704522,46.6733176,9,2022-01-19T15:01:09Z,1936
46723,10.1704522,46.6733176,9,2022-01-19T15:01:09Z,1936
46723,10.1710329,46.6731106,7,2022-01-19T19:00:37Z,1948
46723,10.1710329,46.6731106,7,2022-01-19T19:00:37Z,1948
46723,10.1709062,46.6732881,7,2022-01-19T23:00:37Z,1966
46723,10.1709062,46.6732881,7,2022-01-19T23:00:37Z,1966
46723,10.1708934,46.6732831,7,2022-01-19T23:00:37Z,1966
46723,10.1711703,46.6735497,7,2022-01-20T03:00:37Z,1966
46723,10.1711703,46.6735497,7,2022-01-20T03:00:37Z,1966
46723,10.1711736,46.6735712,8,2022-01-20T07:00:37Z,1966
46723,10.1711865,46.6735762,8,2022-01-20T07:00:37Z,1993
46723,10.1711865,46.6735762,8,2022-01-20T07:00:37Z,1993
46723,10.1705736,46.6727797,15,2022-01-20T11:02:09Z,1918
46723,10.1705736,46.6727797,15,2022-01-20T11:02:09Z,1918
46723,10.1704139,46.672964,7,2022-01-20T15:00:37Z,1918
46723,10.1704139,46.672964,7,2022-01-20T15:00:37Z,1918
46723,10.1704139,46.6729579,7,2022-01-20T15:00:37Z,1918
46723,10.1704001,46.6729624,7,2022-01-20T19:00:37Z,1918
46723,10.1704001,46.6729624,7,2022-01-20T19:00:37Z,1918
46723,10.1699296,46.6730199,6,2022-01-20T23:00:37Z,1887
46723,10.1699296,46.6730199,6,2022-01-20T23:00:37Z,1887
46723,10.1699319,46.6730202,6,2022-01-20T23:00:37Z,1887
46723,10.1701574,46.6732975,3,2022-01-21T03:00:37Z,1906
46723,10.1701574,46.6732975,3,2022-01-21T03:00:37Z,1906
46723,10.1705326,46.6735358,1,2022-01-21T07:00:37Z,1936
46723,10.1705303,46.6735355,1,2022-01-21T07:00:37Z,1936
46723,10.1705303,46.6735355,1,2022-01-21T07:00:37Z,1936
46723,10.1708433,46.6731063,15,2022-01-21T11:00:37Z,1948
46723,10.1708433,46.6731063,15,2022-01-21T11:00:37Z,1948
46723,10.1694461,46.6732575,3,2022-01-21T15:01:26Z,1875
46723,10.1694461,46.6732575,3,2022-01-21T15:01:26Z,1875
46723,10.1694333,46.6732586,3,2022-01-21T15:01:26Z,1875
46723,10.1698804,46.6730495,10,2022-01-21T19:00:37Z,1887
46723,10.1698804,46.6730495,10,2022-01-21T19:00:37Z,1887
46723,10.1697907,46.6729906,7,2022-01-21T23:00:37Z,1887
46723,10.1697907,46.6729906,7,2022-01-21T23:00:37Z,1887
46723,10.1697802,46.672992,7,2022-01-21T23:00:37Z,1887
46723,10.1698873,46.6730441,11,2022-01-22T03:00:37Z,1887
46723,10.1698873,46.6730441,11,2022-01-22T03:00:37Z,1887
46723,10.169539199999999,46.6729614,5,2022-01-22T07:00:37Z,1857
46723,10.169539199999999,46.6729614,5,2022-01-22T07:00:37Z,1857
46723,10.1695415,46.6729679,5,2022-01-22T07:00:37Z,1857
46723,10.1703206,46.6729321,14,2022-01-22T11:00:37Z,1918
46723,10.1703206,46.6729321,14,2022-01-22T11:00:37Z,1918
46723,10.1698712,46.673036,9,2022-01-22T15:03:00Z,1887
46723,10.1698689,46.6730296,9,2022-01-22T15:03:00Z,1887
46723,10.1698689,46.6730296,9,2022-01-22T15:03:00Z,1887
46723,10.1699065,46.673011,11,2022-01-22T19:00:56Z,1887
46723,10.1699065,46.673011,11,2022-01-22T19:00:56Z,1887
46723,10.1702181,46.6733187,5,2022-01-22T23:00:37Z,1936
46723,10.1702075,46.6733201,5,2022-01-22T23:00:37Z,1936
46723,10.1702181,46.6733187,5,2022-01-22T23:00:37Z,1936
46723,10.170161,46.6733076,13,2022-01-23T03:00:37Z,1906
46723,10.170161,46.6733076,13,2022-01-23T03:00:37Z,1906
46723,10.1701749,46.6734141,8,2022-01-23T07:01:00Z,1906
46723,10.1701749,46.6734141,8,2022-01-23T07:01:00Z,1906
46723,10.1701772,46.6734206,8,2022-01-23T07:01:00Z,1906
46723,10.1699915,46.6731558,24,2022-01-23T11:00:37Z,1887
46723,10.1699915,46.6731558,24,2022-01-23T11:00:37Z,1887
46723,10.1699668,46.6734324,9,2022-01-23T15:01:24Z,1906
46723,10.1699668,46.6734324,9,2022-01-23T15:01:24Z,1906
46723,10.1699668,46.6734262,9,2022-01-23T15:01:24Z,1906
46723,10.1701422,46.6732984,9,2022-01-23T19:00:37Z,1906
46723,10.1701422,46.6732984,9,2022-01-23T19:00:37Z,1906
46723,10.1698382,46.6731847,5,2022-01-23T23:00:37Z,1887
46723,10.1698382,46.6731847,5,2022-01-23T23:00:37Z,1887
46723,10.1698382,46.6731786,5,2022-01-23T23:00:37Z,1887
46723,10.1699084,46.6730536,11,2022-01-24T03:00:37Z,1887
46723,10.1699084,46.6730536,11,2022-01-24T03:00:37Z,1887
46723,10.1699008,46.6735755,5,2022-01-24T07:00:37Z,1906
46723,10.1699114,46.6735679,5,2022-01-24T07:00:37Z,1906
46723,10.1699114,46.6735679,5,2022-01-24T07:00:37Z,1906
46723,10.1715898,46.6730226,23,2022-01-24T11:00:37Z,1976
46723,10.1715898,46.6730226,23,2022-01-24T11:00:37Z,1976
46723,10.1701515,46.6733674,11,2022-01-24T15:01:06Z,1906
46723,10.1701515,46.6733674,11,2022-01-24T15:01:06Z,1906
46723,10.1701515,46.6733612,11,2022-01-24T15:01:06Z,1906
46723,10.1709389,46.6733422,8,2022-01-24T19:00:37Z,1966
46723,10.1709389,46.6733422,8,2022-01-24T19:00:37Z,1966
46723,10.1711644,46.6735331,5,2022-01-24T23:00:37Z,1966
46723,10.1711644,46.6735331,5,2022-01-24T23:00:37Z,1966
46723,10.1711644,46.6735331,5,2022-01-24T23:00:37Z,1966
46723,10.1711225,46.6735274,6,2022-01-25T03:00:37Z,1966
46723,10.1711225,46.6735274,6,2022-01-25T03:00:37Z,1966
46723,10.1713049,46.6735362,6,2022-01-25T07:00:37Z,1993
46723,10.1713049,46.67353,6,2022-01-25T07:00:37Z,1993
46723,10.1713049,46.6735362,6,2022-01-25T07:00:37Z,1993
46723,10.1727834,46.6736183,26,2022-01-25T11:00:37Z,2055
46723,10.1727834,46.6736183,26,2022-01-25T11:00:37Z,2055
46723,10.1716913,46.6729233,11,2022-01-25T15:01:06Z,2001
46723,10.1716913,46.6729233,11,2022-01-25T15:01:06Z,2001
46723,10.1716913,46.6729171,11,2022-01-25T15:01:06Z,2001
46723,10.1714747,46.6733557,7,2022-01-25T19:00:37Z,1993
46723,10.1714747,46.6733557,7,2022-01-25T19:00:37Z,1993
46723,10.1718282,46.6731877,8,2022-01-25T23:00:37Z,2001
46723,10.1718282,46.6731877,8,2022-01-25T23:00:37Z,2001
46723,10.1718153,46.6731889,8,2022-01-25T23:00:37Z,2001
46723,10.1718292,46.6732275,7,2022-01-26T03:00:37Z,2017
46723,10.1718292,46.6732275,7,2022-01-26T03:00:37Z,2017
46723,10.1719871,46.6735076,5,2022-01-26T07:00:37Z,2017
46723,10.1719742,46.6735088,5,2022-01-26T07:00:37Z,2017
46723,10.1719871,46.6735076,5,2022-01-26T07:00:37Z,2017
46723,10.1730983,46.6733365,23,2022-01-26T11:01:06Z,2055
46723,10.1730983,46.6733365,23,2022-01-26T11:01:06Z,2055
46723,10.1708185,46.6733952,11,2022-01-26T15:01:06Z,1966
46723,10.1708208,46.6734017,11,2022-01-26T15:01:06Z,1966
46723,10.1708185,46.6733952,11,2022-01-26T15:01:06Z,1966
46723,10.1709916,46.6733165,8,2022-01-26T19:01:08Z,1966
46723,10.1709916,46.6733165,8,2022-01-26T19:01:08Z,1966
46723,10.1697314,46.6732138,7,2022-01-26T23:00:37Z,1906
46723,10.1697314,46.6732138,7,2022-01-26T23:00:37Z,1906
46723,10.1697208,46.6732214,7,2022-01-26T23:00:37Z,1906
46723,10.1698959,46.6730001,9,2022-01-27T03:00:37Z,1887
46723,10.1698959,46.6730001,9,2022-01-27T03:00:37Z,1887
46723,10.1698345,46.6741003,6,2022-01-27T07:00:37Z,1922
46723,10.1698345,46.6741003,6,2022-01-27T07:00:37Z,1922
46723,10.1698368,46.6741005,6,2022-01-27T07:00:37Z,1922
46723,10.1719383,46.6733159,17,2022-01-27T11:00:37Z,2017
46723,10.1719383,46.6733159,17,2022-01-27T11:00:37Z,2017
46723,10.1732186,46.6734501,11,2022-01-27T15:00:37Z,2072
46723,10.1732315,46.6734551,11,2022-01-27T15:00:37Z,2072
46723,10.1732315,46.6734551,11,2022-01-27T15:00:37Z,2072
46723,10.1732467,46.6734912,6,2022-01-27T19:00:37Z,2072
46723,10.1732467,46.6734912,6,2022-01-27T19:00:37Z,2072
46723,10.1728836,46.6735092,5,2022-01-27T23:00:37Z,2055
46723,10.1728836,46.673503,5,2022-01-27T23:00:37Z,2055
46723,10.1728836,46.6735092,5,2022-01-27T23:00:37Z,2055
46723,10.1697635,46.6749393,8,2022-01-28T03:00:37Z,1941
46723,10.1697635,46.6749393,8,2022-01-28T03:00:37Z,1941
46723,10.1698278,46.6748965,6,2022-01-28T07:00:37Z,1941
46723,10.1698278,46.6748965,6,2022-01-28T07:00:37Z,1941
46723,10.1698302,46.6748967,6,2022-01-28T07:00:37Z,1941
46723,10.1697736,46.6734735,14,2022-01-28T11:00:56Z,1906
46723,10.1697736,46.6734735,14,2022-01-28T11:00:56Z,1906
46723,10.1718081,46.6733661,9,2022-01-28T15:00:37Z,2017
46723,10.1718058,46.6733597,9,2022-01-28T15:00:37Z,2017
46723,10.1718058,46.6733597,9,2022-01-28T15:00:37Z,2017
46723,10.1705178,46.6733093,6,2022-01-28T19:00:37Z,1936
46723,10.1705178,46.6733093,6,2022-01-28T19:00:37Z,1936
46723,10.1706982,46.6731459,7,2022-01-28T23:00:38Z,1948
46723,10.1706876,46.6731535,7,2022-01-28T23:00:38Z,1918
46723,10.1706982,46.6731459,7,2022-01-28T23:00:38Z,1948
46723,10.1707321,46.6731419,6,2022-01-29T03:00:37Z,1948
46723,10.1707321,46.6731419,6,2022-01-29T03:00:37Z,1948
46723,10.1705557,46.6729707,6,2022-01-29T07:00:37Z,1918
46723,10.1705557,46.6729707,6,2022-01-29T07:00:37Z,1918
46723,10.1705452,46.6729783,6,2022-01-29T07:00:37Z,1918
46723,10.1704997,46.6726725,15,2022-01-29T11:00:37Z,1900
46723,10.1704997,46.6726725,15,2022-01-29T11:00:37Z,1900
46723,10.1695774,46.6731299,10,2022-01-29T15:00:39Z,1857
46723,10.1695645,46.673131,10,2022-01-29T15:00:39Z,1857
46723,10.1695774,46.6731299,10,2022-01-29T15:00:39Z,1857
46723,10.1701597,46.6733163,9,2022-01-29T19:00:37Z,1906
46723,10.1701597,46.6733163,9,2022-01-29T19:00:37Z,1906
46723,10.1701422,46.6732984,10,2022-01-29T23:00:37Z,1906
46723,10.1701399,46.673292000000004,10,2022-01-29T23:00:37Z,1906
46723,10.1701399,46.673292000000004,10,2022-01-29T23:00:37Z,1906
46723,10.1701703,46.6732717,9,2022-01-30T03:01:00Z,1906
46723,10.1701703,46.6732717,9,2022-01-30T03:01:00Z,1906
46723,10.1705293,46.6730761,8,2022-01-30T07:00:37Z,1918
46723,10.1705188,46.6730776,8,2022-01-30T07:00:37Z,1918
46723,10.1705293,46.6730761,8,2022-01-30T07:00:37Z,1918
46723,10.1685905,46.6730429,15,2022-01-30T11:00:37Z,1815
46723,10.1685905,46.6730429,15,2022-01-30T11:00:37Z,1815
46723,10.170863,46.6732602,8,2022-01-30T15:00:54Z,1966
46723,10.170863,46.6732602,8,2022-01-30T15:00:54Z,1966
46723,10.170863,46.6732602,8,2022-01-30T15:00:54Z,1966
46723,10.170809,46.6731958,10,2022-01-30T19:01:38Z,1948
46723,10.170809,46.6731958,10,2022-01-30T19:01:38Z,1948
46723,10.1707602,46.673146,8,2022-01-30T23:00:57Z,1948
46723,10.1707707,46.6731446,8,2022-01-30T23:00:57Z,1948
46723,10.1707707,46.6731446,8,2022-01-30T23:00:57Z,1948
46723,10.1707588,46.6731671,8,2022-01-31T03:00:37Z,1948
46723,10.1707588,46.6731671,8,2022-01-31T03:00:37Z,1948
46723,10.1707226,46.673177,13,2022-01-31T07:00:37Z,1948
46723,10.1707226,46.673177,13,2022-01-31T07:00:37Z,1948
46723,10.1707226,46.673177,13,2022-01-31T07:00:37Z,1948
46723,10.1691715,46.6731084,8,2022-01-31T11:00:37Z,1833
46723,10.1691715,46.6731084,8,2022-01-31T11:00:37Z,1833
46723,10.169914,46.6731248,9,2022-01-31T15:02:00Z,1887
46723,10.169914,46.6731248,9,2022-01-31T15:02:00Z,1887
46723,10.1699035,46.6731262,9,2022-01-31T15:02:00Z,1887
46723,10.1698735,46.6730425,7,2022-01-31T19:00:37Z,1887
46723,10.1698735,46.6730425,7,2022-01-31T19:00:37Z,1887
46723,10.1698633,46.6730016,7,2022-01-31T23:00:37Z,1887
46723,10.1698633,46.6730016,7,2022-01-31T23:00:37Z,1887
46723,10.1698527,46.6730092,7,2022-01-31T23:00:37Z,1887
46723,10.1699213,46.6730339,8,2022-02-01T03:00:37Z,1887
46723,10.1699213,46.6730339,8,2022-02-01T03:00:37Z,1887
46723,10.1698854,46.6730139,9,2022-02-01T07:00:37Z,1887
46723,10.1698877,46.6730203,9,2022-02-01T07:00:37Z,1887
46723,10.1698854,46.6730139,9,2022-02-01T07:00:37Z,1887
46723,10.1702082,46.6731676,24,2022-02-01T11:00:37Z,1918
46723,10.1702082,46.6731676,24,2022-02-01T11:00:37Z,1918
46723,10.1707559,46.6728564,6,2022-02-01T15:00:37Z,1948
46723,10.1707559,46.6728564,6,2022-02-01T15:00:37Z,1948
46723,10.1707582,46.6728567,6,2022-02-01T15:00:37Z,1948
46723,10.1707302,46.672834,5,2022-02-01T19:00:37Z,1948
46723,10.1707302,46.672834,5,2022-02-01T19:00:37Z,1948
46723,10.1706527,46.6730437,6,2022-02-01T23:00:37Z,1918
46723,10.1706527,46.6730437,6,2022-02-01T23:00:37Z,1918
46723,10.1706527,46.6730437,6,2022-02-01T23:00:37Z,1918
46723,10.1707945,46.6729702,12,2022-02-02T03:00:37Z,1948
46723,10.1707945,46.6729702,12,2022-02-02T03:00:37Z,1948
46723,10.1708162,46.6729939,4,2022-02-02T07:00:37Z,1948
46723,10.1708162,46.6729939,4,2022-02-02T07:00:37Z,1948
46723,10.1708162,46.6729939,4,2022-02-02T07:00:37Z,1948
46723,10.1707839,46.672842,8,2022-02-02T11:00:37Z,1948
46723,10.1707839,46.672842,8,2022-02-02T11:00:37Z,1948
46723,10.1697555,46.6730464,8,2022-02-02T15:01:13Z,1887
46723,10.1697426,46.6730476,8,2022-02-02T15:01:13Z,1887
46723,10.1697555,46.6730464,8,2022-02-02T15:01:13Z,1887
46723,10.170469,46.6730374,8,2022-02-02T19:01:36Z,1918
46723,10.170469,46.6730374,8,2022-02-02T19:01:36Z,1918
46723,10.1706619,46.6732175,11,2022-02-02T23:00:37Z,1936
46723,10.1706748,46.6732164,11,2022-02-02T23:00:37Z,1936
46723,10.1706748,46.6732164,11,2022-02-02T23:00:37Z,1936
46723,10.1707344,46.673173,8,2022-02-03T03:00:37Z,1948
46723,10.1707344,46.673173,8,2022-02-03T03:00:37Z,1948
46723,10.1705491,46.6735201,8,2022-02-03T07:00:37Z,1936
46723,10.1705491,46.6735201,8,2022-02-03T07:00:37Z,1936
46723,10.1705491,46.6735201,8,2022-02-03T07:00:37Z,1936
46723,10.1708231,46.6732168,26,2022-02-03T11:00:54Z,1966
46723,10.1708231,46.6732168,26,2022-02-03T11:00:54Z,1966
46723,10.1722268,46.6735592,14,2022-02-03T15:00:37Z,2038
46723,10.1722374,46.6735577,14,2022-02-03T15:00:37Z,2038
46723,10.1722374,46.6735577,14,2022-02-03T15:00:37Z,2038
46723,10.1712076,46.6735179,12,2022-02-03T19:00:37Z,1993
46723,10.1712076,46.6735179,12,2022-02-03T19:00:37Z,1993
46723,10.1708182,46.6735794,13,2022-02-03T23:00:37Z,1966
46723,10.1708287,46.6735718,13,2022-02-03T23:00:37Z,1966
46723,10.1708287,46.6735718,13,2022-02-03T23:00:37Z,1966
46723,10.1708719,46.6735812,9,2022-02-04T03:00:37Z,1966
46723,10.1708719,46.6735812,9,2022-02-04T03:00:37Z,1966
46723,10.1704885,46.6735236,7,2022-02-04T07:00:37Z,1936
46723,10.1704885,46.6735236,7,2022-02-04T07:00:37Z,1936
46723,10.1704885,46.6735236,7,2022-02-04T07:00:37Z,1936
46723,10.1707694,46.6732829,24,2022-02-04T11:00:37Z,1966
46723,10.1707694,46.6732829,24,2022-02-04T11:00:37Z,1966
46723,10.1685911,46.6731805,8,2022-02-04T15:01:02Z,1815
46723,10.1685911,46.6731805,8,2022-02-04T15:01:02Z,1815
46723,10.1685911,46.6731805,8,2022-02-04T15:01:02Z,1815
46723,10.1698877,46.6730327,13,2022-02-04T19:00:37Z,1887
46723,10.1698877,46.6730327,13,2022-02-04T19:00:37Z,1887
46723,10.1701445,46.6732987,8,2022-02-04T23:00:37Z,1906
46723,10.1701468,46.6732989,8,2022-02-04T23:00:37Z,1906
46723,10.1701445,46.6732987,8,2022-02-04T23:00:37Z,1906
46723,10.1692897,46.674463,16,2022-02-05T03:01:12Z,1909
46723,10.1692897,46.674463,16,2022-02-05T03:01:12Z,1909
46723,10.1694688,46.6744317,10,2022-02-05T07:01:01Z,1909
46723,10.1694794,46.6744241,10,2022-02-05T07:01:01Z,1909
46723,10.1694794,46.6744241,10,2022-02-05T07:01:01Z,1909
46723,10.169033,46.6735182,28,2022-02-05T11:00:37Z,1850
46723,10.169033,46.6735182,28,2022-02-05T11:00:37Z,1850
46723,10.169398,46.6734996,10,2022-02-05T15:00:37Z,1875
46723,10.1694003,46.6734999,10,2022-02-05T15:00:37Z,1875
46723,10.169398,46.6734996,10,2022-02-05T15:00:37Z,1875
46723,10.1703796,46.6733003,10,2022-02-05T19:00:37Z,1936
46723,10.1703796,46.6733003,10,2022-02-05T19:00:37Z,1936
46723,10.1707734,46.6728434,10,2022-02-05T23:00:37Z,1948
46723,10.1707734,46.6728434,10,2022-02-05T23:00:37Z,1948
46723,10.1707628,46.6728449,10,2022-02-05T23:00:37Z,1948
46723,10.1705099,46.6730342,9,2022-02-06T03:00:37Z,1918
46723,10.1705099,46.6730342,9,2022-02-06T03:00:37Z,1918
46723,10.1705135,46.6730258,10,2022-02-06T07:00:37Z,1918
46723,10.1705135,46.6730258,10,2022-02-06T07:00:37Z,1918
46723,10.170503,46.6730334,10,2022-02-06T07:00:37Z,1918
46723,10.1691863,46.6734398,20,2022-02-06T11:00:58Z,1850
46723,10.1691863,46.6734398,20,2022-02-06T11:00:58Z,1850
46723,10.1701541,46.6731711,11,2022-02-06T15:01:00Z,1887
46723,10.1701647,46.6731635,11,2022-02-06T15:01:00Z,1887
46723,10.1701647,46.6731635,11,2022-02-06T15:01:00Z,1887
46723,10.1701821,46.6733048,10,2022-02-06T19:00:37Z,1906
46723,10.1701821,46.6733048,10,2022-02-06T19:00:37Z,1906
46723,10.1701693,46.6732566,6,2022-02-06T23:00:37Z,1906
46723,10.1701587,46.673258,6,2022-02-06T23:00:37Z,1906
46723,10.1701693,46.6732566,6,2022-02-06T23:00:37Z,1906
46723,10.1701914,46.6732873,10,2022-02-07T03:00:37Z,1906
46723,10.1701914,46.6732873,10,2022-02-07T03:00:37Z,1906
46723,10.1704759,46.673032,5,2022-02-07T07:00:37Z,1918
46723,10.1704759,46.673032,5,2022-02-07T07:00:37Z,1918
46723,10.1704654,46.6730396,5,2022-02-07T07:00:37Z,1918
46723,10.1706543,46.6735111,5,2022-02-07T11:00:37Z,1936
46723,10.1706543,46.6735111,5,2022-02-07T11:00:37Z,1936
46723,10.1685485,46.6736296,9,2022-02-07T15:00:37Z,1830
46723,10.1685509,46.673636,9,2022-02-07T15:00:37Z,1830
46723,10.1685485,46.6736296,9,2022-02-07T15:00:37Z,1830
46723,10.1698808,46.6729702,6,2022-02-07T19:00:37Z,1887
46723,10.1698808,46.6729702,6,2022-02-07T19:00:37Z,1887
46723,10.1706989,46.6728269,2,2022-02-07T23:00:37Z,1948
46723,10.1706883,46.6728345,2,2022-02-07T23:00:37Z,1918
46723,10.1706989,46.6728269,2,2022-02-07T23:00:37Z,1948
46723,10.1704984,46.6730082,13,2022-02-08T03:00:37Z,1918
46723,10.1704984,46.6730082,13,2022-02-08T03:00:37Z,1918
46723,10.1705102,46.6728376,3,2022-02-08T07:00:37Z,1918
46723,10.1705102,46.6728315,3,2022-02-08T07:00:37Z,1918
46723,10.1705102,46.6728376,3,2022-02-08T07:00:37Z,1918
46723,10.1698949,46.6728246,21,2022-02-08T11:01:24Z,1887
46723,10.1698949,46.6728246,21,2022-02-08T11:01:24Z,1887
46723,10.1698949,46.6728307,11,2022-02-08T15:00:37Z,1887
46723,10.1699078,46.6728296,11,2022-02-08T15:00:37Z,1887
46723,10.1699078,46.6728296,11,2022-02-08T15:00:37Z,1887
46723,10.1699335,46.6728643,11,2022-02-08T19:01:06Z,1887
46723,10.1699335,46.6728643,11,2022-02-08T19:01:06Z,1887
46723,10.1704529,46.6729985,7,2022-02-08T23:00:37Z,1918
46723,10.1704423,46.6729999,7,2022-02-08T23:00:37Z,1918
46723,10.1704529,46.6729985,7,2022-02-08T23:00:37Z,1918
46723,10.1704598,46.6730178,10,2022-02-09T03:00:37Z,1918
46723,10.1704598,46.6730178,10,2022-02-09T03:00:37Z,1918
46723,10.1704726,46.6730105,11,2022-02-09T07:00:37Z,1918
46723,10.1704726,46.6730105,11,2022-02-09T07:00:37Z,1918
46723,10.1704726,46.6730105,11,2022-02-09T07:00:37Z,1918
46723,10.1703411,46.6734334,33,2022-02-09T11:00:37Z,1936
46723,10.1703411,46.6734334,33,2022-02-09T11:00:37Z,1936
46723,10.1701412,46.6732463,13,2022-02-09T15:01:06Z,1906
46723,10.1701412,46.6732463,13,2022-02-09T15:01:06Z,1906
46723,10.1701284,46.6732474,13,2022-02-09T15:01:06Z,1906
46723,10.1708835,46.6735888,9,2022-02-09T19:00:37Z,1966
46723,10.1708835,46.6735888,9,2022-02-09T19:00:37Z,1966
46723,10.1709382,46.6730997,7,2022-02-09T23:00:54Z,1948
46723,10.1709511,46.6730985,7,2022-02-09T23:00:54Z,1948
46723,10.1709511,46.6730985,7,2022-02-09T23:00:54Z,1948
46723,10.1707519,46.6731231,12,2022-02-10T03:00:37Z,1948
46723,10.1707519,46.6731231,12,2022-02-10T03:00:37Z,1948
46723,10.1707414,46.67318,12,2022-02-10T07:00:37Z,1948
46723,10.1707437,46.6731865,12,2022-02-10T07:00:37Z,1948
46723,10.1707414,46.67318,12,2022-02-10T07:00:37Z,1948
46723,10.1697116,46.6734487,27,2022-02-10T11:01:36Z,1875
46723,10.1697116,46.6734487,27,2022-02-10T11:01:36Z,1875
46723,10.1695556,46.6735443,12,2022-02-10T15:00:37Z,1875
46723,10.1695427,46.6735393,12,2022-02-10T15:00:37Z,1875
46723,10.1695556,46.6735443,12,2022-02-10T15:00:37Z,1875
46723,10.1705567,46.6731216,9,2022-02-10T19:00:37Z,1918
46723,10.1705567,46.6731216,9,2022-02-10T19:00:37Z,1918
46723,10.1707087,46.6731507,10,2022-02-10T23:00:37Z,1948
46723,10.1707064,46.6731504,10,2022-02-10T23:00:37Z,1948
46723,10.1707064,46.6731504,10,2022-02-10T23:00:37Z,1948
46723,10.1707028,46.6731896,9,2022-02-11T03:00:37Z,1948
46723,10.1707028,46.6731896,9,2022-02-11T03:00:37Z,1948
46723,10.1707133,46.6731882,11,2022-02-11T07:00:37Z,1948
46723,10.1707239,46.6731868,11,2022-02-11T07:00:37Z,1948
46723,10.1707239,46.6731868,11,2022-02-11T07:00:37Z,1948
46723,10.1704011,46.6729343,17,2022-02-11T11:00:37Z,1918
46723,10.1704011,46.6729343,17,2022-02-11T11:00:37Z,1918
46723,10.1710246,46.6731678,9,2022-02-11T15:00:37Z,1948
46723,10.1710352,46.6731603,9,2022-02-11T15:00:37Z,1948
46723,10.1710352,46.6731603,9,2022-02-11T15:00:37Z,1948
46723,10.1710853,46.6732075,10,2022-02-11T19:00:37Z,1966
46723,10.1710853,46.6732075,10,2022-02-11T19:00:37Z,1966
46723,10.17065,46.6732523,6,2022-02-11T23:01:02Z,1936
46723,10.17065,46.6732461,6,2022-02-11T23:01:02Z,1936
46723,10.17065,46.6732523,6,2022-02-11T23:01:02Z,1936
46723,10.1710095,46.6730268,5,2022-02-12T03:00:37Z,1948
46723,10.1710095,46.6730268,5,2022-02-12T03:00:37Z,1948
46723,10.1706454,46.6732641,6,2022-02-12T07:00:37Z,1936
46723,10.1706454,46.6732641,6,2022-02-12T07:00:37Z,1936
46723,10.1706454,46.6732579,6,2022-02-12T07:00:37Z,1936
46723,10.1718397,46.6732014,22,2022-02-12T11:01:08Z,2017
46723,10.1718397,46.6732014,22,2022-02-12T11:01:08Z,2017
46723,10.1719393,46.6733804,11,2022-02-12T15:00:37Z,2017
46723,10.1719393,46.6733742,11,2022-02-12T15:00:37Z,2017
46723,10.1719393,46.6733804,11,2022-02-12T15:00:37Z,2017
46723,10.172242,46.6734472,11,2022-02-12T19:03:00Z,2038
46723,10.172242,46.6734472,11,2022-02-12T19:03:00Z,2038
46723,10.1710292,46.6731992,5,2022-02-12T23:00:37Z,1966
46723,10.1710292,46.6731931,5,2022-02-12T23:00:37Z,1948
46723,10.1710292,46.6731992,5,2022-02-12T23:00:37Z,1966
46723,10.1710431,46.6732317,8,2022-02-13T03:00:37Z,1966
46723,10.1710431,46.6732317,8,2022-02-13T03:00:37Z,1966
46723,10.1711882,46.6732908,7,2022-02-13T07:00:37Z,1993
46723,10.1711987,46.6732894,7,2022-02-13T07:00:37Z,1993
46723,10.1711987,46.6732894,7,2022-02-13T07:00:37Z,1993
46723,10.1719637,46.673214,33,2022-02-13T11:00:37Z,2017
46723,10.1719637,46.673214,33,2022-02-13T11:00:37Z,2017
46723,10.1708538,46.6730864,13,2022-02-13T15:00:37Z,1948
46723,10.1708538,46.6730925,13,2022-02-13T15:00:37Z,1948
46723,10.1708538,46.6730925,13,2022-02-13T15:00:37Z,1948
46723,10.1710619,46.6731977,8,2022-02-13T19:00:37Z,1948
46723,10.1710619,46.6731977,8,2022-02-13T19:00:37Z,1948
46723,10.170718,46.6731702,7,2022-02-13T23:00:37Z,1948
46723,10.170718,46.6731641,7,2022-02-13T23:00:37Z,1948
46723,10.170718,46.6731702,7,2022-02-13T23:00:37Z,1948
46723,10.1701155,46.6732609,10,2022-02-14T03:00:37Z,1906
46723,10.1701155,46.6732609,10,2022-02-14T03:00:37Z,1906
46723,10.1706767,46.6734996,5,2022-02-14T07:00:37Z,1936
46723,10.1706767,46.6734996,5,2022-02-14T07:00:37Z,1936
46723,10.1706639,46.6734946,5,2022-02-14T07:00:37Z,1936
46723,10.1684533,46.6731848,22,2022-02-14T11:01:30Z,1815
46723,10.1684533,46.6731848,22,2022-02-14T11:01:30Z,1815
46723,10.1685773,46.6731295,12,2022-02-14T15:00:37Z,1815
46723,10.1685878,46.6731281,12,2022-02-14T15:00:37Z,1815
46723,10.1685878,46.6731281,12,2022-02-14T15:00:37Z,1815
46723,10.1701366,46.6733136,8,2022-02-14T19:00:37Z,1906
46723,10.1701366,46.6733136,8,2022-02-14T19:00:37Z,1906
46723,10.1700143,46.6732007,9,2022-02-14T23:00:37Z,1906
46723,10.170012,46.6731943,9,2022-02-14T23:00:37Z,1887
46723,10.170012,46.6731943,9,2022-02-14T23:00:37Z,1887
46723,10.170104,46.6732472,7,2022-02-15T03:00:37Z,1906
46723,10.170104,46.6732472,7,2022-02-15T03:00:37Z,1906
46723,10.1701881,46.6731918,11,2022-02-15T07:01:01Z,1887
46723,10.1701881,46.6731918,11,2022-02-15T07:01:01Z,1887
46723,10.1701752,46.6731929,11,2022-02-15T07:01:01Z,1887
46723,10.1704139,46.6731491,8,2022-02-15T11:03:00Z,1918
46723,10.1704139,46.6731491,8,2022-02-15T11:03:00Z,1918
46723,10.1705076,46.6732499,8,2022-02-15T15:00:37Z,1936
46723,10.1705076,46.6732499,8,2022-02-15T15:00:37Z,1936
46723,10.1705076,46.6732437,8,2022-02-15T15:00:37Z,1936
46723,10.1705587,46.6733308,13,2022-02-15T19:00:37Z,1936
46723,10.1705587,46.6733308,13,2022-02-15T19:00:37Z,1936
46723,10.1704548,46.6732817,6,2022-02-15T23:00:37Z,1936
46723,10.1704548,46.6732817,6,2022-02-15T23:00:37Z,1936
46723,10.1704443,46.6732893,6,2022-02-15T23:00:37Z,1936
46723,10.1704934,46.6732906,8,2022-02-16T03:00:37Z,1936
46723,10.1704934,46.6732906,8,2022-02-16T03:00:37Z,1936
46723,10.1705422,46.673328,9,2022-02-16T07:00:37Z,1936
46723,10.1705422,46.673328,9,2022-02-16T07:00:37Z,1936
46723,10.1705445,46.6733344,9,2022-02-16T07:00:37Z,1936
46723,10.1711539,46.6732692,10,2022-02-16T11:00:37Z,1966
46723,10.1711539,46.6732692,10,2022-02-16T11:00:37Z,1966
46723,10.1684496,46.6731994,11,2022-02-16T15:00:37Z,1830
46723,10.1684496,46.6731994,11,2022-02-16T15:00:37Z,1830
46723,10.1684368,46.6731944,11,2022-02-16T15:00:37Z,1815
46723,10.1692077,46.6730923,12,2022-02-16T19:00:37Z,1833
46723,10.1692077,46.6730923,12,2022-02-16T19:00:37Z,1833
46723,10.1708143,46.6729883,11,2022-02-16T23:00:37Z,1948
46723,10.1708119,46.6729819,11,2022-02-16T23:00:37Z,1948
46723,10.1708119,46.6729819,11,2022-02-16T23:00:37Z,1948
46723,10.1709804,46.6730384,10,2022-02-17T03:00:54Z,1948
46723,10.1709804,46.6730384,10,2022-02-17T03:00:54Z,1948
46723,10.171298,46.6733132,11,2022-02-17T07:00:37Z,1993
46723,10.1713003,46.6733197,11,2022-02-17T07:00:37Z,1993
46723,10.171298,46.6733132,11,2022-02-17T07:00:37Z,1993
46723,10.17151,46.6730284,21,2022-02-17T11:03:00Z,1976
46723,10.17151,46.6730284,21,2022-02-17T11:03:00Z,1976
46723,10.1703322,46.6728964,13,2022-02-17T15:00:37Z,1918
46723,10.1703322,46.6728964,13,2022-02-17T15:00:37Z,1918
46723,10.1703322,46.6728902,13,2022-02-17T15:00:37Z,1918
46723,10.1704001,46.6729254,10,2022-02-17T19:00:37Z,1918
46723,10.1704001,46.6729254,10,2022-02-17T19:00:37Z,1918
46723,10.1703315,46.6728081,11,2022-02-17T23:00:37Z,1918
46723,10.170321,46.6728095,11,2022-02-17T23:00:37Z,1918
46723,10.1703315,46.6728081,11,2022-02-17T23:00:37Z,1918
46723,10.1705175,46.6727962,6,2022-02-18T03:00:37Z,1918
46723,10.1705175,46.6727962,6,2022-02-18T03:00:37Z,1918
46723,10.1709686,46.6730485,10,2022-02-18T07:00:37Z,1948
46723,10.1709663,46.6730482,10,2022-02-18T07:00:37Z,1948
46723,10.1709663,46.6730482,10,2022-02-18T07:00:37Z,1948
46723,10.1718819,46.6733561,19,2022-02-18T11:00:54Z,2017
46723,10.1718819,46.6733561,19,2022-02-18T11:00:54Z,2017
46723,10.1713049,46.6735794,15,2022-02-18T15:01:03Z,1993
46723,10.1713049,46.6735794,15,2022-02-18T15:01:03Z,1993
46723,10.1713049,46.6735794,15,2022-02-18T15:01:03Z,1993
46723,10.1710012,46.6731951,15,2022-02-18T19:00:37Z,1948
46723,10.1710012,46.6731951,15,2022-02-18T19:00:37Z,1948
46723,10.1712211,46.6733087,13,2022-02-18T23:00:37Z,1993
46723,10.1712211,46.6733087,13,2022-02-18T23:00:37Z,1993
46723,10.1712211,46.6733087,13,2022-02-18T23:00:37Z,1993
46723,10.1713494,46.6730741,12,2022-02-19T03:00:37Z,1976
46723,10.1713494,46.6730741,12,2022-02-19T03:00:37Z,1976
46723,10.1709916,46.6730882,11,2022-02-19T07:00:37Z,1948
46723,10.1709916,46.6730882,11,2022-02-19T07:00:37Z,1948
46723,10.1709916,46.6730882,11,2022-02-19T07:00:37Z,1948
46723,10.1691685,46.6736494,22,2022-02-19T11:00:37Z,1850
46723,10.1691685,46.6736494,22,2022-02-19T11:00:37Z,1850
46723,10.1702504,46.6728472,12,2022-02-19T15:01:00Z,1918
46723,10.1702504,46.6728472,12,2022-02-19T15:01:00Z,1918
46723,10.1702504,46.6728472,12,2022-02-19T15:01:00Z,1918
46723,10.1704598,46.6729931,12,2022-02-19T19:00:37Z,1918
46723,10.1704598,46.6729931,12,2022-02-19T19:00:37Z,1918
46723,10.1712119,46.6730238,8,2022-02-19T23:00:37Z,1976
46723,10.1712248,46.6730288,8,2022-02-19T23:00:37Z,1976
46723,10.1712248,46.6730288,8,2022-02-19T23:00:37Z,1976
46723,10.1715037,46.6730664,9,2022-02-20T03:00:37Z,1976
46723,10.1715037,46.6730664,9,2022-02-20T03:00:37Z,1976
46723,10.17133,46.6730507,11,2022-02-20T07:00:37Z,1976
46723,10.1713194,46.6730521,11,2022-02-20T07:00:37Z,1976
46723,10.17133,46.6730507,11,2022-02-20T07:00:37Z,1976
46723,10.1719426,46.6732168,22,2022-02-20T11:00:37Z,2017
46723,10.1719426,46.6732168,22,2022-02-20T11:00:37Z,2017
46723,10.1729311,46.6733145,14,2022-02-20T15:00:37Z,2055
46723,10.172944,46.6733134,14,2022-02-20T15:00:37Z,2055
46723,10.172944,46.6733134,14,2022-02-20T15:00:37Z,2055
46723,10.1728081,46.673459,7,2022-02-20T19:00:37Z,2055
46723,10.1728081,46.673459,7,2022-02-20T19:00:37Z,2055
46723,10.1718292,46.6732399,9,2022-02-20T23:00:37Z,2017
46723,10.1718269,46.6732396,9,2022-02-20T23:00:37Z,2017
46723,10.1718269,46.6732396,9,2022-02-20T23:00:37Z,2017
46723,10.1709531,46.6733138,7,2022-02-21T03:00:37Z,1966
46723,10.1709531,46.6733138,7,2022-02-21T03:00:37Z,1966
46723,10.1712966,46.6733713,10,2022-02-21T07:00:37Z,1993
46723,10.1712966,46.6733713,10,2022-02-21T07:00:37Z,1993
46723,10.1712838,46.6733724,10,2022-02-21T07:00:37Z,1993
46723,10.1706813,46.6734754,21,2022-02-21T11:00:37Z,1936
46723,10.1706813,46.6734754,21,2022-02-21T11:00:37Z,1936
46723,10.1682785,46.6733885,8,2022-02-21T15:00:37Z,1830
46723,10.1682679,46.6733899,8,2022-02-21T15:00:37Z,1830
46723,10.1682785,46.6733885,8,2022-02-21T15:00:37Z,1830
46723,10.1690706,46.673549,5,2022-02-21T19:00:37Z,1850
46723,10.1690706,46.673549,5,2022-02-21T19:00:37Z,1850
46723,10.1690646,46.6735509,7,2022-02-21T23:00:37Z,1850
46723,10.1690646,46.6735509,7,2022-02-21T23:00:37Z,1850
46723,10.1690541,46.6735585,7,2022-02-21T23:00:37Z,1850
46723,10.1698343,46.6728466,11,2022-02-22T03:00:37Z,1887
46723,10.1698343,46.6728466,11,2022-02-22T03:00:37Z,1887
46723,10.1699134,46.6729193,8,2022-02-22T07:00:37Z,1887
46723,10.1699134,46.6729193,8,2022-02-22T07:00:37Z,1887
46723,10.1699134,46.6729193,8,2022-02-22T07:00:37Z,1887
46723,10.1704802,46.67326,29,2022-02-22T11:00:56Z,1936
46723,10.1704802,46.67326,29,2022-02-22T11:00:56Z,1936
46723,10.1718173,46.6734042,9,2022-02-22T15:03:00Z,2017
46723,10.171815,46.6733978,9,2022-02-22T15:03:00Z,2017
46723,10.171815,46.6733978,9,2022-02-22T15:03:00Z,2017
46723,10.1706302,46.6731231,14,2022-02-22T19:00:37Z,1918
46723,10.1706302,46.6731231,14,2022-02-22T19:00:37Z,1918
46723,10.1705485,46.6731295,11,2022-02-22T23:00:37Z,1918
46723,10.1705379,46.6731309,11,2022-02-22T23:00:37Z,1918
46723,10.1705485,46.6731295,11,2022-02-22T23:00:37Z,1918
46723,10.1703312,46.6732083,7,2022-02-23T03:00:37Z,1936
46723,10.1703312,46.6732083,7,2022-02-23T03:00:37Z,1936
46723,10.1703763,46.6732233,8,2022-02-23T07:00:37Z,1936
46723,10.1703763,46.6732233,8,2022-02-23T07:00:37Z,1936
46723,10.1703763,46.6732233,8,2022-02-23T07:00:37Z,1936
46723,10.1709524,46.6727998,27,2022-02-23T11:00:54Z,1948
46723,10.1709524,46.6727998,27,2022-02-23T11:00:54Z,1948
46723,10.1707602,46.6729609,19,2022-02-23T15:01:36Z,1948
46723,10.1707707,46.6729595,19,2022-02-23T15:01:36Z,1948
46723,10.1707707,46.6729595,19,2022-02-23T15:01:36Z,1948
46723,10.1712801,46.6731402,6,2022-02-23T19:00:37Z,1976
46723,10.1712801,46.6731402,6,2022-02-23T19:00:37Z,1976
46723,10.170809,46.6732945,6,2022-02-23T23:00:37Z,1966
46723,10.1708066,46.6732942,6,2022-02-23T23:00:37Z,1966
46723,10.1708066,46.6732942,6,2022-02-23T23:00:37Z,1966
46723,10.1704585,46.6732671,10,2022-02-24T03:00:37Z,1936
46723,10.1704585,46.6732671,10,2022-02-24T03:00:37Z,1936
46723,10.1711515,46.6733368,10,2022-02-24T07:00:37Z,1966
46723,10.1711387,46.673338,10,2022-02-24T07:00:37Z,1966
46723,10.1711515,46.6733368,10,2022-02-24T07:00:37Z,1966
46723,10.1711515,46.6733368,19,2022-02-24T11:01:38Z,1966
46723,10.1711515,46.6733368,19,2022-02-24T11:01:38Z,1966
46723,10.1702794,46.6730207,13,2022-02-24T15:00:37Z,1918
46723,10.1702689,46.6730222,13,2022-02-24T15:00:37Z,1918
46723,10.1702794,46.6730207,13,2022-02-24T15:00:37Z,1918
46723,10.1703938,46.6732103,5,2022-02-24T19:00:37Z,1936
46723,10.1703938,46.6732103,5,2022-02-24T19:00:37Z,1936
46723,10.1703625,46.6731908,7,2022-02-24T23:00:37Z,1918
46723,10.1703625,46.6731846,7,2022-02-24T23:00:37Z,1918
46723,10.1703625,46.6731908,7,2022-02-24T23:00:37Z,1918
46723,10.1703727,46.6732193,7,2022-02-25T03:00:37Z,1936
46723,10.1703727,46.6732193,7,2022-02-25T03:00:37Z,1936
46723,10.1703694,46.6731978,8,2022-02-25T07:00:35Z,1918
46723,10.1703694,46.6731978,8,2022-02-25T07:00:35Z,1918
46723,10.1703717,46.673198,8,2022-02-25T07:00:35Z,1918
46723,10.1685245,46.673223,14,2022-02-25T11:01:06Z,1830
46723,10.1685245,46.673223,14,2022-02-25T11:01:06Z,1830
46723,10.1703744,46.6729215,9,2022-02-25T15:00:37Z,1918
46723,10.1703744,46.6729215,9,2022-02-25T15:00:37Z,1918
46723,10.1703744,46.6729215,9,2022-02-25T15:00:37Z,1918
46723,10.1704047,46.6729691,12,2022-02-25T19:00:37Z,1918
46723,10.1704047,46.6729691,12,2022-02-25T19:00:37Z,1918
46723,10.1698574,46.6730221,9,2022-02-25T23:00:37Z,1887
46723,10.1698574,46.6730221,9,2022-02-25T23:00:37Z,1887
46723,10.1698574,46.6730221,9,2022-02-25T23:00:37Z,1887
46723,10.1699272,46.6730073,12,2022-02-26T03:00:37Z,1887
46723,10.1699272,46.6730073,12,2022-02-26T03:00:37Z,1887
46723,10.1703869,46.6732712,7,2022-02-26T07:00:37Z,1936
46723,10.1703763,46.6732726,7,2022-02-26T07:00:37Z,1936
46723,10.1703869,46.6732712,7,2022-02-26T07:00:37Z,1936
46723,10.1706362,46.6731396,29,2022-02-26T11:00:37Z,1918
46723,10.1706362,46.6731396,29,2022-02-26T11:00:37Z,1918
46723,10.1686393,46.6730679,9,2022-02-26T15:00:39Z,1815
46723,10.1686287,46.6730755,9,2022-02-26T15:00:39Z,1815
46723,10.1686393,46.6730679,9,2022-02-26T15:00:39Z,1815
46723,10.1691404,46.6736205,8,2022-02-26T19:00:37Z,1850
46723,10.1691404,46.6736205,8,2022-02-26T19:00:37Z,1850
46723,10.1701844,46.6732804,5,2022-02-26T23:00:37Z,1906
46723,10.1701844,46.6732865,5,2022-02-26T23:00:37Z,1906
46723,10.1701844,46.6732865,5,2022-02-26T23:00:37Z,1906
46723,10.1704479,46.6730217,6,2022-02-27T03:00:37Z,1918
46723,10.1704479,46.6730217,6,2022-02-27T03:00:37Z,1918
46723,10.1703714,46.673444,6,2022-02-27T07:00:37Z,1936
46723,10.1703714,46.673444,6,2022-02-27T07:00:37Z,1936
46723,10.1703737,46.6734504,6,2022-02-27T07:00:37Z,1936
46723,10.1713296,46.6734324,28,2022-02-27T11:00:54Z,1993
46723,10.1713296,46.6734324,28,2022-02-27T11:00:54Z,1993
46723,10.1704423,46.6728642,14,2022-02-27T15:02:24Z,1918
46723,10.1704423,46.6728642,14,2022-02-27T15:02:24Z,1918
46723,10.1704423,46.6728642,14,2022-02-27T15:02:24Z,1918
46723,10.1704166,46.6729405,8,2022-02-27T19:00:37Z,1918
46723,10.1704166,46.6729405,8,2022-02-27T19:00:37Z,1918
46723,10.1702603,46.6728254,9,2022-02-27T23:00:37Z,1918
46723,10.170258,46.6728252,9,2022-02-27T23:00:37Z,1918
46723,10.170258,46.6728252,9,2022-02-27T23:00:37Z,1918
46723,10.170435,46.672955,7,2022-02-28T03:00:37Z,1918
46723,10.170435,46.672955,7,2022-02-28T03:00:37Z,1918
46723,10.1703714,46.6734563,7,2022-02-28T07:00:37Z,1936
46723,10.1703737,46.6734627,7,2022-02-28T07:00:37Z,1936
46723,10.1703714,46.6734563,7,2022-02-28T07:00:37Z,1936
46723,10.1704107,46.6728684,27,2022-02-28T11:00:37Z,1918
46723,10.1704107,46.6728684,27,2022-02-28T11:00:37Z,1918
46723,10.1699266,46.6735238,16,2022-02-28T15:01:24Z,1906
46723,10.1699394,46.6735288,16,2022-02-28T15:01:24Z,1906
46723,10.1699394,46.6735288,16,2022-02-28T15:01:24Z,1906
46723,10.1710747,46.6732089,8,2022-02-28T19:00:37Z,1966
46723,10.1710747,46.6732089,8,2022-02-28T19:00:37Z,1966
46723,10.1712561,46.6733568,8,2022-02-28T23:00:37Z,1993
46723,10.1712561,46.6733568,8,2022-02-28T23:00:37Z,1993
46723,10.1712561,46.6733568,8,2022-02-28T23:00:37Z,1993
46723,10.1712736,46.6733562,7,2022-03-01T03:00:37Z,1993
46723,10.1712736,46.6733562,7,2022-03-01T03:00:37Z,1993
46723,10.1705854,46.6735595,5,2022-03-01T07:00:37Z,1936
46723,10.1705854,46.6735595,5,2022-03-01T07:00:37Z,1936
46723,10.1705748,46.6735671,5,2022-03-01T07:00:37Z,1936
46723,10.1703602,46.6729437,24,2022-03-01T11:00:37Z,1918
46723,10.1703602,46.6729437,24,2022-03-01T11:00:37Z,1918
46723,10.1701871,46.6730286,14,2022-03-01T15:03:00Z,1887
46723,10.1701999,46.6730336,14,2022-03-01T15:03:00Z,1887
46723,10.1701999,46.6730336,14,2022-03-01T15:03:00Z,1887
46723,10.1703694,46.6731669,5,2022-03-01T19:00:37Z,1918
46723,10.1703694,46.6731669,5,2022-03-01T19:00:37Z,1918
46723,10.1703276,46.6731488,11,2022-03-01T23:00:37Z,1918
46723,10.1703276,46.673155,11,2022-03-01T23:00:37Z,1918
46723,10.1703276,46.673155,11,2022-03-01T23:00:37Z,1918
46723,10.1703262,46.6732254,2,2022-03-02T03:00:37Z,1936
46723,10.1703262,46.6732254,2,2022-03-02T03:00:37Z,1936
46723,10.1703717,46.6732104,9,2022-03-02T07:00:37Z,1936
46723,10.1703694,46.6732039,9,2022-03-02T07:00:37Z,1936
46723,10.1703694,46.6732039,9,2022-03-02T07:00:37Z,1936
46723,10.1705696,46.6730526,30,2022-03-02T11:01:00Z,1918
46723,10.1705696,46.6730526,30,2022-03-02T11:01:00Z,1918
46723,10.1700393,46.6732459,14,2022-03-02T15:00:37Z,1906
46723,10.1700393,46.6732459,14,2022-03-02T15:00:37Z,1906
46723,10.1700393,46.6732459,14,2022-03-02T15:00:37Z,1906
46723,10.1703968,46.6729594,12,2022-03-02T19:01:36Z,1918
46723,10.1703968,46.6729594,12,2022-03-02T19:01:36Z,1918
46723,10.1708822,46.6730235,12,2022-03-02T23:00:37Z,1948
46723,10.1708822,46.6730174,12,2022-03-02T23:00:37Z,1948
46723,10.1708822,46.6730235,12,2022-03-02T23:00:37Z,1948
46723,10.1713108,46.6733244,8,2022-03-03T03:00:37Z,1993
46723,10.1713108,46.6733244,8,2022-03-03T03:00:37Z,1993
46723,10.1712653,46.6733826,12,2022-03-03T07:00:37Z,1993
46723,10.1712653,46.6733826,12,2022-03-03T07:00:37Z,1993
46723,10.1712653,46.6733826,12,2022-03-03T07:00:37Z,1993
46723,10.1706128,46.672883,23,2022-03-03T11:00:37Z,1918
46723,10.1706128,46.672883,23,2022-03-03T11:00:37Z,1918
46723,10.1708571,46.673219,20,2022-03-03T15:03:00Z,1966
46723,10.1708571,46.673219,20,2022-03-03T15:03:00Z,1966
46723,10.1708466,46.6732266,20,2022-03-03T15:03:00Z,1966
46723,10.1703391,46.6731995,9,2022-03-03T19:00:37Z,1936
46723,10.1703391,46.6731995,9,2022-03-03T19:00:37Z,1936
46723,10.1703322,46.6731864,8,2022-03-03T23:00:37Z,1918
46723,10.1703299,46.67318,8,2022-03-03T23:00:37Z,1918
46723,10.1703299,46.67318,8,2022-03-03T23:00:37Z,1918
46723,10.1704165,46.6732306,12,2022-03-04T03:00:38Z,1936
46723,10.1704165,46.6732306,12,2022-03-04T03:00:38Z,1936
46723,10.1703612,46.6731995,6,2022-03-04T07:00:37Z,1936
46723,10.1703612,46.6731995,6,2022-03-04T07:00:37Z,1936
46723,10.1703506,46.6732009,6,2022-03-04T07:00:37Z,1936
46723,10.1701811,46.6738019,17,2022-03-04T11:00:37Z,1922
46723,10.1701811,46.6738019,17,2022-03-04T11:00:37Z,1922
46723,10.1710494,46.6729838,14,2022-03-04T15:01:36Z,1948
46723,10.1710365,46.6729788,14,2022-03-04T15:01:36Z,1948
46723,10.1710494,46.6729838,14,2022-03-04T15:01:36Z,1948
46723,10.1705356,46.6731183,9,2022-03-04T19:00:37Z,1918
46723,10.1705356,46.6731183,9,2022-03-04T19:00:37Z,1918
46723,10.1705214,46.6732947,5,2022-03-04T23:00:37Z,1936
46723,10.1705191,46.6732944,5,2022-03-04T23:00:37Z,1936
46723,10.1705191,46.6732944,5,2022-03-04T23:00:37Z,1936
46723,10.1705376,46.6733151,7,2022-03-05T03:00:37Z,1936
46723,10.1705376,46.6733151,7,2022-03-05T03:00:37Z,1936
46723,10.1705481,46.6735296,5,2022-03-05T07:00:37Z,1936
46723,10.1705481,46.6735296,5,2022-03-05T07:00:37Z,1936
46723,10.1705353,46.6735308,5,2022-03-05T07:00:37Z,1936
46723,10.1682488,46.6739722,20,2022-03-05T11:00:37Z,1851
46723,10.1682488,46.6739722,20,2022-03-05T11:00:37Z,1851
46723,10.1688891,46.6748142,10,2022-03-05T15:01:08Z,1903
46723,10.1688891,46.6748142,10,2022-03-05T15:01:08Z,1903
46723,10.1717622,46.6734851,6,2022-03-05T19:03:00Z,2017
46723,10.1717494,46.6734863,6,2022-03-05T19:03:00Z,2017
46723,10.1717622,46.6734851,6,2022-03-05T19:03:00Z,2017
46723,10.1716814,46.6732968,9,2022-03-05T23:00:39Z,2017
46723,10.1716814,46.6732968,9,2022-03-05T23:00:39Z,2017
46723,10.1716115,46.6732623,7,2022-03-06T03:00:39Z,1993
46723,10.1716115,46.6732623,7,2022-03-06T03:00:39Z,1993
46723,10.1716115,46.6732623,7,2022-03-06T03:00:39Z,1993
46723,10.171573,46.6733459,5,2022-03-06T07:00:39Z,1993
46723,10.171573,46.6733459,5,2022-03-06T07:00:39Z,1993
46723,10.1717675,46.6730925,19,2022-03-06T11:00:56Z,2001
46723,10.1717675,46.6730925,19,2022-03-06T11:00:56Z,2001
46723,10.1717547,46.6730937,19,2022-03-06T11:00:56Z,2001
46723,10.1704271,46.6729514,16,2022-03-06T15:01:10Z,1918
46723,10.1704271,46.6729514,16,2022-03-06T15:01:10Z,1918
46723,10.1705504,46.6733139,5,2022-03-06T19:00:39Z,1936
46723,10.1705504,46.6733139,5,2022-03-06T19:00:39Z,1936
46723,10.1705399,46.6733215,5,2022-03-06T19:00:39Z,1936
46723,10.1704888,46.6732715,5,2022-03-06T23:00:39Z,1936
46723,10.1704888,46.6732715,5,2022-03-06T23:00:39Z,1936
46723,10.1705376,46.6732966,6,2022-03-07T03:00:39Z,1936
46723,10.1705376,46.6732966,6,2022-03-07T03:00:39Z,1936
46723,10.1705399,46.6732969,6,2022-03-07T03:00:39Z,1936
46723,10.1705224,46.673316,6,2022-03-07T07:00:39Z,1936
46723,10.1705224,46.673316,6,2022-03-07T07:00:39Z,1936
46723,10.1709194,46.672967,18,2022-03-07T11:00:39Z,1948
46723,10.1709217,46.6729673,18,2022-03-07T11:00:39Z,1948
46723,10.1709194,46.672967,18,2022-03-07T11:00:39Z,1948
46723,10.1704957,46.6732723,17,2022-03-07T15:01:56Z,1936
46723,10.1704957,46.6732723,17,2022-03-07T15:01:56Z,1936
46723,10.1712564,46.6730492,6,2022-03-07T19:00:39Z,1976
46723,10.1712564,46.6730492,6,2022-03-07T19:00:39Z,1976
46723,10.1712587,46.6730557,6,2022-03-07T19:00:39Z,1976
46723,10.1714658,46.672973,10,2022-03-07T23:00:39Z,1976
46723,10.1714658,46.672973,10,2022-03-07T23:00:39Z,1976
46723,10.1712749,46.6730822,8,2022-03-08T03:00:39Z,1976
46723,10.1712772,46.6730825,8,2022-03-08T03:00:39Z,1976
46723,10.1712749,46.6730822,8,2022-03-08T03:00:39Z,1976
46723,10.1712749,46.6733105,6,2022-03-08T07:00:39Z,1993
46723,10.1712749,46.6733105,6,2022-03-08T07:00:39Z,1993
46723,10.1717635,46.6731864,17,2022-03-08T11:01:04Z,2001
46723,10.1717658,46.6731867,17,2022-03-08T11:01:04Z,2001
46723,10.1717635,46.6731864,17,2022-03-08T11:01:04Z,2001
46723,10.1704914,46.6729642,23,2022-03-08T15:00:39Z,1918
46723,10.1704914,46.6729642,23,2022-03-08T15:00:39Z,1918
46723,10.1718575,46.6731585,8,2022-03-08T19:00:39Z,2001
46723,10.1718575,46.6731585,8,2022-03-08T19:00:39Z,2001
46723,10.1718575,46.6731585,8,2022-03-08T19:00:39Z,2001
46723,10.1715674,46.6732563,8,2022-03-08T23:00:39Z,1993
46723,10.1715674,46.6732563,8,2022-03-08T23:00:39Z,1993
46723,10.1715931,46.6732231,8,2022-03-09T03:00:39Z,1993
46723,10.1715931,46.6732231,8,2022-03-09T03:00:39Z,1993
46723,10.1715931,46.6732231,8,2022-03-09T03:00:39Z,1993
46723,10.1715637,46.673277,10,2022-03-09T07:00:39Z,1993
46723,10.1715637,46.673277,10,2022-03-09T07:00:39Z,1993
46723,10.1684427,46.6731924,24,2022-03-09T11:00:39Z,1815
46723,10.1684427,46.6731924,24,2022-03-09T11:00:39Z,1815
46723,10.1684322,46.6731938,24,2022-03-09T11:00:39Z,1815
46723,10.1700918,46.6735835,22,2022-03-09T15:01:10Z,1906
46723,10.1700918,46.6735835,22,2022-03-09T15:01:10Z,1906
46723,10.1716488,46.673286,8,2022-03-09T19:02:36Z,1993
46723,10.1716488,46.673286,8,2022-03-09T19:02:36Z,1993
46723,10.1716511,46.6732862,8,2022-03-09T19:02:36Z,1993
46723,10.1716244,46.6732673,10,2022-03-09T23:00:37Z,1993
46723,10.1716244,46.6732673,10,2022-03-09T23:00:37Z,1993
46723,10.171657,46.6732843,6,2022-03-10T03:00:37Z,1993
46723,10.1716465,46.6732857,6,2022-03-10T03:00:37Z,1993
46723,10.171657,46.6732843,6,2022-03-10T03:00:37Z,1993
46723,10.1716244,46.6732796,5,2022-03-10T07:00:37Z,1993
46723,10.1716244,46.6732796,5,2022-03-10T07:00:37Z,1993
46723,10.1726264,46.6735385,27,2022-03-10T11:00:37Z,2038
46723,10.1726241,46.6735382,27,2022-03-10T11:00:37Z,2038
46723,10.1726241,46.6735382,27,2022-03-10T11:00:37Z,2038
46723,10.1718846,46.6728328,24,2022-03-10T15:00:37Z,2001
46723,10.1718846,46.6728328,24,2022-03-10T15:00:37Z,2001
46723,10.1715021,46.6732099,9,2022-03-10T19:00:37Z,1993
46723,10.1715021,46.6732099,9,2022-03-10T19:00:37Z,1993
46723,10.1715021,46.6732037,9,2022-03-10T19:00:37Z,1993
46723,10.1715825,46.6732492,8,2022-03-10T23:00:37Z,1993
46723,10.1715825,46.6732492,8,2022-03-10T23:00:37Z,1993
46723,10.1716837,46.6732786,8,2022-03-11T03:00:37Z,2017
46723,10.171686,46.673285,8,2022-03-11T03:00:37Z,2017
46723,10.1716837,46.6732786,8,2022-03-11T03:00:37Z,2017
46723,10.1714104,46.6733677,6,2022-03-11T07:01:06Z,1993
46723,10.1714104,46.6733677,6,2022-03-11T07:01:06Z,1993
46723,10.17093,46.6728298,24,2022-03-11T11:00:40Z,1948
46723,10.17093,46.6728298,24,2022-03-11T11:00:40Z,1948
46723,10.1709171,46.672831,24,2022-03-11T11:00:40Z,1948
46723,10.1718011,46.6730815,12,2022-03-11T15:00:37Z,2001
46723,10.1718011,46.6730815,12,2022-03-11T15:00:37Z,2001
46723,10.1715858,46.6732522,7,2022-03-11T19:00:37Z,1993
46723,10.1715964,46.6732508,7,2022-03-11T19:00:37Z,1993
46723,10.1715964,46.6732508,7,2022-03-11T19:00:37Z,1993
46723,10.1715848,46.6732371,10,2022-03-11T23:00:37Z,1993
46723,10.1715848,46.6732371,10,2022-03-11T23:00:37Z,1993
46723,10.1715835,46.6732766,10,2022-03-12T03:00:37Z,1993
46723,10.1715858,46.6732769,10,2022-03-12T03:00:37Z,1993
46723,10.1715835,46.6732766,10,2022-03-12T03:00:37Z,1993
46723,10.1717065,46.6730273,7,2022-03-12T07:00:37Z,2001
46723,10.1717065,46.6730273,7,2022-03-12T07:00:37Z,2001
46723,10.1707902,46.6725941,16,2022-03-12T11:00:37Z,1929
46723,10.1707773,46.6725891,16,2022-03-12T11:00:37Z,1929
46723,10.1707902,46.6725941,16,2022-03-12T11:00:37Z,1929
46723,10.1709475,46.6729403,14,2022-03-12T15:00:37Z,1948
46723,10.1709475,46.6729403,14,2022-03-12T15:00:37Z,1948
46723,10.1716082,46.6732284,8,2022-03-12T19:00:37Z,1993
46723,10.1715977,46.673236,8,2022-03-12T19:00:37Z,1993
46723,10.1716082,46.6732284,8,2022-03-12T19:00:37Z,1993
46723,10.1715858,46.6732707,5,2022-03-12T23:00:37Z,1993
46723,10.1715858,46.6732707,5,2022-03-12T23:00:37Z,1993
46723,10.1716033,46.6732886,10,2022-03-13T03:00:37Z,1993
46723,10.1715904,46.6732898,10,2022-03-13T03:00:37Z,1993
46723,10.1716033,46.6732886,10,2022-03-13T03:00:37Z,1993
46723,10.171629,46.6732863,10,2022-03-13T07:00:37Z,1993
46723,10.171629,46.6732863,10,2022-03-13T07:00:37Z,1993
46723,10.1687675,46.6734319,23,2022-03-13T11:01:02Z,1850
46723,10.1687675,46.6734319,23,2022-03-13T11:01:02Z,1850
46723,10.1687547,46.6734269,23,2022-03-13T11:01:02Z,1850
46723,10.1706639,46.673402,18,2022-03-13T15:00:37Z,1936
46723,10.1706639,46.673402,18,2022-03-13T15:00:37Z,1936
46723,10.1716165,46.6732637,7,2022-03-13T19:00:37Z,1993
46723,10.1716188,46.6732701,7,2022-03-13T19:00:37Z,1993
46723,10.1716165,46.6732637,7,2022-03-13T19:00:37Z,1993
46723,10.171572,46.673263,9,2022-03-13T23:00:37Z,1993
46723,10.171572,46.673263,9,2022-03-13T23:00:37Z,1993
46723,10.1716267,46.6732799,9,2022-03-14T03:00:37Z,1993
46723,10.1716267,46.6732799,9,2022-03-14T03:00:37Z,1993
46723,10.1716162,46.6732875,9,2022-03-14T03:00:37Z,1993
46723,10.1714655,46.6733176,5,2022-03-14T07:00:37Z,1993
46723,10.1714655,46.6733176,5,2022-03-14T07:00:37Z,1993
46723,10.1712217,46.6740634,18,2022-03-14T11:01:36Z,2005
46723,10.1712323,46.6740558,18,2022-03-14T11:01:36Z,2005
46723,10.1712323,46.6740558,18,2022-03-14T11:01:36Z,2005
46723,10.1684345,46.6731756,18,2022-03-14T15:00:37Z,1815
46723,10.1684345,46.6731756,18,2022-03-14T15:00:37Z,1815
46723,10.1720026,46.673341,9,2022-03-14T19:00:37Z,2017
46723,10.1720026,46.673341,9,2022-03-14T19:00:37Z,2017
46723,10.1720026,46.673341,9,2022-03-14T19:00:37Z,2017
46723,10.1716593,46.6732043,10,2022-03-14T23:00:37Z,1993
46723,10.1716593,46.6732043,10,2022-03-14T23:00:37Z,1993
46723,10.1718631,46.6732235,9,2022-03-15T03:00:37Z,2017
46723,10.1718503,46.6732247,9,2022-03-15T03:00:37Z,2017
46723,10.1718631,46.6732235,9,2022-03-15T03:00:37Z,2017
46723,10.1720508,46.6729076,13,2022-03-15T07:00:37Z,2001
46723,10.1720508,46.6729076,13,2022-03-15T07:00:37Z,2001
46723,10.1711255,46.6728137,14,2022-03-15T11:00:37Z,1948
46723,10.1711255,46.6728137,14,2022-03-15T11:00:37Z,1948
46723,10.1711255,46.6728075,14,2022-03-15T11:00:37Z,1948
46723,10.1712399,46.6730279,14,2022-03-15T15:01:00Z,1976
46723,10.1712399,46.6730279,14,2022-03-15T15:01:00Z,1976
46723,10.1719287,46.673425,8,2022-03-15T19:00:37Z,2017
46723,10.1719182,46.6734265,8,2022-03-15T19:00:37Z,2017
46723,10.1719287,46.673425,8,2022-03-15T19:00:37Z,2017
46723,10.1718888,46.6731657,8,2022-03-15T23:00:37Z,2001
46723,10.1718888,46.6731657,8,2022-03-15T23:00:37Z,2001
46723,10.1716162,46.6732751,10,2022-03-16T03:00:37Z,1993
46723,10.1716162,46.6732813,10,2022-03-16T03:00:37Z,1993
46723,10.1716162,46.6732813,10,2022-03-16T03:00:37Z,1993
46723,10.1715581,46.6730392,11,2022-03-16T07:00:38Z,1976
46723,10.1715581,46.6730392,11,2022-03-16T07:00:38Z,1976
46723,10.1685901,46.6731716,22,2022-03-16T11:00:37Z,1815
46723,10.1685901,46.6731716,22,2022-03-16T11:00:37Z,1815
46723,10.1685773,46.6731665,22,2022-03-16T11:00:37Z,1815
46723,10.1710368,46.6736338,16,2022-03-16T15:01:00Z,1966
46723,10.1710368,46.6736338,16,2022-03-16T15:01:00Z,1966
46723,10.1706507,46.673359,8,2022-03-16T19:00:37Z,1936
46723,10.1706636,46.6733579,8,2022-03-16T19:00:37Z,1936
46723,10.1706636,46.6733579,8,2022-03-16T19:00:37Z,1936
46723,10.1715228,46.6732555,10,2022-03-16T23:00:37Z,1993
46723,10.1715228,46.6732555,10,2022-03-16T23:00:37Z,1993
46723,10.1715463,46.6733517,10,2022-03-17T03:00:37Z,1993
46723,10.1715591,46.6733567,10,2022-03-17T03:00:37Z,1993
46723,10.1715591,46.6733567,10,2022-03-17T03:00:37Z,1993
46723,10.171993,46.6740302,15,2022-03-17T07:00:37Z,2029
46723,10.171993,46.6740302,15,2022-03-17T07:00:37Z,2029
46723,10.1717962,46.6735798,27,2022-03-17T11:00:37Z,2017
46723,10.1717962,46.6735798,27,2022-03-17T11:00:37Z,2017
46723,10.1717962,46.6735798,27,2022-03-17T11:00:37Z,2017
46723,10.1705709,46.6729267,18,2022-03-17T15:01:24Z,1918
46723,10.1705709,46.6729267,18,2022-03-17T15:01:24Z,1918
46723,10.1715637,46.6732461,11,2022-03-17T19:00:37Z,1993
46723,10.1715637,46.6732461,11,2022-03-17T19:00:37Z,1993
46723,10.1715509,46.6732411,11,2022-03-17T19:00:37Z,1993
46723,10.1717649,46.6731839,11,2022-03-17T23:00:56Z,2001
46723,10.1717649,46.6731839,11,2022-03-17T23:00:56Z,2001
46723,10.1711341,46.6735102,11,2022-03-18T03:01:08Z,1966
46723,10.1711446,46.6735026,11,2022-03-18T03:01:08Z,1966
46723,10.1711446,46.6735026,11,2022-03-18T03:01:08Z,1966
46723,10.1709913,46.6735686,12,2022-03-18T07:00:37Z,1966
46723,10.1709913,46.6735686,12,2022-03-18T07:00:37Z,1966
46723,10.1708756,46.672604,21,2022-03-18T11:00:37Z,1929
46723,10.1708885,46.672609,21,2022-03-18T11:00:37Z,1929
46723,10.1708885,46.672609,21,2022-03-18T11:00:37Z,1929
46723,10.1721279,46.6729192,15,2022-03-18T15:00:37Z,2001
46723,10.1721279,46.6729192,15,2022-03-18T15:00:37Z,2001
46723,10.1710972,46.6731851,7,2022-03-18T19:00:37Z,1948
46723,10.1710972,46.6731912,7,2022-03-18T19:00:37Z,1948
46723,10.1710972,46.6731912,7,2022-03-18T19:00:37Z,1948
46723,10.1715027,46.6733228,8,2022-03-18T23:00:37Z,1993
46723,10.1715027,46.6733228,8,2022-03-18T23:00:37Z,1993
46723,10.1711947,46.673556,7,2022-03-19T03:00:37Z,1993
46723,10.1711924,46.6735496,7,2022-03-19T03:00:37Z,1993
46723,10.1711924,46.6735496,7,2022-03-19T03:00:37Z,1993
46723,10.1719126,46.6724605,9,2022-03-19T07:00:37Z,1984
46723,10.1719126,46.6724605,9,2022-03-19T07:00:37Z,1984
46723,10.1697119,46.6730917,26,2022-03-19T11:00:58Z,1857
46723,10.1697119,46.6730917,26,2022-03-19T11:00:58Z,1857
46723,10.1697142,46.6730919,26,2022-03-19T11:00:58Z,1887
46723,10.1713557,46.6730299,20,2022-03-19T15:00:37Z,1976
46723,10.1713557,46.6730299,20,2022-03-19T15:00:37Z,1976
46723,10.1715463,46.673327,7,2022-03-19T19:00:37Z,1993
46723,10.1715463,46.6733331,7,2022-03-19T19:00:37Z,1993
46723,10.1715463,46.6733331,7,2022-03-19T19:00:37Z,1993
46723,10.1707654,46.6735866,5,2022-03-19T23:00:37Z,1966
46723,10.1707654,46.6735866,5,2022-03-19T23:00:37Z,1966
46723,10.1713026,46.6733631,5,2022-03-20T03:00:37Z,1993
46723,10.1713026,46.6733631,5,2022-03-20T03:00:37Z,1993
46723,10.1713049,46.6733696,5,2022-03-20T03:00:37Z,1993
46723,10.1705597,46.6735248,9,2022-03-20T07:00:37Z,1936
46723,10.1705597,46.6735248,9,2022-03-20T07:00:37Z,1936
46723,10.1709751,46.6732706,24,2022-03-20T11:00:37Z,1966
46723,10.1709751,46.6732644,24,2022-03-20T11:00:37Z,1966
46723,10.1709751,46.6732706,24,2022-03-20T11:00:37Z,1966
46723,10.1715871,46.6731078,20,2022-03-20T15:01:00Z,1976
46723,10.1715871,46.6731078,20,2022-03-20T15:01:00Z,1976
46723,10.1722479,46.6734206,8,2022-03-20T19:01:00Z,2038
46723,10.1722479,46.6734206,8,2022-03-20T19:01:00Z,2038
46723,10.1722479,46.6734206,8,2022-03-20T19:01:00Z,2038
46723,10.1718608,46.6732047,5,2022-03-20T23:00:37Z,2017
46723,10.1718608,46.6732047,5,2022-03-20T23:00:37Z,2017
46723,10.1716185,46.6732816,7,2022-03-21T03:00:37Z,1993
46723,10.1716185,46.6732816,7,2022-03-21T03:00:37Z,1993
46723,10.1716208,46.673288,7,2022-03-21T03:00:37Z,1993
46723,10.1720798,46.6734513,10,2022-03-21T07:00:37Z,2017
46723,10.1720798,46.6734513,10,2022-03-21T07:00:37Z,2017
46723,10.173333,46.6735656,28,2022-03-21T11:00:37Z,2072
46723,10.173333,46.6735656,28,2022-03-21T11:00:37Z,2072
46723,10.1733354,46.6735659,28,2022-03-21T11:00:37Z,2072
46723,10.1735886,46.673217,20,2022-03-21T15:01:00Z,2072
46723,10.1735886,46.673217,20,2022-03-21T15:01:00Z,2072
46723,10.1719017,46.67322,7,2022-03-21T19:00:37Z,2017
46723,10.1719017,46.67322,7,2022-03-21T19:00:37Z,2017
46723,10.1719017,46.67322,7,2022-03-21T19:00:37Z,2017
46723,10.1715977,46.6732668,9,2022-03-21T23:00:37Z,1993
46723,10.1715977,46.6732668,9,2022-03-21T23:00:37Z,1993
46723,10.1715858,46.6732769,9,2022-03-22T03:00:37Z,1993
46723,10.1715987,46.6732758,9,2022-03-22T03:00:37Z,1993
46723,10.1715987,46.6732758,9,2022-03-22T03:00:37Z,1993
46723,10.1719614,46.6735037,7,2022-03-22T07:01:00Z,2017
46723,10.1719614,46.6735037,7,2022-03-22T07:01:00Z,2017
46723,10.1699147,46.6737252,22,2022-03-22T11:00:37Z,1922
46723,10.1699275,46.673724,22,2022-03-22T11:00:37Z,1922
46723,10.1699275,46.673724,22,2022-03-22T11:00:37Z,1922
46723,10.1695266,46.6735004,19,2022-03-22T15:00:37Z,1875
46723,10.1695266,46.6735004,19,2022-03-22T15:00:37Z,1875
46723,10.1715651,46.6732622,8,2022-03-22T19:00:37Z,1993
46723,10.1715651,46.6732622,8,2022-03-22T19:00:37Z,1993
46723,10.1715674,46.6732624,8,2022-03-22T19:00:37Z,1993
46723,10.1711624,46.6735585,11,2022-03-22T23:00:37Z,1966
46723,10.1711624,46.6735585,11,2022-03-22T23:00:37Z,1966
46723,10.1711891,46.6735095,9,2022-03-23T03:00:37Z,1993
46723,10.1711891,46.6735095,9,2022-03-23T03:00:37Z,1993
46723,10.1711763,46.6735045,9,2022-03-23T03:00:37Z,1966
46723,10.1724372,46.673677,18,2022-03-23T07:00:37Z,2038
46723,10.1724372,46.673677,18,2022-03-23T07:00:37Z,2038
46723,10.1735952,46.6734267,29,2022-03-23T11:00:37Z,2072
46723,10.1735929,46.6734203,29,2022-03-23T11:00:37Z,2072
46723,10.1735929,46.6734203,29,2022-03-23T11:00:37Z,2072
46723,10.1723459,46.6727866,26,2022-03-23T15:00:37Z,2023
46723,10.1723459,46.6727866,26,2022-03-23T15:00:37Z,2023
46723,10.1711855,46.673555,9,2022-03-23T19:00:37Z,1993
46723,10.1711832,46.6735485,9,2022-03-23T19:00:37Z,1993
46723,10.1711832,46.6735485,9,2022-03-23T19:00:37Z,1993
46723,10.1709366,46.6733234,8,2022-03-23T23:00:37Z,1966
46723,10.1709366,46.6733234,8,2022-03-23T23:00:37Z,1966
46723,10.1709798,46.6733266,6,2022-03-24T03:00:37Z,1966
46723,10.1709926,46.6733255,6,2022-03-24T03:00:37Z,1966
46723,10.1709926,46.6733255,6,2022-03-24T03:00:37Z,1966
46723,10.1715548,46.6729313,8,2022-03-24T07:00:37Z,1976
46723,10.1715548,46.6729313,8,2022-03-24T07:00:37Z,1976
46723,10.1716732,46.6726259,23,2022-03-24T11:00:37Z,1984
46723,10.1716732,46.6726259,23,2022-03-24T11:00:37Z,1984
46723,10.1716755,46.6726261,23,2022-03-24T11:00:37Z,1984
46723,10.1699269,46.673389,24,2022-03-24T15:01:06Z,1906
46723,10.1699269,46.673389,24,2022-03-24T15:01:06Z,1906
46723,10.1718806,46.6732105,9,2022-03-24T19:00:37Z,2017
46723,10.1718806,46.6732105,9,2022-03-24T19:00:37Z,2017
46723,10.1718806,46.6732105,9,2022-03-24T19:00:37Z,2017
46723,10.1724797,46.6731785,7,2022-03-24T23:00:37Z,2023
46723,10.1724797,46.6731785,7,2022-03-24T23:00:37Z,2023
46723,10.1725592,46.673178,4,2022-03-25T03:00:37Z,2023
46723,10.1725569,46.6731778,4,2022-03-25T03:00:37Z,2023
46723,10.1725569,46.6731778,4,2022-03-25T03:00:37Z,2023
46723,10.1731359,46.6733303,6,2022-03-25T07:00:37Z,2055
46723,10.1731359,46.6733303,6,2022-03-25T07:00:37Z,2055
46723,10.1732971,46.6735579,28,2022-03-25T11:01:00Z,2072
46723,10.1732866,46.6735655,28,2022-03-25T11:01:00Z,2072
46723,10.1732971,46.6735579,28,2022-03-25T11:01:00Z,2072
46723,10.1724666,46.6727345,20,2022-03-25T15:00:37Z,2023
46723,10.1724666,46.6727345,20,2022-03-25T15:00:37Z,2023
46723,10.1715941,46.6732752,10,2022-03-25T19:00:37Z,1993
46723,10.1715812,46.6732764,10,2022-03-25T19:00:37Z,1993
46723,10.1715941,46.6732752,10,2022-03-25T19:00:37Z,1993
46723,10.1723406,46.673389,11,2022-03-25T23:01:15Z,2038
46723,10.1723406,46.673389,11,2022-03-25T23:01:15Z,2038
46723,10.1722535,46.6734424,9,2022-03-26T03:00:37Z,2038
46723,10.1722407,46.6734374,9,2022-03-26T03:00:37Z,2038
46723,10.1722535,46.6734424,9,2022-03-26T03:00:37Z,2038
46723,10.1721355,46.6736561,9,2022-03-26T07:00:39Z,2017
46723,10.1721355,46.6736561,9,2022-03-26T07:00:39Z,2017
46723,10.1703428,46.6725247,22,2022-03-26T11:00:39Z,1900
46723,10.1703428,46.6725308,22,2022-03-26T11:00:39Z,1900
46723,10.1703428,46.6725308,22,2022-03-26T11:00:39Z,1900
46723,10.1722427,46.6729677,21,2022-03-26T15:00:39Z,2023
46723,10.1722427,46.6729677,21,2022-03-26T15:00:39Z,2023
46723,10.1711855,46.673555,10,2022-03-26T19:00:39Z,1993
46723,10.1711984,46.67356,10,2022-03-26T19:00:39Z,1993
46723,10.1711984,46.67356,10,2022-03-26T19:00:39Z,1993
46723,10.1715555,46.6732602,10,2022-03-26T23:00:39Z,1993
46723,10.1715555,46.6732602,10,2022-03-26T23:00:39Z,1993
46723,10.1716359,46.6733056,5,2022-03-27T02:00:39Z,1993
46723,10.1716359,46.6733056,5,2022-03-27T02:00:39Z,1993
46723,10.1716254,46.6733132,5,2022-03-27T02:00:39Z,1993
46723,10.1718991,46.6737063,8,2022-03-27T06:00:39Z,2029
46723,10.1718991,46.6737063,8,2022-03-27T06:00:39Z,2029
46723,10.1698269,46.6745111,35,2022-03-27T10:00:39Z,1933
46723,10.1698269,46.6745111,35,2022-03-27T10:00:39Z,1933
46723,10.1698269,46.6745049,35,2022-03-27T10:00:39Z,1933
46723,10.1704608,46.6730761,32,2022-03-27T14:00:39Z,1918
46723,10.1704608,46.6730761,32,2022-03-27T14:00:39Z,1918
46723,10.1716142,46.6732326,10,2022-03-27T18:00:39Z,1993
46723,10.1716119,46.6732323,10,2022-03-27T18:00:39Z,1993
46723,10.1716119,46.6732323,10,2022-03-27T18:00:39Z,1993
46723,10.1718654,46.673267,8,2022-03-27T22:00:39Z,2017
46723,10.1718654,46.673267,8,2022-03-27T22:00:39Z,2017
46723,10.1718457,46.6732118,6,2022-03-28T02:00:39Z,2017
46723,10.1718433,46.6732115,6,2022-03-28T02:00:39Z,2017
46723,10.1718433,46.6732115,6,2022-03-28T02:00:39Z,2017
46723,10.1724362,46.6737112,12,2022-03-28T06:00:39Z,2049
46723,10.1724362,46.6737112,12,2022-03-28T06:00:39Z,2049
46723,10.172124,46.6726983,24,2022-03-28T10:01:02Z,1984
46723,10.172124,46.6726983,24,2022-03-28T10:01:02Z,1984
46723,10.1721134,46.6726997,24,2022-03-28T10:01:02Z,1984
46723,10.1706678,46.6731168,24,2022-03-28T14:00:39Z,1918
46723,10.1706678,46.6731168,24,2022-03-28T14:00:39Z,1918
46723,10.1719343,46.6735332,11,2022-03-28T18:00:39Z,2017
46723,10.1719343,46.6735332,11,2022-03-28T18:00:39Z,2017
46723,10.1719367,46.6735397,11,2022-03-28T18:00:39Z,2017
46723,10.1724421,46.6732773,9,2022-03-28T22:00:39Z,2038
46723,10.1724421,46.6732773,9,2022-03-28T22:00:39Z,2038
46723,10.1726828,46.6734551,7,2022-03-29T02:00:39Z,2055
46723,10.1726851,46.6734553,7,2022-03-29T02:00:39Z,2055
46723,10.1726828,46.6734551,7,2022-03-29T02:00:39Z,2055
46723,10.1734109,46.673326,12,2022-03-29T06:00:39Z,2072
46723,10.1734109,46.673326,12,2022-03-29T06:00:39Z,2072
46723,10.1725863,46.6727968,21,2022-03-29T10:00:56Z,2023
46723,10.1725991,46.6728018,21,2022-03-29T10:00:56Z,2023
46723,10.1725991,46.6728018,21,2022-03-29T10:00:56Z,2023
46723,10.1722492,46.6731959,18,2022-03-29T14:00:39Z,2023
46723,10.1722492,46.6731959,18,2022-03-29T14:00:39Z,2023
46723,10.1722806,46.6734376,12,2022-03-29T18:02:56Z,2038
46723,10.1722806,46.6734376,12,2022-03-29T18:02:56Z,2038
46723,10.1722829,46.673444,12,2022-03-29T18:02:56Z,2038
46723,10.172725,46.6734123,10,2022-03-29T22:00:39Z,2055
46723,10.172725,46.6734123,10,2022-03-29T22:00:39Z,2055
46723,10.1727346,46.6733526,10,2022-03-30T02:00:39Z,2055
46723,10.1727346,46.6733464,10,2022-03-30T02:00:39Z,2055
46723,10.1727346,46.6733526,10,2022-03-30T02:00:39Z,2055
46723,10.1710797,46.672945,10,2022-03-30T06:01:04Z,1948
46723,10.1710797,46.672945,10,2022-03-30T06:01:04Z,1948
46723,10.1705696,46.6725095,13,2022-03-30T10:01:09Z,1900
46723,10.1705696,46.6725095,13,2022-03-30T10:01:09Z,1900
46723,10.1705696,46.6725033,13,2022-03-30T10:01:09Z,1900
46723,10.171294,46.6730307,14,2022-03-30T14:01:08Z,1976
46723,10.171294,46.6730307,14,2022-03-30T14:01:08Z,1976
46723,10.1717477,46.673025,10,2022-03-30T18:00:39Z,2001
46723,10.1717477,46.673025,10,2022-03-30T18:00:39Z,2001
46723,10.17175,46.6730315,10,2022-03-30T18:00:39Z,2001
46723,10.1711413,46.6735243,10,2022-03-30T22:00:39Z,1966
46723,10.1711413,46.6735243,10,2022-03-30T22:00:39Z,1966
46723,10.17114,46.6735329,13,2022-03-31T02:00:39Z,1966
46723,10.1711295,46.6735344,13,2022-03-31T02:00:39Z,1966
46723,10.17114,46.6735329,13,2022-03-31T02:00:39Z,1966
46723,10.1710365,46.6730899,11,2022-03-31T06:00:39Z,1948
46723,10.1710365,46.6730899,11,2022-03-31T06:00:39Z,1948
46723,10.1695461,46.6731659,16,2022-03-31T10:01:38Z,1857
46723,10.1695461,46.6731659,16,2022-03-31T10:01:38Z,1857
46723,10.1695461,46.6731659,16,2022-03-31T10:01:38Z,1857
46723,10.1720003,46.672409,13,2022-03-31T14:00:39Z,1984
46723,10.1720003,46.672409,13,2022-03-31T14:00:39Z,1984
46723,10.1715931,46.6732478,8,2022-03-31T18:00:39Z,1993
46723,10.1715931,46.6732478,8,2022-03-31T18:00:39Z,1993
46723,10.1715931,46.6732478,8,2022-03-31T18:00:39Z,1993
46723,10.1707259,46.6734577,8,2022-03-31T22:00:39Z,1966
46723,10.1707259,46.6734577,8,2022-03-31T22:00:39Z,1966
46723,10.1704875,46.6732925,8,2022-04-01T02:00:39Z,1936
46723,10.1704746,46.6732875,8,2022-04-01T02:00:39Z,1936
46723,10.1704875,46.6732925,8,2022-04-01T02:00:39Z,1936
46723,10.1707892,46.6733936,9,2022-04-01T06:01:02Z,1966
46723,10.1707892,46.6733936,9,2022-04-01T06:01:02Z,1966
46723,10.1703552,46.6733742,23,2022-04-01T10:00:39Z,1936
46723,10.1703658,46.6733666,23,2022-04-01T10:00:39Z,1936
46723,10.1703658,46.6733666,23,2022-04-01T10:00:39Z,1936
46723,10.1711192,46.6732282,13,2022-04-01T14:00:39Z,1966
46723,10.1711192,46.6732282,13,2022-04-01T14:00:39Z,1966
46723,10.1712864,46.6734291,6,2022-04-01T18:00:39Z,1993
46723,10.171297,46.6734277,6,2022-04-01T18:00:39Z,1993
46723,10.171297,46.6734277,6,2022-04-01T18:00:39Z,1993
46723,10.1703308,46.6732012,6,2022-04-01T22:01:08Z,1936
46723,10.1703308,46.6732012,6,2022-04-01T22:01:08Z,1936
46723,10.1703856,46.673249,6,2022-04-02T02:00:39Z,1936
46723,10.1703984,46.6732479,6,2022-04-02T02:00:39Z,1936
46723,10.1703984,46.6732479,6,2022-04-02T02:00:39Z,1936
46723,10.170347,46.6734006,7,2022-04-02T06:00:39Z,1936
46723,10.170347,46.6734006,7,2022-04-02T06:00:39Z,1936
46723,10.1709272,46.6756796,8,2022-04-02T10:00:39Z,1999
46723,10.1709272,46.6756796,8,2022-04-02T10:00:39Z,1999
46723,10.1706301,46.6750731,9,2022-04-02T14:00:39Z,1963
46723,10.1706301,46.6750669,9,2022-04-02T14:00:39Z,1963
46723,10.1706301,46.6750731,9,2022-04-02T14:00:39Z,1963
46723,10.1706008,46.6750776,8,2022-04-02T18:00:39Z,1963
46723,10.1706008,46.6750776,8,2022-04-02T18:00:39Z,1963
46723,10.1706136,46.6750703,9,2022-04-02T22:00:39Z,1963
46723,10.1706113,46.6750639,9,2022-04-02T22:00:39Z,1963
46723,10.1706113,46.6750639,9,2022-04-02T22:00:39Z,1963
46723,10.1705968,46.675116,7,2022-04-03T02:01:08Z,1963
46723,10.1705968,46.675116,7,2022-04-03T02:01:08Z,1963
46723,10.1703084,46.673404,6,2022-04-03T06:00:39Z,1936
46723,10.1703084,46.673404,6,2022-04-03T06:00:39Z,1936
46723,10.1703084,46.673404,6,2022-04-03T06:00:39Z,1936
46723,10.1693636,46.6744222,19,2022-04-03T10:01:08Z,1909
46723,10.1693636,46.6744222,19,2022-04-03T10:01:08Z,1909
46723,10.1704258,46.673065,14,2022-04-03T14:00:56Z,1918
46723,10.1704387,46.67307,14,2022-04-03T14:00:56Z,1918
46723,10.1704387,46.67307,14,2022-04-03T14:00:56Z,1918
46723,10.1709943,46.6731203,5,2022-04-03T18:00:39Z,1948
46723,10.1709943,46.6731203,5,2022-04-03T18:00:39Z,1948
46723,10.1710444,46.6731243,10,2022-04-03T22:00:39Z,1948
46723,10.1710444,46.6731243,10,2022-04-03T22:00:39Z,1948
46723,10.1710338,46.6731319,10,2022-04-03T22:00:39Z,1948
46723,10.1710121,46.6730712,8,2022-04-04T02:01:02Z,1948
46723,10.1710121,46.6730712,8,2022-04-04T02:01:02Z,1948
46723,10.1704861,46.6734863,7,2022-04-04T06:00:39Z,1936
46723,10.1704885,46.6734866,7,2022-04-04T06:00:39Z,1936
46723,10.1704861,46.6734863,7,2022-04-04T06:00:39Z,1936
46723,10.169449,46.674358,21,2022-04-04T10:01:02Z,1909
46723,10.169449,46.674358,21,2022-04-04T10:01:02Z,1909
46723,10.1700514,46.6755324,16,2022-04-04T14:00:39Z,1952
46723,10.1700537,46.6755327,16,2022-04-04T14:00:39Z,1952
46723,10.1700514,46.6755324,16,2022-04-04T14:00:39Z,1952
46723,10.1706289,46.6734896,9,2022-04-04T18:00:39Z,1936
46723,10.1706289,46.6734896,9,2022-04-04T18:00:39Z,1936
46723,10.1705785,46.6733428,10,2022-04-04T22:01:02Z,1936
46723,10.1705656,46.6733439,10,2022-04-04T22:01:02Z,1936
46723,10.1705785,46.6733428,10,2022-04-04T22:01:02Z,1936
46723,10.1710319,46.673114,8,2022-04-05T02:00:39Z,1948
46723,10.1710319,46.673114,8,2022-04-05T02:00:39Z,1948
46723,10.1710969,46.6725794,13,2022-04-05T06:01:32Z,1929
46723,10.1710969,46.6725794,13,2022-04-05T06:01:32Z,1929
46723,10.171084,46.6725805,13,2022-04-05T06:01:32Z,1929
46723,10.170258,46.6727264,18,2022-04-05T10:00:39Z,1918
46723,10.170258,46.6727264,18,2022-04-05T10:00:39Z,1918
46723,10.170433,46.674159,18,2022-04-05T14:00:39Z,1950
46723,10.170433,46.674159,18,2022-04-05T14:00:39Z,1950
46723,10.170433,46.674159,18,2022-04-05T14:00:39Z,1950
46723,10.1718259,46.6731998,12,2022-04-05T18:00:39Z,2017
46723,10.1718259,46.6731998,12,2022-04-05T18:00:39Z,2017
46723,10.1716392,46.6733519,13,2022-04-05T22:01:04Z,1993
46723,10.1716392,46.6733519,13,2022-04-05T22:01:04Z,1993
46723,10.1716392,46.6733519,13,2022-04-05T22:01:04Z,1993
46723,10.1715123,46.6732631,9,2022-04-06T02:00:39Z,1993
46723,10.1715123,46.6732631,9,2022-04-06T02:00:39Z,1993
46723,10.1723481,46.6738359,10,2022-04-06T06:00:39Z,2049
46723,10.172361,46.6738409,10,2022-04-06T06:00:39Z,2049
46723,10.172361,46.6738409,10,2022-04-06T06:00:39Z,2049
46723,10.1705611,46.6720598,20,2022-04-06T10:00:39Z,1890
46723,10.1705611,46.6720598,20,2022-04-06T10:00:39Z,1890
46723,10.1718068,46.6726713,20,2022-04-06T14:00:58Z,1984
46723,10.1718068,46.6726775,20,2022-04-06T14:00:58Z,1984
46723,10.1718068,46.6726775,20,2022-04-06T14:00:58Z,1984
46723,10.1721315,46.6728799,8,2022-04-06T18:00:39Z,2001
46723,10.1721315,46.6728799,8,2022-04-06T18:00:39Z,2001
46723,10.1721761,46.6727634,10,2022-04-06T22:00:39Z,2023
46723,10.1721889,46.6727684,10,2022-04-06T22:00:39Z,2023
46723,10.1721889,46.6727684,10,2022-04-06T22:00:39Z,2023
46723,10.1721213,46.6727588,13,2022-04-07T02:00:39Z,2001
46723,10.1721213,46.6727588,13,2022-04-07T02:00:39Z,2001
46723,10.1718908,46.6728565,12,2022-04-07T06:00:39Z,2001
46723,10.1718908,46.6728565,12,2022-04-07T06:00:39Z,2001
46723,10.1718932,46.6728629,12,2022-04-07T06:00:39Z,2001
46723,10.1718932,46.6728629,19,2022-04-07T10:01:38Z,2001
46723,10.1718932,46.6728629,19,2022-04-07T10:01:38Z,2001
46723,10.170132,46.673887,13,2022-04-07T14:00:39Z,1922
46723,10.1701343,46.6738934,13,2022-04-07T14:00:39Z,1922
46723,10.170132,46.673887,13,2022-04-07T14:00:39Z,1922
46723,10.1705504,46.6735361,8,2022-04-07T18:00:39Z,1936
46723,10.1705504,46.6735361,8,2022-04-07T18:00:39Z,1936
46723,10.1705188,46.6735218,9,2022-04-07T22:01:38Z,1936
46723,10.1705188,46.673528,9,2022-04-07T22:01:38Z,1936
46723,10.1705188,46.673528,9,2022-04-07T22:01:38Z,1936
46723,10.1703773,46.6734111,9,2022-04-08T02:01:32Z,1936
46723,10.1703773,46.6734111,9,2022-04-08T02:01:32Z,1936
46723,10.171305,46.6722835,16,2022-04-08T06:00:39Z,1958
46723,10.171305,46.6722835,16,2022-04-08T06:00:39Z,1958
46723,10.171305,46.6722835,16,2022-04-08T06:00:39Z,1958
46723,10.1705776,46.6719762,23,2022-04-08T10:00:39Z,1890
46723,10.1720916,46.6729476,16,2022-04-08T14:00:39Z,2001
46723,10.1721022,46.67294,16,2022-04-08T14:00:39Z,2001
46723,10.1723228,46.6728024,12,2022-04-08T18:00:58Z,2023
46723,10.1720514,46.6732673,8,2022-04-08T22:03:00Z,2017
46723,10.1720643,46.6732662,8,2022-04-08T22:03:00Z,2017
46723,10.1718888,46.6732212,11,2022-04-09T02:00:39Z,2017
46723,10.1703787,46.6732174,9,2022-04-09T06:01:08Z,1936
46723,10.170381,46.6732238,9,2022-04-09T06:01:08Z,1936
46723,10.1696053,46.6752815,17,2022-04-09T10:02:02Z,1933
46723,10.1699397,46.6740913,11,2022-04-09T14:01:10Z,1922
46723,10.1699397,46.6740913,11,2022-04-09T14:01:10Z,1922
46723,10.1701793,46.6752845,7,2022-04-09T18:00:39Z,1952
46723,10.1701767,46.6753204,10,2022-04-09T22:00:39Z,1952
46723,10.1701638,46.6753215,10,2022-04-09T22:00:39Z,1952
46723,10.170179,46.6753391,7,2022-04-10T02:00:39Z,1952
46723,10.1706816,46.6750253,8,2022-04-10T06:00:39Z,1963
46723,10.1706816,46.6750253,8,2022-04-10T06:00:39Z,1963
46723,10.1700906,46.6751297,24,2022-04-10T10:01:08Z,1941
46723,10.1706691,46.6743609,16,2022-04-10T14:00:37Z,1958
46723,10.1706691,46.6743609,16,2022-04-10T14:00:37Z,1958
46723,10.1717744,46.6739388,3,2022-04-10T18:00:37Z,2029
46723,10.1720141,46.6739903,7,2022-04-10T22:00:37Z,2029
46723,10.1720013,46.6739915,7,2022-04-10T22:00:37Z,2029
46723,10.1720395,46.6736292,7,2022-04-11T02:00:37Z,2017
46723,10.1724659,46.6739853,7,2022-04-11T06:01:00Z,2049
46723,10.172453,46.6739803,7,2022-04-11T06:01:00Z,2049
46723,10.1712767,46.6753093,31,2022-04-11T10:00:37Z,2015
46723,10.1706665,46.673144,23,2022-04-11T14:00:37Z,1918
46723,10.1706642,46.6731437,23,2022-04-11T14:00:37Z,1918
46723,10.1718806,46.6732229,10,2022-04-11T18:00:37Z,2017
46723,10.1721938,46.6738498,8,2022-04-11T22:00:37Z,2049
46723,10.1721915,46.6738495,8,2022-04-11T22:00:37Z,2049
46723,10.1720095,46.6739589,10,2022-04-12T02:00:37Z,2029
46723,10.1726099,46.673838,14,2022-04-12T06:00:37Z,2049
46723,10.1726076,46.6738316,14,2022-04-12T06:00:37Z,2049
46723,10.1739055,46.673348,33,2022-04-12T10:00:37Z,2087
46723,10.173395,46.6735657,28,2022-04-12T14:00:37Z,2072
46723,10.1733822,46.6735607,28,2022-04-12T14:00:37Z,2072
46723,10.1733947,46.6731452,13,2022-04-12T18:00:37Z,2063
46723,10.1733479,46.6731442,9,2022-04-12T22:00:37Z,2063
46723,10.1733584,46.6731427,9,2022-04-12T22:00:37Z,2063
46723,10.1728909,46.6735294,6,2022-04-13T02:00:37Z,2055
46723,10.1749081,46.6718438,23,2022-04-13T06:00:37Z,2102
46723,10.174921,46.6718488,23,2022-04-13T06:00:37Z,2102
46723,10.1727333,46.672306,36,2022-04-13T10:00:37Z,2030
46723,10.1720567,46.6728748,28,2022-04-13T14:01:00Z,2001
46723,10.1720696,46.6728736,28,2022-04-13T14:01:00Z,2001
46723,10.1720771,46.673987,12,2022-04-13T18:00:37Z,2029
46723,10.1719033,46.6738973,9,2022-04-13T22:00:37Z,2029
46723,10.1719056,46.6738975,9,2022-04-13T22:00:37Z,2029
46723,10.1720145,46.6739419,8,2022-04-14T02:00:37Z,2029
46723,10.1745926,46.6723767,15,2022-04-14T06:01:02Z,2094
46723,10.1745797,46.6723717,15,2022-04-14T06:01:02Z,2094
46723,10.1738544,46.6703113,31,2022-04-14T10:02:00Z,1992
46723,10.1736942,46.6703086,24,2022-04-14T14:00:37Z,1992
46723,10.173707,46.6703136,24,2022-04-14T14:00:37Z,1992
46723,10.1738481,46.6713305,13,2022-04-14T18:00:37Z,2046
46723,10.1750097,46.671726,12,2022-04-14T22:00:37Z,2085
46723,10.1749991,46.6717274,12,2022-04-14T22:00:37Z,2085
46723,10.1749002,46.6719575,8,2022-04-15T02:00:37Z,2102
46723,10.173528,46.6704128,18,2022-04-15T06:02:36Z,1979
46723,10.1735385,46.6704113,18,2022-04-15T06:02:36Z,1979
46723,10.1722892,46.6723816,30,2022-04-15T10:00:37Z,2007
46723,10.1729616,46.6702087,19,2022-04-15T14:00:37Z,1958
46723,10.172951,46.6702102,19,2022-04-15T14:00:37Z,1958
46723,10.1728919,46.6717796,10,2022-04-15T18:00:37Z,2016
46723,10.1720735,46.672718,11,2022-04-15T22:00:37Z,2001
46723,10.1720758,46.6727183,11,2022-04-15T22:00:37Z,2001
46723,10.1722638,46.6724156,9,2022-04-16T02:01:24Z,2007
46723,10.1731177,46.6737734,12,2022-04-16T06:01:06Z,2065
46723,10.1731177,46.6737796,12,2022-04-16T06:01:06Z,2065
46723,10.1738359,46.6701795,27,2022-04-16T10:01:08Z,1975
46723,10.1760469,46.6692446,19,2022-04-16T14:00:37Z,1991
46723,10.1760364,46.6692522,19,2022-04-16T14:00:37Z,1991
46723,10.1734261,46.671301,7,2022-04-16T18:00:37Z,2023
46723,10.1726225,46.6726079,7,2022-04-16T22:00:37Z,2007
46723,10.172612,46.6726094,7,2022-04-16T22:00:37Z,2007
46723,10.1724099,46.6727429,8,2022-04-17T02:02:32Z,2023
46723,10.1730321,46.6711276,10,2022-04-17T06:02:06Z,1982
46723,10.1730215,46.6711352,10,2022-04-17T06:02:06Z,1982
46723,10.174136,46.6691405,29,2022-04-17T10:00:39Z,1962
46723,10.1719298,46.6721072,10,2022-04-17T18:00:39Z,1968
46723,10.171878,46.6722035,7,2022-04-17T22:00:39Z,1968
46723,10.1718886,46.6721959,7,2022-04-17T22:00:39Z,1968
46723,10.1719967,46.6724297,6,2022-04-18T02:00:39Z,1984
46723,10.172703,46.6721906,8,2022-04-18T06:02:00Z,2016
46723,10.1726924,46.672192,8,2022-04-18T06:02:00Z,2016
46723,10.1814167,46.6598886,20,2022-04-18T10:03:03Z,2020
46723,10.1783981,46.6636965,27,2022-04-18T14:00:39Z,1914
46723,10.1783981,46.6636965,27,2022-04-18T14:00:39Z,1914
46723,10.1784508,46.6636894,13,2022-04-18T18:00:39Z,1914
46723,10.1784614,46.6636386,9,2022-04-18T22:01:08Z,1914
46723,10.1784614,46.6636448,9,2022-04-18T22:01:08Z,1914
46723,10.1784043,46.6636647,9,2022-04-19T02:02:36Z,1914
46723,10.1784043,46.6636647,6,2022-04-19T06:01:39Z,1914
46723,10.1784043,46.6636647,6,2022-04-19T06:01:39Z,1914
46723,10.1784043,46.6636647,14,2022-04-19T10:01:39Z,1914
46723,10.17841,46.6636494,8,2022-04-19T14:02:06Z,1914
46723,10.17841,46.6636433,8,2022-04-19T14:02:06Z,1914
46723,10.1783783,46.6635179,4,2022-04-19T18:00:37Z,1914
46723,10.1785919,46.663503,1,2022-04-19T22:01:36Z,1925
46723,10.1785919,46.6634968,1,2022-04-19T22:01:36Z,1925
46723,10.1784485,46.6636398,0,2022-04-20T02:01:54Z,1914
46723,10.1784485,46.6636398,0,2022-04-20T06:01:39Z,1914
46723,10.1784485,46.6636398,0,2022-04-20T06:01:39Z,1914
46723,10.1784485,46.6636398,14,2022-04-20T10:01:39Z,1914
46723,10.1783935,46.6636713,8,2022-04-20T14:01:54Z,1914
46723,10.178404,46.6636637,8,2022-04-20T14:01:54Z,1914
46723,10.178404,46.6636637,0,2022-04-20T18:01:38Z,1914
46723,10.1784917,46.6636739,1,2022-04-20T22:03:00Z,1914
46723,10.1785046,46.6636789,1,2022-04-20T22:03:00Z,1914
46723,10.1785046,46.6636789,1,2022-04-21T02:01:38Z,1914
46723,10.1785046,46.6636789,0,2022-04-21T06:01:38Z,1914
46723,10.1785046,46.6636789,0,2022-04-21T06:01:38Z,1914
46723,10.1785046,46.6636789,3,2022-04-21T10:01:38Z,1914
46723,10.1785046,46.6636789,3,2022-04-21T14:01:38Z,1914
46723,10.1785046,46.6636789,3,2022-04-21T14:01:38Z,1914
46723,10.1785046,46.6636789,2,2022-04-21T18:01:38Z,1914
46723,10.1785046,46.6636789,0,2022-04-21T22:01:38Z,1914
46723,10.1785046,46.6636789,0,2022-04-21T22:01:38Z,1914
46723,10.1785046,46.6636789,-1,2022-04-22T02:01:38Z,1914
46723,10.1785046,46.6636789,0,2022-04-22T06:01:39Z,1914
46723,10.1785046,46.6636789,0,2022-04-22T06:01:39Z,1914
46723,10.1785046,46.6636789,2,2022-04-22T10:01:39Z,1914
46723,10.1785046,46.6636789,3,2022-04-22T14:01:39Z,1914
46723,10.1785046,46.6636789,3,2022-04-22T14:01:39Z,1914
46723,10.1785046,46.6636789,1,2022-04-22T18:01:39Z,1914
46723,10.1785046,46.6636789,0,2022-04-22T22:01:39Z,1914
46723,10.1785046,46.6636789,0,2022-04-22T22:01:39Z,1914
46723,10.1785306,46.6634553,0,2022-04-23T02:01:36Z,1925
46723,10.1784861,46.6635904,1,2022-04-23T06:03:00Z,1914
46723,10.178473200000001,46.6635854,1,2022-04-23T06:03:00Z,1914
46723,10.178473200000001,46.6635854,6,2022-04-23T10:01:39Z,1914
46723,10.1784587,46.663656,5,2022-04-23T14:00:54Z,1914
46723,10.1784564,46.6636557,5,2022-04-23T14:00:54Z,1914
46723,10.1784709,46.6636406,2,2022-04-23T18:01:06Z,1914
46723,10.1784769,46.6635893,0,2022-04-23T22:01:36Z,1914
46723,10.178464,46.6635843,0,2022-04-23T22:01:36Z,1914
46723,10.1784815,46.6636084,-1,2022-04-24T02:01:08Z,1914
46723,10.1784963,46.6636004,0,2022-04-24T06:01:08Z,1914
46723,10.1785069,46.6635989,0,2022-04-24T06:01:08Z,1914
46723,10.1784713,46.6636354,8,2022-04-24T10:03:00Z,1914
46723,10.1783796,46.663645,4,2022-04-24T14:00:37Z,1914
46723,10.1783796,46.663645,4,2022-04-24T14:00:37Z,1914
46723,10.1783773,46.6635152,0,2022-04-24T18:00:37Z,1914
46723,10.1783796,46.663645,0,2022-04-24T22:02:36Z,1914
46723,10.1783773,46.6636386,0,2022-04-24T22:02:36Z,1914
46723,10.1784192,46.6636567,0,2022-04-25T02:01:24Z,1914
46723,10.1782675,46.6636902,1,2022-04-25T06:03:00Z,1914
46723,10.1782781,46.6636827,1,2022-04-25T06:03:00Z,1914
46723,10.1784215,46.6636199,11,2022-04-25T10:01:00Z,1914
46723,10.1783308,46.663583,5,2022-04-25T14:01:06Z,1914
46723,10.1783414,46.6635754,5,2022-04-25T14:01:06Z,1914
46723,10.1783005,46.6635601,0,2022-04-25T18:02:06Z,1914
46723,10.1783889,46.6636214,0,2022-04-25T22:00:54Z,1914
46723,10.1783994,46.66362,0,2022-04-25T22:00:54Z,1914
46723,10.17841,46.6636371,-1,2022-04-26T02:03:00Z,1914
46723,10.17841,46.6636371,2,2022-04-26T06:01:39Z,1914
46723,10.17841,46.6636371,2,2022-04-26T06:01:39Z,1914
46723,10.1784076,46.6636183,7,2022-04-26T10:03:00Z,1914
46723,10.1784307,46.6636827,12,2022-04-26T14:00:38Z,1914
46723,10.178433,46.663683,12,2022-04-26T14:00:38Z,1914
46723,10.1784251,46.6637226,0,2022-04-26T18:00:37Z,1914
46723,10.1783282,46.6636743,-1,2022-04-26T20:05:38Z,1914
46723,10.1783259,46.6636679,-1,2022-04-26T20:05:38Z,1914
46723,10.1783239,46.6635945,0,2022-04-26T20:35:33Z,1914
46723,10.1783262,46.6635948,0,2022-04-26T20:35:33Z,1914
46723,10.1783645,46.6636583,0,2022-04-26T21:08:08Z,1914
46723,10.1783539,46.6636597,0,2022-04-26T21:08:08Z,1914
46723,10.1782491,46.6636141,0,2022-04-26T21:35:54Z,1914
46723,10.1782619,46.6636191,0,2022-04-26T21:35:54Z,1914
46723,10.1783585,46.6635985,-1,2022-04-26T22:05:23Z,1914
46723,10.1783585,46.6635985,-1,2022-04-26T22:05:23Z,1914
46723,10.1783579,46.6636214,-1,2022-04-26T22:35:27Z,1914
46723,10.1783473,46.663629,-1,2022-04-26T22:35:27Z,1914
46723,10.1785102,46.6636637,-1,2022-04-26T23:05:38Z,1914
46723,10.1785207,46.6636561,-1,2022-04-26T23:05:38Z,1914
46723,10.1783493,46.6636468,-1,2022-04-26T23:35:24Z,1914
46723,10.1783493,46.663653,-1,2022-04-26T23:35:24Z,1914
46723,10.1783401,46.6636828,-1,2022-04-27T00:05:22Z,1914
46723,10.1783401,46.6636828,-1,2022-04-27T00:05:22Z,1914
46723,10.178198,46.6636011,-1,2022-04-27T00:35:24Z,1914
46723,10.1782441,46.6636188,-1,2022-04-27T01:05:36Z,1914
46723,10.178319,46.6636424,-1,2022-04-27T01:35:22Z,1914
46723,10.1784634,46.6636873,-1,2022-04-27T02:08:06Z,1914
46723,10.1784634,46.6636873,-1,2022-04-27T06:01:38Z,1914
46723,10.1783654,46.663661,5,2022-04-27T10:02:36Z,1914
